mes,producto_id,ubicacion_id,dias,demanda_unidades,inventario_promedio,inventario_disponible_cierre,entradas_unidades,dias_quiebre,demanda_insatisfecha,costo_unitario,demanda_diaria_prom,rotacion_mensual,dias_inventario,fill_rate,valor_demanda,valor_inventario_promedio
2023-01-01,MED-001,LOC-001,31,2042,1228.4194,999,2181,0,0,450,65.871,1.6623,18.6489,1.0,918900,552788.7097
2023-01-01,MED-001,LOC-002,31,1541,978.6774,783,1552,0,0,450,49.7097,1.5746,19.6879,1.0,693450,440404.8387
2023-01-01,MED-001,LOC-003,31,1171,764.9032,761,1243,0,0,450,37.7742,1.5309,20.2494,1.0,526950,344206.4516
2023-01-01,MED-001,LOC-004,31,936,932.0968,827,960,0,0,450,30.1935,1.0042,30.8707,1.0,421200,419443.5484
2023-01-01,MED-001,LOC-005,31,1022,560.0323,407,955,0,0,450,32.9677,1.8249,16.9873,1.0,459900,252014.5161
2023-01-01,MED-002,LOC-001,31,1725,1707.6129,1409,1855,0,0,470,55.6452,1.0102,30.6875,1.0,810750,802578.0645
2023-01-01,MED-002,LOC-002,31,1295,911.6774,723,1415,0,0,470,41.7742,1.4205,21.8239,1.0,608650,428488.3871
2023-01-01,MED-002,LOC-003,31,1023,693.3871,459,938,0,0,470,33.0,1.4754,21.0117,1.0,480810,325891.9355
2023-01-01,MED-002,LOC-004,31,731,725.129,636,814,0,0,470,23.5806,1.0081,30.751,1.0,343570,340810.6452
2023-01-01,MED-002,LOC-005,31,912,799.3548,695,1029,0,0,470,29.4194,1.1409,27.1711,1.0,428640,375696.7742
2023-01-01,MED-003,LOC-001,31,1368,1328.9032,1087,1321,0,0,380,44.129,1.0294,30.114,1.0,519840,504983.2258
2023-01-01,MED-003,LOC-002,31,1017,713.8387,650,1122,0,0,380,32.8065,1.4247,21.7591,1.0,386460,271258.7097
2023-01-01,MED-003,LOC-003,31,813,671.8387,634,809,0,0,380,26.2258,1.2101,25.6175,1.0,308940,255298.7097
2023-01-01,MED-003,LOC-004,31,600,591.8065,549,665,0,0,380,19.3548,1.0138,30.5767,1.0,228000,224886.4516
2023-01-01,MED-003,LOC-005,31,727,534.0645,456,669,0,0,380,23.4516,1.3613,22.773,1.0,276260,202944.5161
2023-01-01,MED-004,LOC-001,31,1071,507.4839,479,1087,2,47,520,34.5484,2.1104,14.6891,0.9561,556920,263891.6129
2023-01-01,MED-004,LOC-002,31,826,755.0,666,891,0,0,520,26.6452,1.094,28.3354,1.0,429520,392600.0
2023-01-01,MED-004,LOC-003,31,639,485.0645,445,583,0,0,520,20.6129,1.3174,23.5321,1.0,332280,252233.5484
2023-01-01,MED-004,LOC-004,31,483,314.7419,321,500,0,0,520,15.5806,1.5346,20.2008,1.0,251160,163665.8065
2023-01-01,MED-004,LOC-005,31,557,320.5806,302,594,0,0,520,17.9677,1.7375,17.842,1.0,289640,166701.9355
2023-01-01,MED-005,LOC-001,31,402,189.9677,231,428,3,32,2800,12.9677,2.1161,14.6493,0.9204,1125600,531909.6774
2023-01-01,MED-005,LOC-002,31,306,175.0645,213,276,0,0,2800,9.871,1.7479,17.7353,1.0,856800,490180.6452
2023-01-01,MED-005,LOC-003,31,243,95.4839,136,244,7,44,2800,7.8387,2.5449,12.1811,0.8189,680400,267354.8387
2023-01-01,MED-005,LOC-004,31,185,87.8387,102,171,0,0,2800,5.9677,2.1061,14.7189,1.0,518000,245948.3871
2023-01-01,MED-005,LOC-005,31,216,63.0323,171,222,10,71,2800,6.9677,3.4268,9.0463,0.6713,604800,176490.3226
2023-01-01,MED-006,LOC-001,31,342,139.4516,185,311,3,27,2900,11.0323,2.4525,12.6404,0.9211,991800,404409.6774
2023-01-01,MED-006,LOC-002,31,274,168.1935,218,254,0,0,2900,8.8387,1.6291,19.0292,1.0,794600,487761.2903
2023-01-01,MED-006,LOC-003,31,219,87.6452,123,210,4,26,2900,7.0645,2.4987,12.4064,0.8813,635100,254170.9677
2023-01-01,MED-006,LOC-004,31,164,109.6452,124,174,0,0,2900,5.2903,1.4957,20.7256,1.0,475600,317970.9677
2023-01-01,MED-006,LOC-005,31,195,105.871,119,180,0,0,2900,6.2903,1.8419,16.8308,1.0,565500,307025.8065
2023-01-01,MED-007,LOC-001,31,1428,1103.3226,802,1480,0,0,650,46.0645,1.2943,23.9517,1.0,928200,717159.6774
2023-01-01,MED-007,LOC-002,31,1075,825.7419,545,1174,0,0,650,34.6774,1.3019,23.8121,1.0,698750,536732.2581
2023-01-01,MED-007,LOC-003,31,867,846.5484,618,849,0,0,650,27.9677,1.0242,30.2687,1.0,563550,550256.4516
2023-01-01,MED-007,LOC-004,31,660,550.5161,401,676,0,0,650,21.2903,1.1989,25.8576,1.0,429000,357835.4839
2023-01-01,MED-007,LOC-005,31,761,586.2258,433,808,0,0,650,24.5484,1.2981,23.8804,1.0,494650,381046.7742
2023-01-01,MED-008,LOC-001,31,676,399.0323,332,683,0,0,1850,21.8065,1.6941,18.2988,1.0,1250600,738209.6774
2023-01-01,MED-008,LOC-002,31,529,526.6774,400,505,0,0,1850,17.0645,1.0044,30.8639,1.0,978650,974353.2258
2023-01-01,MED-008,LOC-003,31,401,286.0645,258,398,0,0,1850,12.9355,1.4018,22.1147,1.0,741850,529219.3548
2023-01-01,MED-008,LOC-004,31,299,225.0645,180,293,0,0,1850,9.6452,1.3285,23.3344,1.0,553150,416369.3548
2023-01-01,MED-008,LOC-005,31,339,183.0,186,381,0,0,1850,10.9355,1.8525,16.7345,1.0,627150,338550.0
2023-01-01,MED-009,LOC-001,31,1823,2080.3871,1561,2008,0,0,1200,58.8065,0.8763,35.3769,1.0,2187600,2496464.5161
2023-01-01,MED-009,LOC-002,31,1419,1074.1613,854,1527,0,0,1200,45.7742,1.321,23.4665,1.0,1702800,1288993.5484
2023-01-01,MED-009,LOC-003,31,1068,1087.3226,896,1146,0,0,1200,34.4516,0.9822,31.5609,1.0,1281600,1304787.0968
2023-01-01,MED-009,LOC-004,31,794,857.7097,600,715,0,0,1200,25.6129,0.9257,33.4874,1.0,952800,1029251.6129
2023-01-01,MED-009,LOC-005,31,951,522.3226,412,939,0,0,1200,30.6774,1.8207,17.0263,1.0,1141200,626787.0968
2023-01-01,MED-010,LOC-001,31,1027,858.2258,873,1070,0,0,950,33.129,1.1967,25.9056,1.0,975650,815314.5161
2023-01-01,MED-010,LOC-002,31,719,585.0323,535,656,0,0,950,23.1935,1.229,25.2239,1.0,683050,555780.6452
2023-01-01,MED-010,LOC-003,31,567,331.9032,388,570,0,0,950,18.2903,1.7083,18.1464,1.0,538650,315308.0645
2023-01-01,MED-010,LOC-004,31,455,307.5161,322,463,0,0,950,14.6774,1.4796,20.9516,1.0,432250,292140.3226
2023-01-01,MED-010,LOC-005,31,500,202.0645,353,530,5,74,950,16.129,2.4745,12.528,0.852,475000,191961.2903
2023-01-01,MED-011,LOC-001,31,927,609.4194,723,1006,0,0,900,29.9032,1.5211,20.3797,1.0,834300,548477.4194
2023-01-01,MED-011,LOC-002,31,681,434.4839,361,655,0,0,900,21.9677,1.5674,19.7783,1.0,612900,391035.4839
2023-01-01,MED-011,LOC-003,31,524,280.8065,272,523,0,0,900,16.9032,1.8661,16.6126,1.0,471600,252725.8065
2023-01-01,MED-011,LOC-004,31,404,251.129,271,394,0,0,900,13.0323,1.6087,19.2698,1.0,363600,226016.129
2023-01-01,MED-011,LOC-005,31,476,226.6129,279,475,1,15,900,15.3548,2.1005,14.7584,0.9685,428400,203951.6129
2023-01-01,MED-012,LOC-001,31,806,477.9677,520,742,0,0,3500,26.0,1.6863,18.3834,1.0,2821000,1672887.0968
2023-01-01,MED-012,LOC-002,31,624,414.0968,457,604,0,0,3500,20.129,1.5069,20.5721,1.0,2184000,1449338.7097
2023-01-01,MED-012,LOC-003,31,469,212.1613,287,474,3,40,3500,15.129,2.2106,14.0235,0.9147,1641500,742564.5161
2023-01-01,MED-012,LOC-004,31,373,137.9677,193,337,5,56,3500,12.0323,2.7035,11.4665,0.8499,1305500,482887.0968
2023-01-01,MED-012,LOC-005,31,435,226.8387,272,477,1,5,3500,14.0323,1.9177,16.1655,0.9885,1522500,793935.4839
2023-01-01,MED-013,LOC-001,31,732,455.7097,438,763,0,0,2100,23.6129,1.6063,19.2992,1.0,1537200,956990.3226
2023-01-01,MED-013,LOC-002,31,549,402.0645,477,616,0,0,2100,17.7097,1.3655,22.7031,1.0,1152900,844335.4839
2023-01-01,MED-013,LOC-003,31,409,240.8387,258,416,0,0,2100,13.1935,1.6982,18.2543,1.0,858900,505761.2903
2023-01-01,MED-013,LOC-004,31,329,234.0645,209,310,0,0,2100,10.6129,1.4056,22.0547,1.0,690900,491535.4839
2023-01-01,MED-013,LOC-005,31,387,332.129,339,401,0,0,2100,12.4839,1.1652,26.6047,1.0,812700,697470.9677
2023-01-01,MED-014,LOC-001,31,449,288.9677,212,448,0,0,4200,14.4839,1.5538,19.951,1.0,1885800,1213664.5161
2023-01-01,MED-014,LOC-002,31,349,321.2581,260,371,0,0,4200,11.2581,1.0864,28.5358,1.0,1465800,1349283.871
2023-01-01,MED-014,LOC-003,31,266,211.129,178,287,0,0,4200,8.5806,1.2599,24.6053,1.0,1117200,886741.9355
2023-01-01,MED-014,LOC-004,31,198,146.0968,119,204,0,0,4200,6.3871,1.3553,22.8737,1.0,831600,613606.4516
2023-01-01,MED-014,LOC-005,31,238,197.5161,173,250,0,0,4200,7.6774,1.205,25.7269,1.0,999600,829567.7419
2023-01-01,MED-015,LOC-001,31,557,384.871,286,629,0,0,2600,17.9677,1.4472,21.4201,1.0,1448200,1000664.5161
2023-01-01,MED-015,LOC-002,31,411,293.6774,242,446,0,0,2600,13.2581,1.3995,22.1509,1.0,1068600,763561.2903
2023-01-01,MED-015,LOC-003,31,321,172.1613,138,305,0,0,2600,10.3548,1.8645,16.6262,1.0,834600,447619.3548
2023-01-01,MED-015,LOC-004,31,245,234.5484,197,275,0,0,2600,7.9032,1.0446,29.6776,1.0,637000,609825.8065
2023-01-01,MED-015,LOC-005,31,277,204.7419,154,300,0,0,2600,8.9355,1.3529,22.9134,1.0,720200,532329.0323
2023-02-01,MED-001,LOC-001,28,1645,1418.3929,1197,1882,0,0,450,58.75,1.1598,24.1429,1.0,740250,638276.7857
2023-02-01,MED-001,LOC-002,28,1258,1269.1071,997,1534,0,0,450,44.9286,0.9912,28.2472,1.0,566100,571098.2143
2023-02-01,MED-001,LOC-003,28,1056,1050.7143,849,1172,0,0,450,37.7143,1.005,27.8598,1.0,475200,472821.4286
2023-02-01,MED-001,LOC-004,28,771,1144.7143,949,925,0,0,450,27.5357,0.6735,41.572,1.0,346950,515121.4286
2023-02-01,MED-001,LOC-005,28,900,789.7143,590,1100,0,0,450,32.1429,1.1397,24.5689,1.0,405000,355371.4286
2023-02-01,MED-002,LOC-001,28,1505,1942.1071,1775,1872,0,0,470,53.75,0.7749,36.1322,1.0,707350,912790.3571
2023-02-01,MED-002,LOC-002,28,1105,1046.6786,920,1341,0,0,470,39.4643,1.0557,26.5222,1.0,519350,491938.9286
2023-02-01,MED-002,LOC-003,28,854,605.4286,500,902,0,0,470,30.5,1.4106,19.8501,1.0,401380,284551.4286
2023-02-01,MED-002,LOC-004,28,671,845.4286,650,748,0,0,470,23.9643,0.7937,35.2787,1.0,315370,397351.4286
2023-02-01,MED-002,LOC-005,28,750,861.8214,695,773,0,0,470,26.7857,0.8702,32.1747,1.0,352500,405056.0714
2023-02-01,MED-003,LOC-001,28,1145,1335.2857,1353,1429,0,0,380,40.8929,0.8575,32.6533,1.0,435100,507408.5714
2023-02-01,MED-003,LOC-002,28,905,802.0,728,948,0,0,380,32.3214,1.1284,24.8133,1.0,343900,304760.0
2023-02-01,MED-003,LOC-003,28,656,763.8214,696,698,0,0,380,23.4286,0.8588,32.6021,1.0,249280,290252.1429
2023-02-01,MED-003,LOC-004,28,507,620.4643,569,547,0,0,380,18.1071,0.8171,34.2663,1.0,192660,235776.4286
2023-02-01,MED-003,LOC-005,28,577,563.5,501,623,0,0,380,20.6071,1.024,27.3449,1.0,219260,214130.0
2023-02-01,MED-004,LOC-001,28,905,716.2857,635,1065,0,0,520,32.3214,1.2635,22.1613,1.0,470600,372468.5714
2023-02-01,MED-004,LOC-002,28,690,736.1786,848,829,0,0,520,24.6429,0.9373,29.8739,1.0,358800,382812.8571
2023-02-01,MED-004,LOC-003,28,525,587.25,517,566,0,0,520,18.75,0.894,31.32,1.0,273000,305370.0
2023-02-01,MED-004,LOC-004,28,413,452.9643,342,455,0,0,520,14.75,0.9118,30.7094,1.0,214760,235541.4286
2023-02-01,MED-004,LOC-005,28,475,341.3571,298,495,0,0,520,16.9643,1.3915,20.1221,1.0,247000,177505.7143
2023-02-01,MED-005,LOC-001,28,341,225.4643,264,382,0,0,2800,12.1786,1.5124,18.5132,1.0,954800,631300.0
2023-02-01,MED-005,LOC-002,28,257,217.8929,254,314,0,0,2800,9.1786,1.1795,23.7393,1.0,719600,610100.0
2023-02-01,MED-005,LOC-003,28,186,139.9286,167,216,0,0,2800,6.6429,1.3292,21.0645,1.0,520800,391800.0
2023-02-01,MED-005,LOC-004,28,156,89.2857,133,191,0,0,2800,5.5714,1.7472,16.0256,1.0,436800,250000.0
2023-02-01,MED-005,LOC-005,28,172,203.3214,187,193,0,0,2800,6.1429,0.846,33.0988,1.0,481600,569300.0
2023-02-01,MED-006,LOC-001,28,302,143.0714,233,341,2,19,2900,10.7857,2.1108,13.2649,0.9371,875800,414907.1429
2023-02-01,MED-006,LOC-002,28,235,194.6071,265,280,0,0,2900,8.3929,1.2076,23.1872,1.0,681500,564360.7143
2023-02-01,MED-006,LOC-003,28,180,139.6071,154,222,0,0,2900,6.4286,1.2893,21.7167,1.0,522000,404860.7143
2023-02-01,MED-006,LOC-004,28,136,106.3571,127,140,0,0,2900,4.8571,1.2787,21.8971,1.0,394400,308435.7143
2023-02-01,MED-006,LOC-005,28,154,118.1429,148,180,0,0,2900,5.5,1.3035,21.4805,1.0,446600,342614.2857
2023-02-01,MED-007,LOC-001,28,1193,1256.3929,971,1378,0,0,650,42.6071,0.9495,29.4878,1.0,775450,816655.3571
2023-02-01,MED-007,LOC-002,28,892,842.1429,657,974,0,0,650,31.8571,1.0592,26.435,1.0,579800,547392.8571
2023-02-01,MED-007,LOC-003,28,727,901.0,729,817,0,0,650,25.9643,0.8069,34.7015,1.0,472550,585650.0
2023-02-01,MED-007,LOC-004,28,540,597.3929,470,603,0,0,650,19.2857,0.9039,30.9759,1.0,351000,388305.3571
2023-02-01,MED-007,LOC-005,28,631,626.3214,476,699,0,0,650,22.5357,1.0075,27.7924,1.0,410150,407108.9286
2023-02-01,MED-008,LOC-001,28,549,387.0357,321,561,0,0,1850,19.6071,1.4185,19.7395,1.0,1015650,716016.0714
2023-02-01,MED-008,LOC-002,28,416,463.6786,437,431,0,0,1850,14.8571,0.8972,31.2091,1.0,769600,857805.3571
2023-02-01,MED-008,LOC-003,28,333,324.7857,282,347,0,0,1850,11.8929,1.0253,27.3093,1.0,616050,600853.5714
2023-02-01,MED-008,LOC-004,28,254,238.6071,209,285,0,0,1850,9.0714,1.0645,26.3031,1.0,469900,441423.2143
2023-02-01,MED-008,LOC-005,28,306,245.7857,234,355,0,0,1850,10.9286,1.245,22.4902,1.0,566100,454703.5714
2023-02-01,MED-009,LOC-001,28,1573,2347.75,1657,1652,0,0,1200,56.1786,0.67,41.7908,1.0,1887600,2817300.0
2023-02-01,MED-009,LOC-002,28,1175,1198.3214,879,1215,0,0,1200,41.9643,0.9805,28.5557,1.0,1410000,1437985.7143
2023-02-01,MED-009,LOC-003,28,891,1293.0357,1020,1076,0,0,1200,31.8214,0.6891,40.6341,1.0,1069200,1551642.8571
2023-02-01,MED-009,LOC-004,28,676,820.6429,655,724,0,0,1200,24.1429,0.8237,33.9911,1.0,811200,984771.4286
2023-02-01,MED-009,LOC-005,28,784,609.1429,432,816,0,0,1200,28.0,1.2871,21.7551,1.0,940800,730971.4286
2023-02-01,MED-010,LOC-001,28,820,940.3571,1058,971,0,0,950,29.2857,0.872,32.1098,1.0,779000,893339.2857
2023-02-01,MED-010,LOC-002,28,647,486.9643,615,743,0,0,950,23.1071,1.3286,21.0742,1.0,614650,462616.0714
2023-02-01,MED-010,LOC-003,28,491,459.75,458,575,0,0,950,17.5357,1.068,26.2179,1.0,466450,436762.5
2023-02-01,MED-010,LOC-004,28,377,345.1071,347,409,0,0,950,13.4643,1.0924,25.6313,1.0,358150,327851.7857
2023-02-01,MED-010,LOC-005,28,419,373.2857,388,457,0,0,950,14.9643,1.1225,24.9451,1.0,398050,354621.4286
2023-02-01,MED-011,LOC-001,28,786,853.0714,788,883,0,0,900,28.0714,0.9214,30.3893,1.0,707400,767764.2857
2023-02-01,MED-011,LOC-002,28,577,348.2857,463,700,0,0,900,20.6071,1.6567,16.9012,1.0,519300,313457.1429
2023-02-01,MED-011,LOC-003,28,447,289.75,306,470,0,0,900,15.9643,1.5427,18.1499,1.0,402300,260775.0
2023-02-01,MED-011,LOC-004,28,350,368.1429,273,349,0,0,900,12.5,0.9507,29.4514,1.0,315000,331328.5714
2023-02-01,MED-011,LOC-005,28,385,300.8214,306,419,0,0,900,13.75,1.2798,21.8779,1.0,346500,270739.2857
2023-02-01,MED-012,LOC-001,28,695,668.8929,665,865,0,0,3500,24.8214,1.039,26.9482,1.0,2432500,2341125.0
2023-02-01,MED-012,LOC-002,28,505,552.4643,465,525,0,0,3500,18.0357,0.9141,30.6317,1.0,1767500,1933625.0
2023-02-01,MED-012,LOC-003,28,388,270.6786,281,401,0,0,3500,13.8571,1.4334,19.5335,1.0,1358000,947375.0
2023-02-01,MED-012,LOC-004,28,304,205.3929,196,314,0,0,3500,10.8571,1.4801,18.9178,1.0,1064000,718875.0
2023-02-01,MED-012,LOC-005,28,360,254.75,264,366,0,0,3500,12.8571,1.4132,19.8139,1.0,1260000,891625.0
2023-02-01,MED-013,LOC-001,28,612,556.0357,536,740,0,0,2100,21.8571,1.1006,25.4395,1.0,1285200,1167675.0
2023-02-01,MED-013,LOC-002,28,458,482.3929,472,489,0,0,2100,16.3571,0.9494,29.4913,1.0,961800,1013025.0
2023-02-01,MED-013,LOC-003,28,355,291.25,263,378,0,0,2100,12.6786,1.2189,22.9718,1.0,745500,611625.0
2023-02-01,MED-013,LOC-004,28,264,240.7857,263,310,0,0,2100,9.4286,1.0964,25.5379,1.0,554400,505650.0
2023-02-01,MED-013,LOC-005,28,319,354.0357,401,381,0,0,2100,11.3929,0.901,31.0752,1.0,669900,743475.0
2023-02-01,MED-014,LOC-001,28,398,392.6786,284,464,0,0,4200,14.2143,1.0136,27.6256,1.0,1671600,1649250.0
2023-02-01,MED-014,LOC-002,28,280,369.1786,319,336,0,0,4200,10.0,0.7584,36.9179,1.0,1176000,1550550.0
2023-02-01,MED-014,LOC-003,28,222,271.0714,232,274,0,0,4200,7.9286,0.819,34.1892,1.0,932400,1138500.0
2023-02-01,MED-014,LOC-004,28,168,193.2857,147,201,0,0,4200,6.0,0.8692,32.2143,1.0,705600,811800.0
2023-02-01,MED-014,LOC-005,28,199,260.3571,207,250,0,0,4200,7.1071,0.7643,36.6332,1.0,835800,1093500.0
2023-02-01,MED-015,LOC-001,28,453,434.2143,338,512,0,0,2600,16.1786,1.0433,26.8389,1.0,1177800,1128957.1429
2023-02-01,MED-015,LOC-002,28,346,348.7857,281,388,0,0,2600,12.3571,0.992,28.2254,1.0,899600,906842.8571
2023-02-01,MED-015,LOC-003,28,261,233.3571,151,269,0,0,2600,9.3214,1.1185,25.0345,1.0,678600,606728.5714
2023-02-01,MED-015,LOC-004,28,208,247.2143,193,212,0,0,2600,7.4286,0.8414,33.2788,1.0,540800,642757.1429
2023-02-01,MED-015,LOC-005,28,232,287.2857,221,296,0,0,2600,8.2857,0.8076,34.6724,1.0,603200,746942.8571
2023-03-01,MED-001,LOC-001,31,1961,1868.2258,1276,2089,0,0,450,63.2581,1.0497,29.5334,1.0,882450,840701.6129
2023-03-01,MED-001,LOC-002,31,1477,1386.9677,1054,1530,0,0,450,47.6452,1.0649,29.1104,1.0,664650,624135.4839
2023-03-01,MED-001,LOC-003,31,1161,1160.3226,924,1234,0,0,450,37.4516,1.0006,30.9819,1.0,522450,522145.1613
2023-03-01,MED-001,LOC-004,31,903,1172.871,828,810,0,0,450,29.129,0.7699,40.2647,1.0,406350,527791.9355
2023-03-01,MED-001,LOC-005,31,1028,869.2903,573,989,0,0,450,33.1613,1.1826,26.214,1.0,462600,391180.6452
2023-03-01,MED-002,LOC-001,31,1653,2457.6129,1758,1668,0,0,470,53.3226,0.6726,46.0895,1.0,776910,1155078.0645
2023-03-01,MED-002,LOC-002,31,1235,1254.0645,836,1170,0,0,470,39.8387,0.9848,31.4785,1.0,580450,589410.3226
2023-03-01,MED-002,LOC-003,31,1014,721.7097,448,939,0,0,470,32.7097,1.405,22.0641,1.0,476580,339203.5484
2023-03-01,MED-002,LOC-004,31,764,815.4839,684,741,0,0,470,24.6452,0.9369,33.089,1.0,359080,383277.4194
2023-03-01,MED-002,LOC-005,31,878,923.9677,648,801,0,0,470,28.3226,0.9502,32.623,1.0,412660,434264.8387
2023-03-01,MED-003,LOC-001,31,1384,1691.7742,1459,1465,0,0,380,44.6452,0.8181,37.8938,1.0,525920,642874.1935
2023-03-01,MED-003,LOC-002,31,1037,841.5161,774,1091,0,0,380,33.4516,1.2323,25.1562,1.0,394060,319776.129
2023-03-01,MED-003,LOC-003,31,760,802.9032,750,790,0,0,380,24.5161,0.9466,32.75,1.0,288800,305103.2258
2023-03-01,MED-003,LOC-004,31,593,677.5484,575,548,0,0,380,19.129,0.8752,35.4199,1.0,225340,257468.3871
2023-03-01,MED-003,LOC-005,31,710,688.129,561,770,0,0,380,22.9032,1.0318,30.0451,1.0,269800,261489.0323
2023-03-01,MED-004,LOC-001,31,1040,870.871,695,1147,0,0,520,33.5484,1.1942,25.9587,1.0,540800,452852.9032
2023-03-01,MED-004,LOC-002,31,814,817.5806,776,741,0,0,520,26.2581,0.9956,31.1364,1.0,423280,425141.9355
2023-03-01,MED-004,LOC-003,31,613,572.3871,416,547,0,0,520,19.7742,1.071,28.9462,1.0,318760,297641.2903
2023-03-01,MED-004,LOC-004,31,469,444.4516,304,421,0,0,520,15.129,1.0552,29.3774,1.0,243880,231114.8387
2023-03-01,MED-004,LOC-005,31,543,394.871,254,493,0,0,520,17.5161,1.3751,22.5433,1.0,282360,205332.9032
2023-03-01,MED-005,LOC-001,31,398,258.3548,310,428,0,0,2800,12.8387,1.5405,20.1231,1.0,1114400,723393.5484
2023-03-01,MED-005,LOC-002,31,300,289.9032,263,299,0,0,2800,9.6774,1.0348,29.9567,1.0,840000,811729.0323
2023-03-01,MED-005,LOC-003,31,235,161.2903,186,257,0,0,2800,7.5806,1.457,21.2766,1.0,658000,451612.9032
2023-03-01,MED-005,LOC-004,31,172,129.2903,136,177,0,0,2800,5.5484,1.3303,23.3023,1.0,481600,362012.9032
2023-03-01,MED-005,LOC-005,31,211,193.7742,176,197,0,0,2800,6.8065,1.0889,28.4692,1.0,590800,542567.7419
2023-03-01,MED-006,LOC-001,31,352,219.5161,215,323,0,0,2900,11.3548,1.6035,19.3324,1.0,1020800,636596.7742
2023-03-01,MED-006,LOC-002,31,268,244.4839,258,272,0,0,2900,8.6452,1.0962,28.2799,1.0,777200,709003.2258
2023-03-01,MED-006,LOC-003,31,213,190.5806,182,235,0,0,2900,6.871,1.1176,27.7371,1.0,617700,552683.871
2023-03-01,MED-006,LOC-004,31,164,119.8065,135,178,0,0,2900,5.2903,1.3689,22.6463,1.0,475600,347438.7097
2023-03-01,MED-006,LOC-005,31,180,143.1613,155,191,0,0,2900,5.8065,1.2573,24.6556,1.0,522000,415167.7419
2023-03-01,MED-007,LOC-001,31,1421,1366.2903,1060,1516,0,0,650,45.8387,1.04,29.8065,1.0,923650,888088.7097
2023-03-01,MED-007,LOC-002,31,1078,969.2903,653,1062,0,0,650,34.7742,1.1122,27.8738,1.0,700700,630038.7097
2023-03-01,MED-007,LOC-003,31,833,960.8065,715,820,0,0,650,26.871,0.867,35.7563,1.0,541450,624524.1935
2023-03-01,MED-007,LOC-004,31,635,605.3548,378,567,0,0,650,20.4839,1.049,29.5528,1.0,412750,393480.6452
2023-03-01,MED-007,LOC-005,31,728,697.4839,503,737,0,0,650,23.4839,1.0438,29.7005,1.0,473200,453364.5161
2023-03-01,MED-008,LOC-001,31,689,544.9355,404,749,0,0,1850,22.2258,1.2644,24.5181,1.0,1274650,1008130.6452
2023-03-01,MED-008,LOC-002,31,521,471.9032,373,472,0,0,1850,16.8065,1.104,28.0787,1.0,963850,873020.9677
2023-03-01,MED-008,LOC-003,31,391,347.5484,298,404,0,0,1850,12.6129,1.125,27.555,1.0,723350,642964.5161
2023-03-01,MED-008,LOC-004,31,294,250.7742,229,317,0,0,1850,9.4839,1.1724,26.4422,1.0,543900,463932.2581
2023-03-01,MED-008,LOC-005,31,353,332.3548,263,388,0,0,1850,11.3871,1.0621,29.187,1.0,653050,614856.4516
2023-03-01,MED-009,LOC-001,31,1714,2365.8065,1703,1790,0,0,1200,55.2903,0.7245,42.7888,1.0,2056800,2838967.7419
2023-03-01,MED-009,LOC-002,31,1424,1382.2581,892,1413,0,0,1200,45.9355,1.0302,30.0913,1.0,1708800,1658709.6774
2023-03-01,MED-009,LOC-003,31,1048,1481.6129,1116,1108,0,0,1200,33.8065,0.7073,43.8263,1.0,1257600,1777935.4839
2023-03-01,MED-009,LOC-004,31,798,938.2903,670,827,0,0,1200,25.7419,0.8505,36.4499,1.0,957600,1125948.3871
2023-03-01,MED-009,LOC-005,31,940,656.5161,392,886,0,0,1200,30.3226,1.4318,21.6511,1.0,1128000,787819.3548
2023-03-01,MED-010,LOC-001,31,1002,1030.0968,977,908,0,0,950,32.3226,0.9727,31.8693,1.0,951900,978591.9355
2023-03-01,MED-010,LOC-002,31,733,652.7742,575,673,0,0,950,23.6452,1.1229,27.6071,1.0,696350,620135.4839
2023-03-01,MED-010,LOC-003,31,606,353.5161,447,591,0,0,950,19.5484,1.7142,18.0842,1.0,575700,335840.3226
2023-03-01,MED-010,LOC-004,31,440,411.2903,362,442,0,0,950,14.1935,1.0698,28.9773,1.0,418000,390725.8065
2023-03-01,MED-010,LOC-005,31,508,409.5806,393,521,0,0,950,16.3871,1.2403,24.9941,1.0,482600,389101.6129
2023-03-01,MED-011,LOC-001,31,913,965.0323,883,991,0,0,900,29.4516,0.9461,32.7667,1.0,821700,868529.0323
2023-03-01,MED-011,LOC-002,31,674,517.2903,511,710,0,0,900,21.7419,1.3029,23.7923,1.0,606600,465561.2903
2023-03-01,MED-011,LOC-003,31,541,318.2581,311,567,0,0,900,17.4516,1.6999,18.2366,1.0,486900,286432.2581
2023-03-01,MED-011,LOC-004,31,402,293.0323,260,386,0,0,900,12.9677,1.3719,22.597,1.0,361800,263729.0323
2023-03-01,MED-011,LOC-005,31,467,334.3871,289,458,0,0,900,15.0645,1.3966,22.197,1.0,420300,300948.3871
2023-03-01,MED-012,LOC-001,31,824,721.0323,777,899,0,0,3500,26.5806,1.1428,27.1262,1.0,2884000,2523612.9032
2023-03-01,MED-012,LOC-002,31,598,508.129,464,581,0,0,3500,19.2903,1.1769,26.3411,1.0,2093000,1778451.6129
2023-03-01,MED-012,LOC-003,31,479,309.4194,291,468,0,0,3500,15.4516,1.5481,20.0251,1.0,1676500,1082967.7419
2023-03-01,MED-012,LOC-004,31,363,193.7097,197,368,0,0,3500,11.7097,1.8739,16.5427,1.0,1270500,677983.871
2023-03-01,MED-012,LOC-005,31,423,303.9677,275,418,0,0,3500,13.6452,1.3916,22.2766,1.0,1480500,1063887.0968
2023-03-01,MED-013,LOC-001,31,725,703.3871,606,755,0,0,2100,23.3871,1.0307,30.0759,1.0,1522500,1477112.9032
2023-03-01,MED-013,LOC-002,31,559,555.1935,467,517,0,0,2100,18.0323,1.0069,30.7889,1.0,1173900,1165906.4516
2023-03-01,MED-013,LOC-003,31,419,329.6129,245,383,0,0,2100,13.5161,1.2712,24.3866,1.0,879900,692187.0968
2023-03-01,MED-013,LOC-004,31,313,305.0645,227,297,0,0,2100,10.0968,1.026,30.2141,1.0,657300,640635.4839
2023-03-01,MED-013,LOC-005,31,357,409.3871,420,375,0,0,2100,11.5161,0.872,35.549,1.0,749700,859712.9032
2023-03-01,MED-014,LOC-001,31,424,397.5161,276,431,0,0,4200,13.6774,1.0666,29.0637,1.0,1780800,1669567.7419
2023-03-01,MED-014,LOC-002,31,335,400.6452,319,344,0,0,4200,10.8065,0.8362,37.0746,1.0,1407000,1682709.6774
2023-03-01,MED-014,LOC-003,31,256,280.5161,208,239,0,0,4200,8.2581,0.9126,33.9688,1.0,1075200,1178167.7419
2023-03-01,MED-014,LOC-004,31,205,192.1935,142,200,0,0,4200,6.6129,1.0666,29.0634,1.0,861000,807212.9032
2023-03-01,MED-014,LOC-005,31,230,259.5806,187,209,0,0,4200,7.4194,0.886,34.987,1.0,966000,1090238.7097
2023-03-01,MED-015,LOC-001,31,565,435.4194,321,519,0,0,2600,18.2258,1.2976,23.8903,1.0,1469000,1132090.3226
2023-03-01,MED-015,LOC-002,31,400,397.871,277,397,0,0,2600,12.9032,1.0054,30.835,1.0,1040000,1034464.5161
2023-03-01,MED-015,LOC-003,31,307,234.5161,155,308,0,0,2600,9.9032,1.3091,23.6808,1.0,798200,609741.9355
2023-03-01,MED-015,LOC-004,31,227,256.5806,183,209,0,0,2600,7.3226,0.8847,35.0396,1.0,590200,667109.6774
2023-03-01,MED-015,LOC-005,31,285,266.0,188,253,0,0,2600,9.1935,1.0714,28.9333,1.0,741000,691600.0
2023-04-01,MED-001,LOC-001,30,1723,2181.7667,1614,1965,0,0,450,57.4333,0.7897,37.9878,1.0,775350,981795.0
2023-04-01,MED-001,LOC-002,30,1271,1617.7333,1120,1345,0,0,450,42.3667,0.7857,38.1841,1.0,571950,727980.0
2023-04-01,MED-001,LOC-003,30,1014,1315.4667,913,1030,0,0,450,33.8,0.7708,38.9191,1.0,456300,591960.0
2023-04-01,MED-001,LOC-004,30,779,1204.4333,861,829,0,0,450,25.9667,0.6468,46.3838,1.0,350550,541995.0
2023-04-01,MED-001,LOC-005,30,887,796.8667,505,845,0,0,450,29.5667,1.1131,26.9515,1.0,399150,358590.0
2023-04-01,MED-002,LOC-001,30,1400,2436.3,1862,1433,0,0,470,46.6667,0.5746,52.2064,1.0,658000,1145061.0
2023-04-01,MED-002,LOC-002,30,1155,1318.1667,944,1241,0,0,470,38.5,0.8762,34.2381,1.0,542850,619538.3333
2023-04-01,MED-002,LOC-003,30,910,653.2333,432,928,0,0,470,30.3333,1.3931,21.5352,1.0,427700,307019.6667
2023-04-01,MED-002,LOC-004,30,665,980.0,728,737,0,0,470,22.1667,0.6786,44.2105,1.0,312550,460600.0
2023-04-01,MED-002,LOC-005,30,758,888.7333,659,755,0,0,470,25.2667,0.8529,35.1741,1.0,356260,417704.6667
2023-04-01,MED-003,LOC-001,30,1162,1833.4,1436,1177,0,0,380,38.7333,0.6338,47.3339,1.0,441560,696692.0
2023-04-01,MED-003,LOC-002,30,911,1029.7,807,912,0,0,380,30.3667,0.8847,33.9089,1.0,346180,391286.0
2023-04-01,MED-003,LOC-003,30,659,952.3667,767,683,0,0,380,21.9667,0.692,43.3551,1.0,250420,361899.3333
2023-04-01,MED-003,LOC-004,30,526,697.3667,605,589,0,0,380,17.5333,0.7543,39.7738,1.0,199880,264999.3333
2023-04-01,MED-003,LOC-005,30,597,730.3,647,679,0,0,380,19.9,0.8175,36.6985,1.0,226860,277514.0
2023-04-01,MED-004,LOC-001,30,928,1168.9333,857,1047,0,0,520,30.9333,0.7939,37.7888,1.0,482560,607845.3333
2023-04-01,MED-004,LOC-002,30,725,1039.0333,765,736,0,0,520,24.1667,0.6978,42.9945,1.0,377000,540297.3333
2023-04-01,MED-004,LOC-003,30,549,610.7,448,584,0,0,520,18.3,0.899,33.3716,1.0,285480,317564.0
2023-04-01,MED-004,LOC-004,30,414,434.1333,377,495,0,0,520,13.8,0.9536,31.4589,1.0,215280,225749.3333
2023-04-01,MED-004,LOC-005,30,461,409.2667,275,473,0,0,520,15.3667,1.1264,26.6334,1.0,239720,212818.6667
2023-04-01,MED-005,LOC-001,30,358,366.2667,337,400,0,0,2800,11.9333,0.9774,30.6927,1.0,1002400,1025546.6667
2023-04-01,MED-005,LOC-002,30,259,282.2,280,278,0,0,2800,8.6333,0.9178,32.6873,1.0,725200,790160.0
2023-04-01,MED-005,LOC-003,30,198,222.7333,195,214,0,0,2800,6.6,0.889,33.7475,1.0,554400,623653.3333
2023-04-01,MED-005,LOC-004,30,162,177.3,152,177,0,0,2800,5.4,0.9137,32.8333,1.0,453600,496440.0
2023-04-01,MED-005,LOC-005,30,179,179.9667,166,174,0,0,2800,5.9667,0.9946,30.162,1.0,501200,503906.6667
2023-04-01,MED-006,LOC-001,30,301,229.6333,218,302,0,0,2900,10.0333,1.3108,22.887,1.0,872900,665936.6667
2023-04-01,MED-006,LOC-002,30,239,327.2667,283,270,0,0,2900,7.9667,0.7303,41.0795,1.0,693100,949073.3333
2023-04-01,MED-006,LOC-003,30,179,236.1333,218,211,0,0,2900,5.9667,0.758,39.5754,1.0,519100,684786.6667
2023-04-01,MED-006,LOC-004,30,138,143.9,135,141,0,0,2900,4.6,0.959,31.2826,1.0,400200,417310.0
2023-04-01,MED-006,LOC-005,30,158,181.6333,155,163,0,0,2900,5.2667,0.8699,34.4873,1.0,458200,526736.6667
2023-04-01,MED-007,LOC-001,30,1191,1744.9667,1268,1384,0,0,650,39.7,0.6825,43.9538,1.0,774150,1134228.3333
2023-04-01,MED-007,LOC-002,30,962,957.0333,601,941,0,0,650,32.0667,1.0052,29.8451,1.0,625300,622071.6667
2023-04-01,MED-007,LOC-003,30,731,1131.5,773,825,0,0,650,24.3667,0.646,46.4364,1.0,475150,735475.0
2023-04-01,MED-007,LOC-004,30,549,710.0333,482,639,0,0,650,18.3,0.7732,38.7996,1.0,356850,461521.6667
2023-04-01,MED-007,LOC-005,30,633,761.1,486,623,0,0,650,21.1,0.8317,36.0711,1.0,411450,494715.0
2023-04-01,MED-008,LOC-001,30,589,575.6333,426,618,0,0,1850,19.6333,1.0232,29.3192,1.0,1089650,1064921.6667
2023-04-01,MED-008,LOC-002,30,444,505.9,387,440,0,0,1850,14.8,0.8776,34.1824,1.0,821400,935915.0
2023-04-01,MED-008,LOC-003,30,326,390.2667,294,330,0,0,1850,10.8667,0.8353,35.9141,1.0,603100,721993.3333
2023-04-01,MED-008,LOC-004,30,255,355.3333,256,292,0,0,1850,8.5,0.7176,41.8039,1.0,471750,657366.6667
2023-04-01,MED-008,LOC-005,30,296,392.1667,317,355,0,0,1850,9.8667,0.7548,39.7466,1.0,547600,725508.3333
2023-04-01,MED-009,LOC-001,30,1568,2620.5,1918,1819,0,0,1200,52.2667,0.5984,50.1371,1.0,1881600,3144600.0
2023-04-01,MED-009,LOC-002,30,1216,1462.5,929,1261,0,0,1200,40.5333,0.8315,36.0814,1.0,1459200,1755000.0
2023-04-01,MED-009,LOC-003,30,919,1593.2,1124,953,0,0,1200,30.6333,0.5768,52.0087,1.0,1102800,1911840.0
2023-04-01,MED-009,LOC-004,30,715,1029.8,736,803,0,0,1200,23.8333,0.6943,43.2084,1.0,858000,1235760.0
2023-04-01,MED-009,LOC-005,30,823,739.1667,365,802,0,0,1200,27.4333,1.1134,26.9441,1.0,987600,887000.0
2023-04-01,MED-010,LOC-001,30,886,1089.0333,1076,1015,0,0,950,29.5333,0.8136,36.8747,1.0,841700,1034581.6667
2023-04-01,MED-010,LOC-002,30,675,836.5667,670,796,0,0,950,22.5,0.8069,37.1807,1.0,641250,794738.3333
2023-04-01,MED-010,LOC-003,30,494,665.7,501,577,0,0,950,16.4667,0.7421,40.4271,1.0,469300,632415.0
2023-04-01,MED-010,LOC-004,30,376,471.3667,374,402,0,0,950,12.5333,0.7977,37.609,1.0,357200,447798.3333
2023-04-01,MED-010,LOC-005,30,460,438.1667,397,461,0,0,950,15.3333,1.0498,28.5761,1.0,437000,416258.3333
2023-04-01,MED-011,LOC-001,30,788,1077.1,992,927,0,0,900,26.2667,0.7316,41.0063,1.0,709200,969390.0
2023-04-01,MED-011,LOC-002,30,583,733.7,613,685,0,0,900,19.4333,0.7946,37.7547,1.0,524700,660330.0
2023-04-01,MED-011,LOC-003,30,449,345.6667,316,446,0,0,900,14.9667,1.2989,23.0958,1.0,404100,311100.0
2023-04-01,MED-011,LOC-004,30,348,325.7,264,350,0,0,900,11.6,1.0685,28.0776,1.0,313200,293130.0
2023-04-01,MED-011,LOC-005,30,396,371.6333,343,433,0,0,900,13.2,1.0656,28.154,1.0,356400,334470.0
2023-04-01,MED-012,LOC-001,30,703,875.4,741,724,0,0,3500,23.4333,0.8031,37.357,1.0,2460500,3063900.0
2023-04-01,MED-012,LOC-002,30,522,604.6667,471,537,0,0,3500,17.4,0.8633,34.751,1.0,1827000,2116333.3333
2023-04-01,MED-012,LOC-003,30,419,416.0667,346,477,0,0,3500,13.9667,1.0071,29.79,1.0,1466500,1456233.3333
2023-04-01,MED-012,LOC-004,30,312,209.5667,198,298,0,0,3500,10.4,1.4888,20.1506,1.0,1092000,733483.3333
2023-04-01,MED-012,LOC-005,30,377,357.1,322,446,0,0,3500,12.5667,1.0557,28.4164,1.0,1319500,1249850.0
2023-04-01,MED-013,LOC-001,30,632,809.8333,706,757,0,0,2100,21.0667,0.7804,38.4415,1.0,1327200,1700650.0
2023-04-01,MED-013,LOC-002,30,451,593.7,527,510,0,0,2100,15.0333,0.7596,39.4922,1.0,947100,1246770.0
2023-04-01,MED-013,LOC-003,30,372,352.7,253,392,0,0,2100,12.4,1.0547,28.4435,1.0,781200,740670.0
2023-04-01,MED-013,LOC-004,30,282,342.3333,273,311,0,0,2100,9.4,0.8238,36.4184,1.0,592200,718900.0
2023-04-01,MED-013,LOC-005,30,316,506.4333,442,346,0,0,2100,10.5333,0.624,48.0791,1.0,663600,1063510.0
2023-04-01,MED-014,LOC-001,30,382,427.2667,320,433,0,0,4200,12.7333,0.8941,33.555,1.0,1604400,1794520.0
2023-04-01,MED-014,LOC-002,30,297,493.6333,389,346,0,0,4200,9.9,0.6017,49.862,1.0,1247400,2073260.0
2023-04-01,MED-014,LOC-003,30,224,300.0,230,244,0,0,4200,7.4667,0.7467,40.1786,1.0,940800,1260000.0
2023-04-01,MED-014,LOC-004,30,170,222.5333,153,183,0,0,4200,5.6667,0.7639,39.2706,1.0,714000,934640.0
2023-04-01,MED-014,LOC-005,30,201,271.0,202,207,0,0,4200,6.7,0.7417,40.4478,1.0,844200,1138200.0
2023-04-01,MED-015,LOC-001,30,452,483.5667,360,498,0,0,2600,15.0667,0.9347,32.0951,1.0,1175200,1257273.3333
2023-04-01,MED-015,LOC-002,30,366,432.9667,288,361,0,0,2600,12.2,0.8453,35.4891,1.0,951600,1125713.3333
2023-04-01,MED-015,LOC-003,30,278,263.5667,162,294,0,0,2600,9.2667,1.0548,28.4424,1.0,722800,685273.3333
2023-04-01,MED-015,LOC-004,30,213,272.5333,197,241,0,0,2600,7.1,0.7816,38.385,1.0,553800,708586.6667
2023-04-01,MED-015,LOC-005,30,237,289.8667,203,267,0,0,2600,7.9,0.8176,36.692,1.0,616200,753653.3333
2023-05-01,MED-001,LOC-001,31,1959,2360.2581,1312,1758,0,0,450,63.1935,0.83,37.3497,1.0,881550,1062116.129
2023-05-01,MED-001,LOC-002,31,1488,1910.129,1206,1551,0,0,450,48.0,0.779,39.7944,1.0,669600,859558.0645
2023-05-01,MED-001,LOC-003,31,1126,1282.2581,832,995,0,0,450,36.3226,0.8781,35.302,1.0,506700,577016.129
2023-05-01,MED-001,LOC-004,31,841,1203.2581,849,765,0,0,450,27.129,0.6989,44.3532,1.0,378450,541466.129
2023-05-01,MED-001,LOC-005,31,996,885.6452,516,1009,0,0,450,32.129,1.1246,27.5653,1.0,448200,398540.3226
2023-05-01,MED-002,LOC-001,31,1635,2362.6774,1778,1470,0,0,470,52.7419,0.692,44.7969,1.0,768450,1110458.3871
2023-05-01,MED-002,LOC-002,31,1265,1509.2581,2243,2702,0,0,470,40.8065,0.8382,36.9858,1.0,594550,709351.2903
2023-05-01,MED-002,LOC-003,31,944,817.8387,475,991,0,0,470,30.4516,1.1543,26.857,1.0,443680,384384.1935
2023-05-01,MED-002,LOC-004,31,735,1030.6774,777,783,0,0,470,23.7097,0.7131,43.4707,1.0,345450,484418.3871
2023-05-01,MED-002,LOC-005,31,854,1019.0,719,895,0,0,470,27.5484,0.8381,36.9895,1.0,401380,478930.0
2023-05-01,MED-003,LOC-001,31,1265,1803.6129,1601,1437,0,0,380,40.8065,0.7014,44.1992,1.0,480700,685372.9032
2023-05-01,MED-003,LOC-002,31,986,1129.1613,704,924,0,0,380,31.8065,0.8732,35.501,1.0,374680,429081.2903
2023-05-01,MED-003,LOC-003,31,762,941.0,650,670,0,0,380,24.5806,0.8098,38.2822,1.0,289560,357580.0
2023-05-01,MED-003,LOC-004,31,581,769.1935,583,532,0,0,380,18.7419,0.7553,41.0413,1.0,220780,292293.5484
2023-05-01,MED-003,LOC-005,31,646,923.9032,622,652,0,0,380,20.8387,0.6992,44.3359,1.0,245480,351083.2258
2023-05-01,MED-004,LOC-001,31,1046,1194.9677,950,1143,0,0,520,33.7419,0.8753,35.4149,1.0,543920,621383.2258
2023-05-01,MED-004,LOC-002,31,797,977.6452,779,809,0,0,520,25.7097,0.8152,38.0263,1.0,414440,508375.4839
2023-05-01,MED-004,LOC-003,31,596,669.6774,465,607,0,0,520,19.2258,0.89,34.8322,1.0,309920,348232.2581
2023-05-01,MED-004,LOC-004,31,471,498.4516,339,417,0,0,520,15.1935,0.9449,32.8068,1.0,244920,259194.8387
2023-05-01,MED-004,LOC-005,31,563,456.3548,301,574,0,0,520,18.1613,1.2337,25.1279,1.0,292760,237304.5161
2023-05-01,MED-005,LOC-001,31,392,360.5161,284,342,0,0,2800,12.6452,1.0873,28.5102,1.0,1097600,1009445.1613
2023-05-01,MED-005,LOC-002,31,291,304.0,249,264,0,0,2800,9.3871,0.9572,32.3849,1.0,814800,851200.0
2023-05-01,MED-005,LOC-003,31,224,216.2903,181,208,0,0,2800,7.2258,1.0356,29.933,1.0,627200,605612.9032
2023-05-01,MED-005,LOC-004,31,173,147.5484,143,159,0,0,2800,5.5806,1.1725,26.4393,1.0,484400,413135.4839
2023-05-01,MED-005,LOC-005,31,199,245.1935,195,218,0,0,2800,6.4194,0.8116,38.196,1.0,557200,686541.9355
2023-05-01,MED-006,LOC-001,31,361,299.0,204,362,0,0,2900,11.6452,1.2074,25.6759,1.0,1046900,867100.0
2023-05-01,MED-006,LOC-002,31,264,308.2258,259,236,0,0,2900,8.5161,0.8565,36.1932,1.0,765600,893854.8387
2023-05-01,MED-006,LOC-003,31,208,236.3226,233,233,0,0,2900,6.7097,0.8802,35.2212,1.0,603200,685335.4839
2023-05-01,MED-006,LOC-004,31,153,154.3226,142,148,0,0,2900,4.9355,0.9914,31.268,1.0,443700,447535.4839
2023-05-01,MED-006,LOC-005,31,188,175.7742,147,167,0,0,2900,6.0645,1.0696,28.984,1.0,545200,509745.1613
2023-05-01,MED-007,LOC-001,31,1425,1738.4516,2218,2483,0,0,650,45.9677,0.8197,37.8189,1.0,926250,1129993.5484
2023-05-01,MED-007,LOC-002,31,1034,980.3548,547,981,0,0,650,33.3548,1.0547,29.3917,1.0,672100,637230.6452
2023-05-01,MED-007,LOC-003,31,805,1236.2581,824,875,0,0,650,25.9677,0.6512,47.6075,1.0,523250,803567.7419
2023-05-01,MED-007,LOC-004,31,642,759.0645,1053,1292,0,0,650,20.7097,0.8458,36.6526,1.0,417300,493391.9355
2023-05-01,MED-007,LOC-005,31,725,837.2903,489,716,0,0,650,23.3871,0.8659,35.8014,1.0,471250,544238.7097
2023-05-01,MED-008,LOC-001,31,639,602.7742,386,605,0,0,1850,20.6129,1.0601,29.2426,1.0,1182150,1115132.2581
2023-05-01,MED-008,LOC-002,31,495,492.0645,356,463,0,0,1850,15.9677,1.006,30.8162,1.0,915750,910319.3548
2023-05-01,MED-008,LOC-003,31,384,447.5806,302,397,0,0,1850,12.3871,0.8579,36.1328,1.0,710400,828024.1935
2023-05-01,MED-008,LOC-004,31,293,383.129,267,306,0,0,1850,9.4516,0.7648,40.5358,1.0,542050,708788.7097
2023-05-01,MED-008,LOC-005,31,343,463.0,325,351,0,0,1850,11.0645,0.7408,41.8455,1.0,634550,856550.0
2023-05-01,MED-009,LOC-001,31,1721,2942.8387,3514,3303,0,0,1200,55.5161,0.5848,53.0087,1.0,2065200,3531406.4516
2023-05-01,MED-009,LOC-002,31,1350,1425.3871,1949,2578,0,0,1200,43.5484,0.9471,32.7311,1.0,1620000,1710464.5161
2023-05-01,MED-009,LOC-003,31,1025,1521.129,988,935,0,0,1200,33.0645,0.6738,46.0049,1.0,1230000,1825354.8387
2023-05-01,MED-009,LOC-004,31,808,1062.871,741,786,0,0,1200,26.0645,0.7602,40.7785,1.0,969600,1275445.1613
2023-05-01,MED-009,LOC-005,31,904,757.1613,1047,1647,0,0,1200,29.1613,1.1939,25.9646,1.0,1084800,908593.5484
2023-05-01,MED-010,LOC-001,31,953,1376.6129,1114,979,0,0,950,30.7419,0.6923,44.7796,1.0,905350,1307782.2581
2023-05-01,MED-010,LOC-002,31,739,798.7097,652,689,0,0,950,23.8387,0.9252,33.5047,1.0,702050,758774.1935
2023-05-01,MED-010,LOC-003,31,593,577.1613,474,556,0,0,950,19.129,1.0274,30.172,1.0,563350,548303.2258
2023-05-01,MED-010,LOC-004,31,422,466.4516,365,385,0,0,950,13.6129,0.9047,34.2654,1.0,400900,443129.0323
2023-05-01,MED-010,LOC-005,31,495,506.2581,424,512,0,0,950,15.9677,0.9778,31.7051,1.0,470250,480945.1613
2023-05-01,MED-011,LOC-001,31,854,1100.5806,925,785,0,0,900,27.5484,0.776,39.9508,1.0,768600,990522.5806
2023-05-01,MED-011,LOC-002,31,672,761.0645,671,726,0,0,900,21.6774,0.883,35.1086,1.0,604800,684958.0645
2023-05-01,MED-011,LOC-003,31,502,410.1613,344,531,0,0,900,16.1935,1.2239,25.3287,1.0,451800,369145.1613
2023-05-01,MED-011,LOC-004,31,375,327.0323,269,371,0,0,900,12.0968,1.1467,27.0347,1.0,337500,294329.0323
2023-05-01,MED-011,LOC-005,31,458,456.0968,345,478,0,0,900,14.7742,1.0042,30.8712,1.0,412200,410487.0968
2023-05-01,MED-012,LOC-001,31,782,897.9355,718,746,0,0,3500,25.2258,0.8709,35.5959,1.0,2737000,3142774.1935
2023-05-01,MED-012,LOC-002,31,609,569.7419,453,584,0,0,3500,19.6452,1.0689,29.0016,1.0,2131500,1994096.7742
2023-05-01,MED-012,LOC-003,31,442,371.9677,297,417,0,0,3500,14.2581,1.1883,26.0882,1.0,1547000,1301887.0968
2023-05-01,MED-012,LOC-004,31,351,260.3548,169,331,0,0,3500,11.3226,1.3482,22.9943,1.0,1228500,911241.9355
2023-05-01,MED-012,LOC-005,31,422,428.7419,345,437,0,0,3500,13.6129,0.9843,31.4953,1.0,1477000,1500596.7742
2023-05-01,MED-013,LOC-001,31,679,901.2903,723,714,0,0,2100,21.9032,0.7534,41.1487,1.0,1425900,1892709.6774
2023-05-01,MED-013,LOC-002,31,524,613.8065,481,510,0,0,2100,16.9032,0.8537,36.313,1.0,1100400,1288993.5484
2023-05-01,MED-013,LOC-003,31,404,391.3871,288,441,0,0,2100,13.0323,1.0322,30.0322,1.0,848400,821912.9032
2023-05-01,MED-013,LOC-004,31,302,380.0968,295,344,0,0,2100,9.7419,0.7945,39.0166,1.0,634200,798203.2258
2023-05-01,MED-013,LOC-005,31,378,515.0968,445,375,0,0,2100,12.1935,0.7338,42.2434,1.0,793800,1081703.2258
2023-05-01,MED-014,LOC-001,31,427,441.1935,299,379,0,0,4200,13.7742,0.9678,32.0304,1.0,1793400,1853012.9032
2023-05-01,MED-014,LOC-002,31,330,519.7097,694,672,0,0,4200,10.6452,0.635,48.8212,1.0,1386000,2182780.6452
2023-05-01,MED-014,LOC-003,31,255,338.129,205,238,0,0,4200,8.2258,0.7541,41.1059,1.0,1071000,1420141.9355
2023-05-01,MED-014,LOC-004,31,192,233.6774,140,175,0,0,4200,6.1935,0.8216,37.7292,1.0,806400,981445.1613
2023-05-01,MED-014,LOC-005,31,230,268.0645,178,206,0,0,4200,7.4194,0.858,36.1304,1.0,966000,1125870.9677
2023-05-01,MED-015,LOC-001,31,528,523.2903,307,475,0,0,2600,17.0323,1.009,30.7235,1.0,1372800,1360554.8387
2023-05-01,MED-015,LOC-002,31,391,437.3871,277,376,0,0,2600,12.6129,0.8939,34.6777,1.0,1016600,1137206.4516
2023-05-01,MED-015,LOC-003,31,305,296.1613,170,302,0,0,2600,9.8387,1.0298,30.1016,1.0,793000,770019.3548
2023-05-01,MED-015,LOC-004,31,242,278.6774,175,213,0,0,2600,7.8065,0.8684,35.6983,1.0,629200,724561.2903
2023-05-01,MED-015,LOC-005,31,276,300.2581,201,255,0,0,2600,8.9032,0.9192,33.7246,1.0,717600,780670.9677
2023-06-01,MED-001,LOC-001,30,1920,2633.4,3580,4384,0,0,450,64.0,0.7291,41.1469,1.0,864000,1185030.0
2023-06-01,MED-001,LOC-002,30,1494,2046.5667,2662,3151,0,0,450,49.8,0.73,41.0957,1.0,672300,920955.0
2023-06-01,MED-001,LOC-003,30,1126,1322.8333,724,1061,0,0,450,37.5333,0.8512,35.2442,1.0,506700,595275.0
2023-06-01,MED-001,LOC-004,30,887,1328.8333,860,888,0,0,450,29.5667,0.6675,44.9436,1.0,399150,597975.0
2023-06-01,MED-001,LOC-005,30,981,992.1667,545,991,0,0,450,32.7,0.9887,30.3415,1.0,441450,446475.0
2023-06-01,MED-002,LOC-001,30,1598,2422.9667,1570,1518,0,0,470,53.2667,0.6595,45.4875,1.0,751060,1138794.3333
2023-06-01,MED-002,LOC-002,30,1285,1883.7333,2297,1344,0,0,470,42.8333,0.6822,43.9782,1.0,603950,885354.6667
2023-06-01,MED-002,LOC-003,30,951,1025.5333,1339,1860,0,0,470,31.7,0.9273,32.3512,1.0,446970,482000.6667
2023-06-01,MED-002,LOC-004,30,719,1181.1333,1529,1585,0,0,470,23.9667,0.6087,49.2823,1.0,337930,555132.6667
2023-06-01,MED-002,LOC-005,30,844,1112.4667,640,823,0,0,470,28.1333,0.7587,39.5427,1.0,396680,522859.3333
2023-06-01,MED-003,LOC-001,30,1300,2120.0333,1694,1382,0,0,380,43.3333,0.6132,48.9238,1.0,494000,805612.6667
2023-06-01,MED-003,LOC-002,30,958,1176.8667,833,1076,0,0,380,31.9333,0.814,36.8539,1.0,364040,447209.3333
2023-06-01,MED-003,LOC-003,30,730,954.3333,641,750,0,0,380,24.3333,0.7649,39.2192,1.0,277400,362646.6667
2023-06-01,MED-003,LOC-004,30,603,808.0667,559,590,0,0,380,20.1,0.7462,40.2023,1.0,229140,307065.3333
2023-06-01,MED-003,LOC-005,30,678,952.5,701,722,0,0,380,22.6,0.7118,42.146,1.0,257640,361950.0
2023-06-01,MED-004,LOC-001,30,1028,1479.8333,1042,1123,0,0,520,34.2667,0.6947,43.1858,1.0,534560,769513.3333
2023-06-01,MED-004,LOC-002,30,803,1249.2667,819,891,0,0,520,26.7667,0.6428,46.6725,1.0,417560,649618.6667
2023-06-01,MED-004,LOC-003,30,607,710.6667,467,604,0,0,520,20.2333,0.8541,35.1236,1.0,315640,369546.6667
2023-06-01,MED-004,LOC-004,30,458,509.9667,741,889,0,0,520,15.2667,0.8981,33.4039,1.0,238160,265182.6667
2023-06-01,MED-004,LOC-005,30,557,513.7333,247,526,0,0,520,18.5667,1.0842,27.6697,1.0,289640,267141.3333
2023-06-01,MED-005,LOC-001,30,408,347.1667,277,392,0,0,2800,13.6,1.1752,25.527,1.0,1142400,972066.6667
2023-06-01,MED-005,LOC-002,30,304,386.3667,271,328,0,0,2800,10.1333,0.7868,38.1283,1.0,851200,1081826.6667
2023-06-01,MED-005,LOC-003,30,220,272.7333,193,218,0,0,2800,7.3333,0.8066,37.1909,1.0,616000,763653.3333
2023-06-01,MED-005,LOC-004,30,169,169.2,144,167,0,0,2800,5.6333,0.9988,30.0355,1.0,473200,473760.0
2023-06-01,MED-005,LOC-005,30,192,247.1333,194,204,0,0,2800,6.4,0.7769,38.6146,1.0,537600,691973.3333
2023-06-01,MED-006,LOC-001,30,355,311.6,219,356,0,0,2900,11.8333,1.1393,26.3324,1.0,1029500,903640.0
2023-06-01,MED-006,LOC-002,30,247,319.7667,252,240,0,0,2900,8.2333,0.7724,38.8381,1.0,716300,927323.3333
2023-06-01,MED-006,LOC-003,30,200,313.5,257,216,0,0,2900,6.6667,0.638,47.025,1.0,580000,909150.0
2023-06-01,MED-006,LOC-004,30,152,176.2667,139,158,0,0,2900,5.0667,0.8623,34.7895,1.0,440800,511173.3333
2023-06-01,MED-006,LOC-005,30,168,230.6667,165,194,0,0,2900,5.6,0.7283,41.1905,1.0,487200,668933.3333
2023-06-01,MED-007,LOC-001,30,1343,1836.8667,2278,1474,0,0,650,44.7667,0.7311,41.032,1.0,872950,1193963.3333
2023-06-01,MED-007,LOC-002,30,1052,1217.2,1610,2158,0,0,650,35.0667,0.8643,34.711,1.0,683800,791180.0
2023-06-01,MED-007,LOC-003,30,811,1480.1667,1646,1738,0,0,650,27.0333,0.5479,54.7534,1.0,527150,962108.3333
2023-06-01,MED-007,LOC-004,30,625,869.2667,1074,654,0,0,650,20.8333,0.719,41.7248,1.0,406250,565023.3333
2023-06-01,MED-007,LOC-005,30,694,919.8,1094,1399,0,0,650,23.1333,0.7545,39.7608,1.0,451100,597870.0
2023-06-01,MED-008,LOC-001,30,654,667.0333,360,625,0,0,1850,21.8,0.9805,30.5979,1.0,1209900,1234011.6667
2023-06-01,MED-008,LOC-002,30,477,584.2,382,500,0,0,1850,15.9,0.8165,36.7421,1.0,882450,1080770.0
2023-06-01,MED-008,LOC-003,30,384,485.9,286,345,0,0,1850,12.8,0.7903,37.9609,1.0,710400,898915.0
2023-06-01,MED-008,LOC-004,30,280,423.9667,276,277,0,0,1850,9.3333,0.6604,45.425,1.0,518000,784338.3333
2023-06-01,MED-008,LOC-005,30,332,493.5,322,343,0,0,1850,11.0667,0.6727,44.5934,1.0,614200,912975.0
2023-06-01,MED-009,LOC-001,30,1693,3127.9667,3871,1950,0,0,1200,56.4333,0.5412,55.4276,1.0,2031600,3753560.0
2023-06-01,MED-009,LOC-002,30,1328,1737.2,2071,1294,0,0,1200,44.2667,0.7644,39.244,1.0,1593600,2084640.0
2023-06-01,MED-009,LOC-003,30,1007,1694.7667,1927,2038,0,0,1200,33.5667,0.5942,50.4896,1.0,1208400,2033720.0
2023-06-01,MED-009,LOC-004,30,766,1133.0,1366,1508,0,0,1200,25.5333,0.6761,44.3734,1.0,919200,1359600.0
2023-06-01,MED-009,LOC-005,30,877,750.0,1236,1035,0,0,1200,29.2333,1.1693,25.6556,1.0,1052400,900000.0
2023-06-01,MED-010,LOC-001,30,931,1457.3667,1096,1003,0,0,950,31.0333,0.6388,46.9613,1.0,884450,1384498.3333
2023-06-01,MED-010,LOC-002,30,696,885.5,669,734,0,0,950,23.2,0.786,38.1681,1.0,661200,841225.0
2023-06-01,MED-010,LOC-003,30,534,696.7,513,558,0,0,950,17.8,0.7665,39.1404,1.0,507300,661865.0
2023-06-01,MED-010,LOC-004,30,428,443.9,319,386,0,0,950,14.2667,0.9642,31.1145,1.0,406600,421705.0
2023-06-01,MED-010,LOC-005,30,470,566.9,400,437,0,0,950,15.6667,0.8291,36.1851,1.0,446500,538555.0
2023-06-01,MED-011,LOC-001,30,864,1363.4,972,917,0,0,900,28.8,0.6337,47.3403,1.0,777600,1227060.0
2023-06-01,MED-011,LOC-002,30,631,836.8,620,618,0,0,900,21.0333,0.7541,39.7845,1.0,567900,753120.0
2023-06-01,MED-011,LOC-003,30,488,468.8333,328,463,0,0,900,16.2667,1.0409,28.8217,1.0,439200,421950.0
2023-06-01,MED-011,LOC-004,30,372,362.6,247,372,0,0,900,12.4,1.0259,29.2419,1.0,334800,326340.0
2023-06-01,MED-011,LOC-005,30,446,482.4667,346,443,0,0,900,14.8667,0.9244,32.4529,1.0,401400,434220.0
2023-06-01,MED-012,LOC-001,30,784,1028.0,770,837,0,0,3500,26.1333,0.7626,39.3367,1.0,2744000,3598000.0
2023-06-01,MED-012,LOC-002,30,570,701.3333,456,569,0,0,3500,19.0,0.8127,36.9123,1.0,1995000,2454666.6667
2023-06-01,MED-012,LOC-003,30,445,422.1,283,409,0,0,3500,14.8333,1.0543,28.4562,1.0,1557500,1477350.0
2023-06-01,MED-012,LOC-004,30,355,336.2,195,388,0,0,3500,11.8333,1.0559,28.4113,1.0,1242500,1176700.0
2023-06-01,MED-012,LOC-005,30,401,554.4,377,432,0,0,3500,13.3667,0.7233,41.4763,1.0,1403500,1940400.0
2023-06-01,MED-013,LOC-001,30,714,1023.6,724,682,0,0,2100,23.8,0.6975,43.0084,1.0,1499400,2149560.0
2023-06-01,MED-013,LOC-002,30,539,734.1333,511,555,0,0,2100,17.9667,0.7342,40.8609,1.0,1131900,1541680.0
2023-06-01,MED-013,LOC-003,30,382,412.6333,298,378,0,0,2100,12.7333,0.9258,32.4058,1.0,802200,866530.0
2023-06-01,MED-013,LOC-004,30,317,421.3,263,285,0,0,2100,10.5667,0.7524,39.8707,1.0,665700,884730.0
2023-06-01,MED-013,LOC-005,30,367,553.2667,456,380,0,0,2100,12.2333,0.6633,45.2262,1.0,770700,1161860.0
2023-06-01,MED-014,LOC-001,30,406,482.8333,675,839,0,0,4200,13.5333,0.8409,35.6773,1.0,1705200,2027900.0
2023-06-01,MED-014,LOC-002,30,321,585.3667,403,0,0,0,4200,10.7,0.5484,54.7072,1.0,1348200,2458540.0
2023-06-01,MED-014,LOC-003,30,256,370.3667,469,529,0,0,4200,8.5333,0.6912,43.4023,1.0,1075200,1555540.0
2023-06-01,MED-014,LOC-004,30,187,253.1667,157,210,0,0,4200,6.2333,0.7386,40.615,1.0,785400,1063300.0
2023-06-01,MED-014,LOC-005,30,220,322.7333,441,487,0,0,4200,7.3333,0.6817,44.0091,1.0,924000,1355480.0
2023-06-01,MED-015,LOC-001,30,524,608.1667,773,1031,0,0,2600,17.4667,0.8616,34.8187,1.0,1362400,1581233.3333
2023-06-01,MED-015,LOC-002,30,394,533.1333,634,813,0,0,2600,13.1333,0.739,40.5939,1.0,1024400,1386146.6667
2023-06-01,MED-015,LOC-003,30,295,313.5333,398,569,0,0,2600,9.8333,0.9409,31.8847,1.0,767000,815186.6667
2023-06-01,MED-015,LOC-004,30,225,342.5333,416,500,0,0,2600,7.5,0.6569,45.6711,1.0,585000,890586.6667
2023-06-01,MED-015,LOC-005,30,261,385.7,461,529,0,0,2600,8.7,0.6767,44.3333,1.0,678600,1002820.0
2023-07-01,MED-001,LOC-001,31,1980,3188.0323,3720,2119,0,0,450,63.871,0.6211,49.9136,1.0,891000,1434614.5161
2023-07-01,MED-001,LOC-002,31,1493,2323.7742,2690,1458,0,0,450,48.1613,0.6425,48.2498,1.0,671850,1045698.3871
2023-07-01,MED-001,LOC-003,31,1195,1557.9677,1886,2448,0,0,450,38.5484,0.767,40.4159,1.0,537750,701085.4839
2023-07-01,MED-001,LOC-004,31,906,1520.7742,1647,1734,0,0,450,29.2258,0.5957,52.0353,1.0,407700,684348.3871
2023-07-01,MED-001,LOC-005,31,1024,1389.9032,1640,2245,0,0,450,33.0323,0.7367,42.0771,1.0,460800,625456.4516
2023-07-01,MED-002,LOC-001,31,1713,2713.5806,3226,3345,0,0,470,55.2581,0.6313,49.1074,1.0,805110,1275382.9032
2023-07-01,MED-002,LOC-002,31,1276,2063.8065,2231,1298,0,0,470,41.1613,0.6183,50.1395,1.0,599720,969989.0323
2023-07-01,MED-002,LOC-003,31,996,1021.6129,1284,971,0,0,470,32.129,0.9749,31.7972,1.0,468120,480158.0645
2023-07-01,MED-002,LOC-004,31,736,1429.9032,1558,749,0,0,470,23.7419,0.5147,60.2269,1.0,345920,672054.5161
2023-07-01,MED-002,LOC-005,31,876,1256.5806,1578,1865,0,0,470,28.2581,0.6971,44.468,1.0,411720,590592.9032
2023-07-01,MED-003,LOC-001,31,1343,2351.7419,2869,2734,0,0,380,43.3226,0.5711,54.2844,1.0,510340,893661.9355
2023-07-01,MED-003,LOC-002,31,1008,1545.129,1923,2146,0,0,380,32.5161,0.6524,47.5188,1.0,383040,587149.0323
2023-07-01,MED-003,LOC-003,31,809,1052.6129,685,792,0,0,380,26.0968,0.7686,40.335,1.0,307420,399992.9032
2023-07-01,MED-003,LOC-004,31,581,989.6129,1294,1337,0,0,380,18.7419,0.5871,52.8021,1.0,220780,376052.9032
2023-07-01,MED-003,LOC-005,31,670,1099.4194,1251,1360,0,0,380,21.6129,0.6094,50.8687,1.0,254600,417779.3548
2023-07-01,MED-004,LOC-001,31,1050,1617.9355,1148,1192,0,0,520,33.871,0.649,47.7676,1.0,546000,841326.4516
2023-07-01,MED-004,LOC-002,31,802,1195.9355,1495,1561,0,0,520,25.871,0.6706,46.2269,1.0,417040,621886.4516
2023-07-01,MED-004,LOC-003,31,627,740.0968,461,631,0,0,520,20.2258,0.8472,36.5917,1.0,326040,384850.3226
2023-07-01,MED-004,LOC-004,31,480,596.6774,665,432,0,0,520,15.4839,0.8045,38.5354,1.0,249600,310272.2581
2023-07-01,MED-004,LOC-005,31,534,387.2581,239,514,0,0,520,17.2258,1.3789,22.4813,1.0,277680,201374.1935
2023-07-01,MED-005,LOC-001,31,399,443.2903,307,422,0,0,2800,12.871,0.9001,34.4411,1.0,1117200,1241212.9032
2023-07-01,MED-005,LOC-002,31,301,395.0645,292,307,0,0,2800,9.7097,0.7619,40.6877,1.0,842800,1106180.6452
2023-07-01,MED-005,LOC-003,31,238,259.2903,179,234,0,0,2800,7.6774,0.9179,33.7731,1.0,666400,726012.9032
2023-07-01,MED-005,LOC-004,31,180,185.0323,130,166,0,0,2800,5.8065,0.9728,31.8667,1.0,504000,518090.3226
2023-07-01,MED-005,LOC-005,31,207,283.4516,226,225,0,0,2800,6.6774,0.7303,42.4493,1.0,579600,793664.5161
2023-07-01,MED-006,LOC-001,31,371,390.9032,263,421,0,0,2900,11.9677,0.9491,32.6631,1.0,1075900,1133619.3548
2023-07-01,MED-006,LOC-002,31,272,327.7097,232,258,0,0,2900,8.7742,0.83,37.3493,1.0,788800,950358.0645
2023-07-01,MED-006,LOC-003,31,197,354.5806,259,217,0,0,2900,6.3548,0.5556,55.797,1.0,571300,1028283.871
2023-07-01,MED-006,LOC-004,31,157,207.9355,143,162,0,0,2900,5.0645,0.755,41.0573,1.0,455300,603012.9032
2023-07-01,MED-006,LOC-005,31,177,243.0968,176,189,0,0,2900,5.7097,0.7281,42.5763,1.0,513300,704980.6452
2023-07-01,MED-007,LOC-001,31,1404,2017.5161,2269,1410,0,0,650,45.2903,0.6959,44.5463,1.0,912600,1311385.4839
2023-07-01,MED-007,LOC-002,31,1057,1381.6129,1560,992,0,0,650,34.0968,0.765,40.5203,1.0,687050,898048.3871
2023-07-01,MED-007,LOC-003,31,833,1564.7097,1682,810,0,0,650,26.871,0.5324,58.2305,1.0,541450,1017061.2903
2023-07-01,MED-007,LOC-004,31,626,967.3871,1146,656,0,0,650,20.1935,0.6471,47.9058,1.0,406900,628801.6129
2023-07-01,MED-007,LOC-005,31,704,1006.3548,1054,666,0,0,650,22.7097,0.6996,44.3139,1.0,457600,654130.6452
2023-07-01,MED-008,LOC-001,31,679,799.7419,1007,1392,0,0,1850,21.9032,0.849,36.5125,1.0,1256150,1479522.5806
2023-07-01,MED-008,LOC-002,31,523,668.0645,423,575,0,0,1850,16.871,0.7829,39.5985,1.0,967550,1235919.3548
2023-07-01,MED-008,LOC-003,31,385,514.7419,333,445,0,0,1850,12.4194,0.7479,41.4468,1.0,712250,952272.5806
2023-07-01,MED-008,LOC-004,31,271,411.8387,284,271,0,0,1850,8.7419,0.658,47.1107,1.0,501350,761901.6129
2023-07-01,MED-008,LOC-005,31,344,527.4194,584,628,0,0,1850,11.0968,0.6522,47.5291,1.0,636400,975725.8065
2023-07-01,MED-009,LOC-001,31,1779,3581.2258,3715,1675,0,0,1200,57.3871,0.4968,62.4047,1.0,2134800,4297470.9677
2023-07-01,MED-009,LOC-002,31,1265,1789.5806,2071,1418,0,0,1200,40.8065,0.7069,43.8553,1.0,1518000,2147496.7742
2023-07-01,MED-009,LOC-003,31,1035,1828.4516,2032,1053,0,0,1200,33.3871,0.5661,54.7652,1.0,1242000,2194141.9355
2023-07-01,MED-009,LOC-004,31,778,1281.871,1486,861,0,0,1200,25.0968,0.6069,51.0771,1.0,933600,1538245.1613
2023-07-01,MED-009,LOC-005,31,909,1039.4839,1188,850,0,0,1200,29.3226,0.8745,35.4499,1.0,1090800,1247380.6452
2023-07-01,MED-010,LOC-001,31,957,1604.9355,1064,896,0,0,950,30.871,0.5963,51.9885,1.0,909150,1524688.7097
2023-07-01,MED-010,LOC-002,31,746,866.7742,625,722,0,0,950,24.0645,0.8607,36.0188,1.0,708700,823435.4839
2023-07-01,MED-010,LOC-003,31,588,727.2581,471,536,0,0,950,18.9677,0.8085,38.3418,1.0,558600,690895.1613
2023-07-01,MED-010,LOC-004,31,449,510.1935,764,921,0,0,950,14.4839,0.8801,35.2249,1.0,426550,484683.871
2023-07-01,MED-010,LOC-005,31,531,602.2258,993,1147,0,0,950,17.129,0.8817,35.1582,1.0,504450,572114.5161
2023-07-01,MED-011,LOC-001,31,880,1439.0968,1830,1744,0,0,900,28.3871,0.6115,50.6955,1.0,792000,1295187.0968
2023-07-01,MED-011,LOC-002,31,666,900.3548,646,635,0,0,900,21.4839,0.7397,41.9084,1.0,599400,810319.3548
2023-07-01,MED-011,LOC-003,31,530,555.4839,317,535,0,0,900,17.0968,0.9541,32.4906,1.0,477000,499935.4839
2023-07-01,MED-011,LOC-004,31,395,400.7742,259,386,0,0,900,12.7419,0.9856,31.4532,1.0,355500,360696.7742
2023-07-01,MED-011,LOC-005,31,452,544.4839,389,505,0,0,900,14.5806,0.8301,37.3429,1.0,406800,490035.4839
2023-07-01,MED-012,LOC-001,31,785,1054.5161,843,837,0,0,3500,25.3226,0.7444,41.6433,1.0,2747500,3690806.4516
2023-07-01,MED-012,LOC-002,31,580,635.3226,441,553,0,0,3500,18.7097,0.9129,33.9569,1.0,2030000,2223629.0323
2023-07-01,MED-012,LOC-003,31,458,478.3548,748,1004,0,0,3500,14.7742,0.9574,32.3777,1.0,1603000,1674241.9355
2023-07-01,MED-012,LOC-004,31,369,286.4516,191,357,0,0,3500,11.9032,1.2882,24.065,1.0,1291500,1002580.6452
2023-07-01,MED-012,LOC-005,31,397,507.0645,390,405,0,0,3500,12.8065,0.7829,39.5945,1.0,1389500,1774725.8065
2023-07-01,MED-013,LOC-001,31,720,1128.5161,1355,1447,0,0,2100,23.2258,0.638,48.5889,1.0,1512000,2369883.871
2023-07-01,MED-013,LOC-002,31,539,755.5161,992,1045,0,0,2100,17.3871,0.7134,43.4527,1.0,1131900,1586583.871
2023-07-01,MED-013,LOC-003,31,412,505.5161,288,425,0,0,2100,13.2903,0.815,38.0364,1.0,865200,1061583.871
2023-07-01,MED-013,LOC-004,31,321,469.7419,309,364,0,0,2100,10.3548,0.6834,45.3645,1.0,674100,986458.0645
2023-07-01,MED-013,LOC-005,31,370,590.7742,422,333,0,0,2100,11.9355,0.6263,49.4973,1.0,777000,1240625.8065
2023-07-01,MED-014,LOC-001,31,447,601.4516,651,440,0,0,4200,14.4194,0.7432,41.7114,1.0,1877400,2526096.7742
2023-07-01,MED-014,LOC-002,31,350,666.4839,731,739,0,0,4200,11.2903,0.5251,59.0314,1.0,1470000,2799232.2581
2023-07-01,MED-014,LOC-003,31,259,388.4194,482,277,0,0,4200,8.3548,0.6668,46.4903,1.0,1087800,1631361.2903
2023-07-01,MED-014,LOC-004,31,199,287.7419,347,390,0,0,4200,6.4194,0.6916,44.8241,1.0,835800,1208516.129
2023-07-01,MED-014,LOC-005,31,226,363.9355,429,240,0,0,4200,7.2903,0.621,49.9204,1.0,949200,1528529.0323
2023-07-01,MED-015,LOC-001,31,509,662.8065,822,562,0,0,2600,16.4194,0.7679,40.3674,1.0,1323400,1723296.7742
2023-07-01,MED-015,LOC-002,31,426,523.2581,582,375,0,0,2600,13.7419,0.8141,38.0775,1.0,1107600,1360470.9677
2023-07-01,MED-015,LOC-003,31,304,345.0968,442,335,0,0,2600,9.8065,0.8809,35.1908,1.0,790400,897251.6129
2023-07-01,MED-015,LOC-004,31,244,367.5806,440,251,0,0,2600,7.871,0.6638,46.7008,1.0,634400,955709.6774
2023-07-01,MED-015,LOC-005,31,254,380.9032,449,261,0,0,2600,8.1935,0.6668,46.4882,1.0,660400,990348.3871
2023-08-01,MED-001,LOC-001,31,2043,3506.0323,3604,1861,0,0,450,65.9032,0.5827,53.1997,1.0,919350,1577714.5161
2023-08-01,MED-001,LOC-002,31,1468,2447.5484,2640,1523,0,0,450,47.3548,0.5998,51.6853,1.0,660600,1101396.7742
2023-08-01,MED-001,LOC-003,31,1159,1850.5806,1750,1073,0,0,450,37.3871,0.6263,49.4978,1.0,521550,832761.2903
2023-08-01,MED-001,LOC-004,31,922,1446.8065,1579,865,0,0,450,29.7419,0.6373,48.6453,1.0,414900,651062.9032
2023-08-01,MED-001,LOC-005,31,1049,1480.6774,1550,1003,0,0,450,33.8387,0.7085,43.7569,1.0,472050,666304.8387
2023-08-01,MED-002,LOC-001,31,1626,2896.7742,3074,1524,0,0,470,52.4516,0.5613,55.2276,1.0,764220,1361483.871
2023-08-01,MED-002,LOC-002,31,1266,2146.4194,2249,1281,0,0,470,40.8387,0.5898,52.5585,1.0,595020,1008817.0968
2023-08-01,MED-002,LOC-003,31,974,1105.8065,1271,990,0,0,470,31.4194,0.8808,35.1951,1.0,457780,519729.0323
2023-08-01,MED-002,LOC-004,31,743,1454.4839,1574,783,0,0,470,23.9677,0.5108,60.6851,1.0,349210,683607.4194
2023-08-01,MED-002,LOC-005,31,860,1526.6129,1608,866,0,0,470,27.7419,0.5633,55.0291,1.0,404200,717508.0645
2023-08-01,MED-003,LOC-001,31,1289,2784.4194,2904,1246,0,0,380,41.5806,0.4629,66.9643,1.0,489820,1058079.3548
2023-08-01,MED-003,LOC-002,31,1005,1696.3548,1796,911,0,0,380,32.4194,0.5924,52.3254,1.0,381900,644614.8387
2023-08-01,MED-003,LOC-003,31,745,1175.7742,1387,1544,0,0,380,24.0323,0.6336,48.9248,1.0,283100,446794.1935
2023-08-01,MED-003,LOC-004,31,573,1136.0,1291,612,0,0,380,18.4839,0.5044,61.459,1.0,217740,431680.0
2023-08-01,MED-003,LOC-005,31,687,1117.0,1247,669,0,0,380,22.1613,0.615,50.4032,1.0,261060,424460.0
2023-08-01,MED-004,LOC-001,31,1046,1868.8065,2181,2088,0,0,520,33.7419,0.5597,55.3853,1.0,543920,971779.3548
2023-08-01,MED-004,LOC-002,31,803,1504.129,1568,851,0,0,520,25.9032,0.5339,58.0672,1.0,417560,782147.0968
2023-08-01,MED-004,LOC-003,31,615,1046.5806,1139,1371,0,0,520,19.8387,0.5876,52.7545,1.0,319800,544221.9355
2023-08-01,MED-004,LOC-004,31,455,546.5484,713,458,0,0,520,14.6774,0.8325,37.2374,1.0,236600,284205.1613
2023-08-01,MED-004,LOC-005,31,547,507.7742,689,1005,0,0,520,17.6452,1.0773,28.777,1.0,284440,264042.5806
2023-08-01,MED-005,LOC-001,31,388,549.0323,646,790,0,0,2800,12.5161,0.7067,43.866,1.0,1086400,1537290.3226
2023-08-01,MED-005,LOC-002,31,311,441.0645,551,616,0,0,2800,10.0323,0.7051,43.9646,1.0,870800,1234980.6452
2023-08-01,MED-005,LOC-003,31,233,289.4194,365,439,0,0,2800,7.5161,0.8051,38.5064,1.0,652400,810374.1935
2023-08-01,MED-005,LOC-004,31,181,169.2258,144,199,0,0,2800,5.8387,1.0696,28.9834,1.0,506800,473832.2581
2023-08-01,MED-005,LOC-005,31,204,302.3548,205,192,0,0,2800,6.5806,0.6747,45.9461,1.0,571200,846593.5484
2023-08-01,MED-006,LOC-001,31,355,381.5161,253,356,0,0,2900,11.4516,0.9305,33.3155,1.0,1029500,1106396.7742
2023-08-01,MED-006,LOC-002,31,275,369.7742,253,296,0,0,2900,8.871,0.7437,41.6836,1.0,797500,1072345.1613
2023-08-01,MED-006,LOC-003,31,209,353.6774,281,212,0,0,2900,6.7419,0.5909,52.4593,1.0,606100,1025664.5161
2023-08-01,MED-006,LOC-004,31,157,216.2581,148,165,0,0,2900,5.0645,0.726,42.7006,1.0,455300,627148.3871
2023-08-01,MED-006,LOC-005,31,183,251.2258,364,387,0,0,2900,5.9032,0.7284,42.5574,1.0,530700,728554.8387
2023-08-01,MED-007,LOC-001,31,1435,2195.7419,2386,1429,0,0,650,46.2903,0.6535,47.4341,1.0,932750,1427232.2581
2023-08-01,MED-007,LOC-002,31,1087,1408.1613,1582,1228,0,0,650,35.0645,0.7719,40.1592,1.0,706550,915304.8387
2023-08-01,MED-007,LOC-003,31,814,1682.7742,1622,825,0,0,650,26.2581,0.4837,64.086,1.0,529100,1093803.2258
2023-08-01,MED-007,LOC-004,31,635,1080.2258,1071,603,0,0,650,20.4839,0.5878,52.7354,1.0,412750,702146.7742
2023-08-01,MED-007,LOC-005,31,727,1029.6774,1075,699,0,0,650,23.4516,0.706,43.9065,1.0,472550,669290.3226
2023-08-01,MED-008,LOC-001,31,668,805.129,1064,745,0,0,1850,21.5484,0.8297,37.3638,1.0,1235800,1489488.7097
2023-08-01,MED-008,LOC-002,31,508,816.3871,907,1052,0,0,1850,16.3871,0.6223,49.8189,1.0,939800,1510316.129
2023-08-01,MED-008,LOC-003,31,383,604.5484,704,821,0,0,1850,12.3548,0.6335,48.9321,1.0,708550,1118414.5161
2023-08-01,MED-008,LOC-004,31,296,496.7419,508,571,0,0,1850,9.5484,0.5959,52.0236,1.0,547600,918972.5806
2023-08-01,MED-008,LOC-005,31,336,556.0,589,347,0,0,1850,10.8387,0.6043,51.2976,1.0,621600,1028600.0
2023-08-01,MED-009,LOC-001,31,1778,3588.8065,3504,1804,0,0,1200,57.3548,0.4954,62.572,1.0,2133600,4306567.7419
2023-08-01,MED-009,LOC-002,31,1338,2082.871,2353,1483,0,0,1200,43.1613,0.6424,48.2578,1.0,1605600,2499445.1613
2023-08-01,MED-009,LOC-003,31,1019,1956.0323,1967,1061,0,0,1200,32.871,0.521,59.5064,1.0,1222800,2347238.7097
2023-08-01,MED-009,LOC-004,31,793,1445.7419,1443,729,0,0,1200,25.5806,0.5485,56.517,1.0,951600,1734890.3226
2023-08-01,MED-009,LOC-005,31,871,1099.0645,1047,791,0,0,1200,28.0968,0.7925,39.1171,1.0,1045200,1318877.4194
2023-08-01,MED-010,LOC-001,31,974,1605.9355,1032,971,0,0,950,31.4194,0.6065,51.1129,1.0,925300,1525638.7097
2023-08-01,MED-010,LOC-002,31,754,1035.6452,719,797,0,0,950,24.3226,0.728,42.5796,1.0,716300,983862.9032
2023-08-01,MED-010,LOC-003,31,568,730.129,449,554,0,0,950,18.3226,0.7779,39.8486,1.0,539600,693622.5806
2023-08-01,MED-010,LOC-004,31,444,579.0,341,0,0,0,950,14.3226,0.7668,40.4257,1.0,421800,550050.0
2023-08-01,MED-010,LOC-005,31,527,776.3226,918,528,0,0,950,17.0,0.6788,45.666,1.0,500650,737506.4516
2023-08-01,MED-011,LOC-001,31,887,1497.4839,1027,0,0,0,900,28.6129,0.5923,52.336,1.0,798300,1347735.4839
2023-08-01,MED-011,LOC-002,31,668,1035.9032,1178,1315,0,0,900,21.5484,0.6448,48.0734,1.0,601200,932312.9032
2023-08-01,MED-011,LOC-003,31,523,681.2581,788,1047,0,0,900,16.871,0.7677,40.3805,1.0,470700,613132.2581
2023-08-01,MED-011,LOC-004,31,413,428.4516,603,779,0,0,900,13.3226,0.9639,32.1598,1.0,371700,385606.4516
2023-08-01,MED-011,LOC-005,31,470,611.0,829,909,0,0,900,15.1613,0.7692,40.3,1.0,423000,549900.0
2023-08-01,MED-012,LOC-001,31,814,1267.3871,1504,1544,0,0,3500,26.2581,0.6423,48.2666,1.0,2849000,4435854.8387
2023-08-01,MED-012,LOC-002,31,603,784.7097,989,1217,0,0,3500,19.4516,0.7684,40.3416,1.0,2110500,2746483.871
2023-08-01,MED-012,LOC-003,31,463,681.1935,756,440,0,0,3500,14.9355,0.6797,45.6091,1.0,1620500,2384177.4194
2023-08-01,MED-012,LOC-004,31,360,319.4194,189,357,0,0,3500,11.6129,1.127,27.5056,1.0,1260000,1117967.7419
2023-08-01,MED-012,LOC-005,31,421,564.5806,743,813,0,0,3500,13.5806,0.7457,41.5724,1.0,1473500,1976032.2581
2023-08-01,MED-013,LOC-001,31,678,1222.6452,1362,667,0,0,2100,21.871,0.5545,55.9027,1.0,1423800,2567554.8387
2023-08-01,MED-013,LOC-002,31,546,896.1935,992,567,0,0,2100,17.6129,0.6092,50.8828,1.0,1146600,1882006.4516
2023-08-01,MED-013,LOC-003,31,421,587.6774,684,846,0,0,2100,13.5806,0.7164,43.2732,1.0,884100,1234122.5806
2023-08-01,MED-013,LOC-004,31,313,537.0,661,697,0,0,2100,10.0968,0.5829,53.1853,1.0,657300,1127700.0
2023-08-01,MED-013,LOC-005,31,365,654.3548,772,739,0,0,2100,11.7742,0.5578,55.5753,1.0,766500,1374145.1613
2023-08-01,MED-014,LOC-001,31,455,624.5161,709,476,0,0,4200,14.6774,0.7286,42.5495,1.0,1911000,2622967.7419
2023-08-01,MED-014,LOC-002,31,335,726.7419,745,356,0,0,4200,10.8065,0.461,67.2507,1.0,1407000,3052316.129
2023-08-01,MED-014,LOC-003,31,261,462.0323,475,255,0,0,4200,8.4194,0.5649,54.8774,1.0,1096200,1940535.4839
2023-08-01,MED-014,LOC-004,31,196,319.5484,352,201,0,0,4200,6.3226,0.6134,50.5408,1.0,823200,1342103.2258
2023-08-01,MED-014,LOC-005,31,235,424.2581,435,253,0,0,4200,7.5806,0.5539,55.966,1.0,987000,1781883.871
2023-08-01,MED-015,LOC-001,31,530,689.6774,755,488,0,0,2600,17.0968,0.7685,40.3396,1.0,1378000,1793161.2903
2023-08-01,MED-015,LOC-002,31,394,523.2903,652,434,0,0,2600,12.7097,0.7529,41.1726,1.0,1024400,1360554.8387
2023-08-01,MED-015,LOC-003,31,306,393.1613,440,293,0,0,2600,9.871,0.7783,39.8301,1.0,795600,1022219.3548
2023-08-01,MED-015,LOC-004,31,241,406.7742,426,235,0,0,2600,7.7742,0.5925,52.3237,1.0,626600,1057612.9032
2023-08-01,MED-015,LOC-005,31,268,397.2903,450,279,0,0,2600,8.6452,0.6746,45.9552,1.0,696800,1032954.8387
2023-09-01,MED-001,LOC-001,30,1895,3420.4333,3845,2024,0,0,450,63.1667,0.554,54.1493,1.0,852750,1539195.0
2023-09-01,MED-001,LOC-002,30,1528,2704.8333,2737,1498,0,0,450,50.9333,0.5649,53.1054,1.0,687600,1217175.0
2023-09-01,MED-001,LOC-003,30,1154,1722.0,1884,1216,0,0,450,38.4667,0.6702,44.766,1.0,519300,774900.0
2023-09-01,MED-001,LOC-004,30,881,1538.1,1554,963,0,0,450,29.3667,0.5728,52.3757,1.0,396450,692145.0
2023-09-01,MED-001,LOC-005,30,994,1705.9,1737,1170,0,0,450,33.1333,0.5827,51.4859,1.0,447300,767655.0
2023-09-01,MED-002,LOC-001,30,1621,3008.2667,3105,1724,0,0,470,54.0333,0.5388,55.6743,1.0,761870,1413885.3333
2023-09-01,MED-002,LOC-002,30,1294,2257.0333,2384,1309,0,0,470,43.1333,0.5733,52.3269,1.0,608180,1060805.6667
2023-09-01,MED-002,LOC-003,30,958,1189.5,1297,921,0,0,470,31.9333,0.8054,37.2495,1.0,450260,559065.0
2023-09-01,MED-002,LOC-004,30,767,1624.3,1646,778,0,0,470,25.5667,0.4722,63.5319,1.0,360490,763421.0
2023-09-01,MED-002,LOC-005,30,892,1605.8667,1710,1037,0,0,470,29.7333,0.5555,54.009,1.0,419240,754757.3333
2023-09-01,MED-003,LOC-001,30,1325,2774.7333,3128,1532,0,0,380,44.1667,0.4775,62.8242,1.0,503500,1054398.6667
2023-09-01,MED-003,LOC-002,30,990,1663.1333,1816,1102,0,0,380,33.0,0.5953,50.398,1.0,376200,631990.6667
2023-09-01,MED-003,LOC-003,30,787,1323.2333,1399,839,0,0,380,26.2333,0.5948,50.4409,1.0,299060,502828.6667
2023-09-01,MED-003,LOC-004,30,572,1211.9667,1269,577,0,0,380,19.0667,0.472,63.5647,1.0,217360,460547.3333
2023-09-01,MED-003,LOC-005,30,676,1215.4,1405,738,0,0,380,22.5333,0.5562,53.9379,1.0,256880,461852.0
2023-09-01,MED-004,LOC-001,30,1043,1796.7,2072,1089,0,0,520,34.7667,0.5805,51.6788,1.0,542360,934284.0
2023-09-01,MED-004,LOC-002,30,812,1454.3,1510,765,0,0,520,27.0667,0.5583,53.7303,1.0,422240,756236.0
2023-09-01,MED-004,LOC-003,30,608,1062.9,1228,639,0,0,520,20.2667,0.572,52.4457,1.0,316160,552708.0
2023-09-01,MED-004,LOC-004,30,460,614.8333,718,502,0,0,520,15.3333,0.7482,40.0978,1.0,239200,319713.3333
2023-09-01,MED-004,LOC-005,30,538,542.4667,729,597,0,0,520,17.9333,0.9918,30.2491,1.0,279760,282082.6667
2023-09-01,MED-005,LOC-001,30,394,523.3333,314,0,0,0,2800,13.1333,0.7529,39.8477,1.0,1103200,1465333.3333
2023-09-01,MED-005,LOC-002,30,295,460.1667,288,0,0,0,2800,9.8333,0.6411,46.7966,1.0,826000,1288466.6667
2023-09-01,MED-005,LOC-003,30,233,284.4667,162,0,0,0,2800,7.7667,0.8191,36.6266,1.0,652400,796506.6667
2023-09-01,MED-005,LOC-004,30,167,279.9,345,371,0,0,2800,5.5667,0.5966,50.2814,1.0,467600,783720.0
2023-09-01,MED-005,LOC-005,30,200,323.6667,222,211,0,0,2800,6.6667,0.6179,48.55,1.0,560000,906266.6667
2023-09-01,MED-006,LOC-001,30,361,496.8667,641,761,0,0,2900,12.0333,0.7266,41.2909,1.0,1046900,1440913.3333
2023-09-01,MED-006,LOC-002,30,267,482.8667,533,574,0,0,2900,8.9,0.5529,54.2547,1.0,774300,1400313.3333
2023-09-01,MED-006,LOC-003,30,205,393.5667,470,434,0,0,2900,6.8333,0.5209,57.5951,1.0,594500,1141343.3333
2023-09-01,MED-006,LOC-004,30,160,263.6667,338,356,0,0,2900,5.3333,0.6068,49.4375,1.0,464000,764633.3333
2023-09-01,MED-006,LOC-005,30,185,302.5,201,0,0,0,2900,6.1667,0.6116,49.0541,1.0,536500,877250.0
2023-09-01,MED-007,LOC-001,30,1442,2342.9667,2324,1469,0,0,650,48.0667,0.6155,48.7441,1.0,937300,1522928.3333
2023-09-01,MED-007,LOC-002,30,1063,1647.8,1797,1218,0,0,650,35.4333,0.6451,46.5042,1.0,690950,1071070.0
2023-09-01,MED-007,LOC-003,30,844,1669.3,1686,923,0,0,650,28.1333,0.5056,59.3353,1.0,548600,1085045.0
2023-09-01,MED-007,LOC-004,30,639,1105.0667,1074,625,0,0,650,21.3,0.5782,51.8811,1.0,415350,718293.3333
2023-09-01,MED-007,LOC-005,30,703,1096.5333,1132,719,0,0,650,23.4333,0.6411,46.7937,1.0,456950,712746.6667
2023-09-01,MED-008,LOC-001,30,656,958.8333,1107,721,0,0,1850,21.8667,0.6842,43.8491,1.0,1213600,1773841.6667
2023-09-01,MED-008,LOC-002,30,488,842.5,909,481,0,0,1850,16.2667,0.5792,51.793,1.0,902800,1558625.0
2023-09-01,MED-008,LOC-003,30,394,697.2333,714,405,0,0,1850,13.1333,0.5651,53.0888,1.0,728900,1289881.6667
2023-09-01,MED-008,LOC-004,30,301,486.9,517,299,0,0,1850,10.0333,0.6182,48.5282,1.0,556850,900765.0
2023-09-01,MED-008,LOC-005,30,331,535.1667,645,353,0,0,1850,11.0333,0.6185,48.5045,1.0,612350,990058.3333
2023-09-01,MED-009,LOC-001,30,1772,3769.6333,3552,1858,0,0,1200,59.0667,0.4701,63.82,1.0,2126400,4523560.0
2023-09-01,MED-009,LOC-002,30,1389,2329.6333,2463,1567,0,0,1200,46.3,0.5962,50.3161,1.0,1666800,2795560.0
2023-09-01,MED-009,LOC-003,30,1047,2052.3,2123,1108,0,0,1200,34.9,0.5102,58.8052,1.0,1256400,2462760.0
2023-09-01,MED-009,LOC-004,30,785,1424.1333,1441,809,0,0,1200,26.1667,0.5512,54.4255,1.0,942000,1708960.0
2023-09-01,MED-009,LOC-005,30,904,994.1333,1233,1043,0,0,1200,30.1333,0.9093,32.9912,1.0,1084800,1192960.0
2023-09-01,MED-010,LOC-001,30,975,1765.6667,1857,1882,0,0,950,32.5,0.5522,54.3282,1.0,926250,1677383.3333
2023-09-01,MED-010,LOC-002,30,754,1097.5333,728,762,0,0,950,25.1333,0.687,43.6684,1.0,716300,1042656.6667
2023-09-01,MED-010,LOC-003,30,563,865.2,1022,1206,0,0,950,18.7667,0.6507,46.103,1.0,534850,821940.0
2023-09-01,MED-010,LOC-004,30,423,590.3,760,850,0,0,950,14.1,0.7166,41.8652,1.0,401850,560785.0
2023-09-01,MED-010,LOC-005,30,507,807.5667,1029,538,0,0,950,16.9,0.6278,47.785,1.0,481650,767188.3333
2023-09-01,MED-011,LOC-001,30,907,1488.1,1898,1840,0,0,900,30.2333,0.6095,49.2205,1.0,816300,1339290.0
2023-09-01,MED-011,LOC-002,30,653,1076.4,1276,672,0,0,900,21.7667,0.6067,49.4518,1.0,587700,968760.0
2023-09-01,MED-011,LOC-003,30,482,684.1333,852,528,0,0,900,16.0667,0.7045,42.5809,1.0,433800,615720.0
2023-09-01,MED-011,LOC-004,30,405,486.7667,569,372,0,0,900,13.5,0.832,36.0568,1.0,364500,438090.0
2023-09-01,MED-011,LOC-005,30,455,712.7333,852,480,0,0,900,15.1667,0.6384,46.9934,1.0,409500,641460.0
2023-09-01,MED-012,LOC-001,30,777,1258.3333,1513,769,0,0,3500,25.9,0.6175,48.5843,1.0,2719500,4404166.6667
2023-09-01,MED-012,LOC-002,30,580,787.7,1005,587,0,0,3500,19.3333,0.7363,40.7431,1.0,2030000,2756950.0
2023-09-01,MED-012,LOC-003,30,444,604.2,789,447,0,0,3500,14.8,0.7349,40.8243,1.0,1554000,2114700.0
2023-09-01,MED-012,LOC-004,30,345,479.2333,540,739,0,0,3500,11.5,0.7199,41.6725,1.0,1207500,1677316.6667
2023-09-01,MED-012,LOC-005,30,411,646.2,727,433,0,0,3500,13.7,0.636,47.1679,1.0,1438500,2261700.0
2023-09-01,MED-013,LOC-001,30,701,1228.2333,1533,813,0,0,2100,23.3667,0.5707,52.5635,1.0,1472100,2579290.0
2023-09-01,MED-013,LOC-002,30,533,869.5,1059,570,0,0,2100,17.7667,0.613,48.94,1.0,1119300,1825950.0
2023-09-01,MED-013,LOC-003,30,406,592.1333,751,449,0,0,2100,13.5333,0.6857,43.7537,1.0,852600,1243480.0
2023-09-01,MED-013,LOC-004,30,305,631.1,659,332,0,0,2100,10.1667,0.4833,62.0754,1.0,640500,1325310.0
2023-09-01,MED-013,LOC-005,30,375,752.3,847,438,0,0,2100,12.5,0.4985,60.184,1.0,787500,1579830.0
2023-09-01,MED-014,LOC-001,30,447,673.7,696,451,0,0,4200,14.9,0.6635,45.2148,1.0,1877400,2829540.0
2023-09-01,MED-014,LOC-002,30,322,757.0,784,367,0,0,4200,10.7333,0.4254,70.528,1.0,1352400,3179400.0
2023-09-01,MED-014,LOC-003,30,248,472.0667,489,261,0,0,4200,8.2667,0.5253,57.1048,1.0,1041600,1982680.0
2023-09-01,MED-014,LOC-004,30,202,322.4,368,229,0,0,4200,6.7333,0.6266,47.8812,1.0,848400,1354080.0
2023-09-01,MED-014,LOC-005,30,230,463.5667,473,271,0,0,4200,7.6667,0.4962,60.4652,1.0,966000,1946980.0
2023-09-01,MED-015,LOC-001,30,532,787.3,806,532,0,0,2600,17.7333,0.6757,44.3966,1.0,1383200,2046980.0
2023-09-01,MED-015,LOC-002,30,411,612.9667,669,433,0,0,2600,13.7,0.6705,44.7421,1.0,1068600,1593713.3333
2023-09-01,MED-015,LOC-003,30,322,406.8,436,311,0,0,2600,10.7333,0.7915,37.9006,1.0,837200,1057680.0
2023-09-01,MED-015,LOC-004,30,242,429.4,442,265,0,0,2600,8.0667,0.5636,53.2314,1.0,629200,1116440.0
2023-09-01,MED-015,LOC-005,30,279,457.8667,465,270,0,0,2600,9.3,0.6093,49.233,1.0,725400,1190453.3333
2023-10-01,MED-001,LOC-001,31,2102,3692.2903,3581,2111,0,0,450,67.8065,0.5693,54.4534,1.0,945900,1661530.6452
2023-10-01,MED-001,LOC-002,31,1555,2773.129,2665,1501,0,0,450,50.1613,0.5607,55.2842,1.0,699750,1247908.0645
2023-10-01,MED-001,LOC-003,31,1214,1801.0323,1784,1167,0,0,450,39.1613,0.6741,45.9901,1.0,546300,810464.5161
2023-10-01,MED-001,LOC-004,31,943,1568.0968,1555,871,0,0,450,30.4194,0.6014,51.5493,1.0,424350,705643.5484
2023-10-01,MED-001,LOC-005,31,1064,1813.4194,1713,1046,0,0,450,34.3226,0.5867,52.8346,1.0,478800,816038.7097
2023-10-01,MED-002,LOC-001,31,1759,3100.5484,3146,1932,0,0,470,56.7419,0.5673,54.643,1.0,826730,1457257.7419
2023-10-01,MED-002,LOC-002,31,1343,2424.5806,2341,1429,0,0,470,43.3226,0.5539,55.9657,1.0,631210,1139552.9032
2023-10-01,MED-002,LOC-003,31,1018,1286.7419,1446,1160,0,0,470,32.8387,0.7911,39.1837,1.0,478460,604768.7097
2023-10-01,MED-002,LOC-004,31,767,1646.5484,1693,817,0,0,470,24.7419,0.4658,66.5489,1.0,360490,773877.7419
2023-10-01,MED-002,LOC-005,31,944,1723.4516,1776,999,0,0,470,30.4516,0.5477,56.5964,1.0,443680,810022.2581
2023-10-01,MED-003,LOC-001,31,1356,3050.5484,3115,1472,0,0,380,43.7419,0.4445,69.7397,1.0,515280,1159208.3871
2023-10-01,MED-003,LOC-002,31,1055,1877.0968,1803,978,0,0,380,34.0323,0.562,55.1564,1.0,400900,713296.7742
2023-10-01,MED-003,LOC-003,31,837,1359.4194,1475,890,0,0,380,27.0,0.6157,50.3489,1.0,318060,516579.3548
2023-10-01,MED-003,LOC-004,31,620,1294.3226,1359,657,0,0,380,20.0,0.479,64.7161,1.0,235600,491842.5806
2023-10-01,MED-003,LOC-005,31,722,1283.1935,1322,701,0,0,380,23.2903,0.5627,55.0956,1.0,274360,487613.5484
2023-10-01,MED-004,LOC-001,31,1118,2120.0323,2159,1179,0,0,520,36.0645,0.5274,58.7844,1.0,581360,1102416.7742
2023-10-01,MED-004,LOC-002,31,829,1437.3548,1572,848,0,0,520,26.7419,0.5768,53.7491,1.0,431080,747424.5161
2023-10-01,MED-004,LOC-003,31,643,1133.4194,1195,624,0,0,520,20.7419,0.5673,54.6439,1.0,334360,589378.0645
2023-10-01,MED-004,LOC-004,31,509,659.871,729,506,0,0,520,16.4194,0.7714,40.1886,1.0,264680,343132.9032
2023-10-01,MED-004,LOC-005,31,582,618.5484,722,555,0,0,520,18.7742,0.9409,32.9467,1.0,302640,321645.1613
2023-10-01,MED-005,LOC-001,31,422,645.1613,691,845,0,0,2800,13.6129,0.6541,47.3934,1.0,1181600,1806451.6129
2023-10-01,MED-005,LOC-002,31,314,550.0323,619,647,0,0,2800,10.129,0.5709,54.3025,1.0,879200,1540090.3226
2023-10-01,MED-005,LOC-003,31,240,309.5806,394,498,0,0,2800,7.7419,0.7752,39.9875,1.0,672000,866825.8065
2023-10-01,MED-005,LOC-004,31,183,285.9032,323,182,0,0,2800,5.9032,0.6401,48.4317,1.0,512400,800529.0323
2023-10-01,MED-005,LOC-005,31,218,320.0645,403,411,0,0,2800,7.0323,0.6811,45.5138,1.0,610400,896180.6452
2023-10-01,MED-006,LOC-001,31,372,499.7097,667,395,0,0,2900,12.0,0.7444,41.6425,1.0,1078800,1449158.0645
2023-10-01,MED-006,LOC-002,31,291,527.4516,536,303,0,0,2900,9.3871,0.5517,56.189,1.0,843900,1529609.6774
2023-10-01,MED-006,LOC-003,31,215,439.9032,463,204,0,0,2900,6.9355,0.4887,63.4279,1.0,623500,1275719.3548
2023-10-01,MED-006,LOC-004,31,167,332.3871,343,189,0,0,2900,5.3871,0.5024,61.7006,1.0,484300,963922.5806
2023-10-01,MED-006,LOC-005,31,194,316.9032,356,375,0,0,2900,6.2581,0.6122,50.6392,1.0,562600,919019.3548
2023-10-01,MED-007,LOC-001,31,1500,2435.6129,2403,1622,0,0,650,48.3871,0.6159,50.336,1.0,975000,1583148.3871
2023-10-01,MED-007,LOC-002,31,1106,1803.7742,1677,1045,0,0,650,35.6774,0.6132,50.5579,1.0,718900,1172453.2258
2023-10-01,MED-007,LOC-003,31,895,1781.9355,1823,889,0,0,650,28.871,0.5023,61.7207,1.0,581750,1158258.0645
2023-10-01,MED-007,LOC-004,31,645,1159.6774,1172,711,0,0,650,20.8065,0.5562,55.7364,1.0,419250,753790.3226
2023-10-01,MED-007,LOC-005,31,759,1041.6452,1044,707,0,0,650,24.4839,0.7287,42.5441,1.0,493350,677069.3548
2023-10-01,MED-008,LOC-001,31,709,1127.3548,1255,770,0,0,1850,22.871,0.6289,49.292,1.0,1311650,2085606.4516
2023-10-01,MED-008,LOC-002,31,517,872.4194,932,577,0,0,1850,16.6774,0.5926,52.3114,1.0,956450,1613975.8065
2023-10-01,MED-008,LOC-003,31,401,729.8065,725,378,0,0,1850,12.9355,0.5495,56.419,1.0,741850,1350141.9355
2023-10-01,MED-008,LOC-004,31,309,488.7742,525,301,0,0,1850,9.9677,0.6322,49.0356,1.0,571650,904232.2581
2023-10-01,MED-008,LOC-005,31,355,609.5484,650,353,0,0,1850,11.4516,0.5824,53.2282,1.0,656750,1127664.5161
2023-10-01,MED-009,LOC-001,31,1856,3834.5161,3764,1817,0,0,1200,59.871,0.484,64.0463,1.0,2227200,4601419.3548
2023-10-01,MED-009,LOC-002,31,1436,2528.8387,2407,1411,0,0,1200,46.3226,0.5678,54.5919,1.0,1723200,3034606.4516
2023-10-01,MED-009,LOC-003,31,1117,2186.8065,2194,1207,0,0,1200,36.0323,0.5108,60.6902,1.0,1340400,2624167.7419
2023-10-01,MED-009,LOC-004,31,825,1545.4194,1506,931,0,0,1200,26.6129,0.5338,58.0703,1.0,990000,1854503.2258
2023-10-01,MED-009,LOC-005,31,946,1248.4839,1237,1003,0,0,1200,30.5161,0.7577,40.9123,1.0,1135200,1498180.6452
2023-10-01,MED-010,LOC-001,31,966,1767.3871,1835,939,0,0,950,31.1613,0.5466,56.7174,1.0,917700,1679017.7419
2023-10-01,MED-010,LOC-002,31,761,1414.5161,1415,1566,0,0,950,24.5484,0.538,57.6216,1.0,722950,1343790.3226
2023-10-01,MED-010,LOC-003,31,599,926.4839,1024,577,0,0,950,19.3226,0.6465,47.9482,1.0,569050,880159.6774
2023-10-01,MED-010,LOC-004,31,476,641.871,739,504,0,0,950,15.3548,0.7416,41.8025,1.0,452200,609777.4194
2023-10-01,MED-010,LOC-005,31,513,939.9355,986,498,0,0,950,16.5484,0.5458,56.7992,1.0,487350,892938.7097
2023-10-01,MED-011,LOC-001,31,957,1648.0968,1748,898,0,0,900,30.871,0.5807,53.3866,1.0,861300,1483287.0968
2023-10-01,MED-011,LOC-002,31,686,1009.5161,1364,788,0,0,900,22.129,0.6795,45.6195,1.0,617400,908564.5161
2023-10-01,MED-011,LOC-003,31,545,747.2903,864,541,0,0,900,17.5806,0.7293,42.5064,1.0,490500,672561.2903
2023-10-01,MED-011,LOC-004,31,404,519.6129,549,389,0,0,900,13.0323,0.7775,39.8713,1.0,363600,467651.6129
2023-10-01,MED-011,LOC-005,31,461,750.2581,797,478,0,0,900,14.871,0.6145,50.4512,1.0,414900,675232.2581
2023-10-01,MED-012,LOC-001,31,836,1305.4516,1645,926,0,0,3500,26.9677,0.6404,48.4079,1.0,2926000,4569080.6452
2023-10-01,MED-012,LOC-002,31,644,815.9032,981,676,0,0,3500,20.7742,0.7893,39.2748,1.0,2254000,2855661.2903
2023-10-01,MED-012,LOC-003,31,482,739.2903,856,549,0,0,3500,15.5484,0.652,47.5477,1.0,1687000,2587516.129
2023-10-01,MED-012,LOC-004,31,374,413.2581,568,385,0,0,3500,12.0645,0.905,34.254,1.0,1309000,1446403.2258
2023-10-01,MED-012,LOC-005,31,429,703.0968,747,435,0,0,3500,13.8387,0.6102,50.8065,1.0,1501500,2460838.7097
2023-10-01,MED-013,LOC-001,31,721,1393.4516,1520,775,0,0,2100,23.2581,0.5174,59.9126,1.0,1514100,2926248.3871
2023-10-01,MED-013,LOC-002,31,556,972.8065,1059,583,0,0,2100,17.9355,0.5715,54.2392,1.0,1167600,2042893.5484
2023-10-01,MED-013,LOC-003,31,435,734.1613,826,500,0,0,2100,14.0323,0.5925,52.3195,1.0,913500,1541738.7097
2023-10-01,MED-013,LOC-004,31,337,666.129,723,358,0,0,2100,10.871,0.5059,61.276,1.0,707700,1398870.9677
2023-10-01,MED-013,LOC-005,31,385,790.7419,741,343,0,0,2100,12.4194,0.4869,63.6701,1.0,808500,1660558.0645
2023-10-01,MED-014,LOC-001,31,459,724.2258,778,511,0,0,4200,14.8065,0.6338,48.9129,1.0,1927800,3041748.3871
2023-10-01,MED-014,LOC-002,31,353,883.0968,833,406,0,0,4200,11.3871,0.3997,77.5524,1.0,1482600,3709006.4516
2023-10-01,MED-014,LOC-003,31,277,519.3871,542,317,0,0,4200,8.9355,0.5333,58.1264,1.0,1163400,2181425.8065
2023-10-01,MED-014,LOC-004,31,207,367.3548,338,190,0,0,4200,6.6774,0.5635,55.0145,1.0,869400,1542890.3226
2023-10-01,MED-014,LOC-005,31,241,485.4516,468,226,0,0,4200,7.7742,0.4964,62.444,1.0,1012200,2038896.7742
2023-10-01,MED-015,LOC-001,31,574,789.8387,762,532,0,0,2600,18.5161,0.7267,42.6568,1.0,1492400,2053580.6452
2023-10-01,MED-015,LOC-002,31,435,690.8387,657,421,0,0,2600,14.0323,0.6297,49.2322,1.0,1131000,1796180.6452
2023-10-01,MED-015,LOC-003,31,320,409.4194,415,304,0,0,2600,10.3226,0.7816,39.6625,1.0,832000,1064490.3226
2023-10-01,MED-015,LOC-004,31,256,468.9677,451,271,0,0,2600,8.2581,0.5459,56.7891,1.0,665600,1219316.129
2023-10-01,MED-015,LOC-005,31,280,481.2258,439,290,0,0,2600,9.0323,0.5818,53.2786,1.0,728000,1251187.0968
2023-11-01,MED-001,LOC-001,30,2234,4076.1667,3885,2513,0,0,450,74.4667,0.5481,54.7381,1.0,1005300,1834275.0
2023-11-01,MED-001,LOC-002,30,1575,2692.8667,2477,1443,0,0,450,52.5,0.5849,51.2927,1.0,708750,1211790.0
2023-11-01,MED-001,LOC-003,30,1281,2035.8333,2016,1387,0,0,450,42.7,0.6292,47.6776,1.0,576450,916125.0
2023-11-01,MED-001,LOC-004,30,986,1591.0667,1749,1134,0,0,450,32.8667,0.6197,48.4097,1.0,443700,715980.0
2023-11-01,MED-001,LOC-005,30,1166,1835.6,1732,1201,0,0,450,38.8667,0.6352,47.2281,1.0,524700,826020.0
2023-11-01,MED-002,LOC-001,30,1856,3472.8667,3226,1908,0,0,470,61.8667,0.5344,56.1347,1.0,872320,1632247.3333
2023-11-01,MED-002,LOC-002,30,1418,2543.6,2507,1576,0,0,470,47.2667,0.5575,53.8138,1.0,666460,1195492.0
2023-11-01,MED-002,LOC-003,30,1079,1438.1667,1335,982,0,0,470,35.9667,0.7503,39.9861,1.0,507130,675938.3333
2023-11-01,MED-002,LOC-004,30,795,1757.2333,1714,763,0,0,470,26.5,0.4524,66.3107,1.0,373650,825899.6667
2023-11-01,MED-002,LOC-005,30,940,1872.0333,1775,932,0,0,470,31.3333,0.5021,59.7457,1.0,441800,879855.6667
2023-11-01,MED-003,LOC-001,30,1459,3283.7667,3160,1535,0,0,380,48.6333,0.4443,67.5209,1.0,554420,1247831.3333
2023-11-01,MED-003,LOC-002,30,1106,1726.5,1878,1234,0,0,380,36.8667,0.6406,46.8309,1.0,420280,656070.0
2023-11-01,MED-003,LOC-003,30,845,1448.5333,1586,899,0,0,380,28.1667,0.5833,51.4272,1.0,321100,550442.6667
2023-11-01,MED-003,LOC-004,30,619,1303.4667,1329,678,0,0,380,20.6333,0.4749,63.1729,1.0,235220,495317.3333
2023-11-01,MED-003,LOC-005,30,759,1445.3667,1461,839,0,0,380,25.3,0.5251,57.1291,1.0,288420,549239.3333
2023-11-01,MED-004,LOC-001,30,1145,2289.4333,2185,1203,0,0,520,38.1667,0.5001,59.9852,1.0,595400,1190505.3333
2023-11-01,MED-004,LOC-002,30,889,1596.5667,1600,988,0,0,520,29.6333,0.5568,53.8774,1.0,462280,830214.6667
2023-11-01,MED-004,LOC-003,30,672,1164.8,1234,757,0,0,520,22.4,0.5769,52.0,1.0,349440,605696.0
2023-11-01,MED-004,LOC-004,30,515,695.5,710,469,0,0,520,17.1667,0.7405,40.5146,1.0,267800,361660.0
2023-11-01,MED-004,LOC-005,30,594,671.9333,698,623,0,0,520,19.8,0.884,33.936,1.0,308880,349405.3333
2023-11-01,MED-005,LOC-001,30,431,611.1,651,390,0,0,2800,14.3667,0.7053,42.536,1.0,1206800,1711080.0
2023-11-01,MED-005,LOC-002,30,339,530.7,611,323,0,0,2800,11.3,0.6388,46.9646,1.0,949200,1485960.0
2023-11-01,MED-005,LOC-003,30,260,384.8667,431,294,0,0,2800,8.6667,0.6756,44.4077,1.0,728000,1077626.6667
2023-11-01,MED-005,LOC-004,30,195,294.9,323,193,0,0,2800,6.5,0.6612,45.3692,1.0,546000,825720.0
2023-11-01,MED-005,LOC-005,30,218,374.4333,362,200,0,0,2800,7.2667,0.5822,51.5275,1.0,610400,1048413.3333
2023-11-01,MED-006,LOC-001,30,390,581.8333,679,407,0,0,2900,13.0,0.6703,44.7564,1.0,1131000,1687316.6667
2023-11-01,MED-006,LOC-002,30,289,537.1333,547,274,0,0,2900,9.6333,0.538,55.7578,1.0,838100,1557686.6667
2023-11-01,MED-006,LOC-003,30,226,498.4667,483,242,0,0,2900,7.5333,0.4534,66.1681,1.0,655400,1445553.3333
2023-11-01,MED-006,LOC-004,30,173,314.5667,376,178,0,0,2900,5.7667,0.55,54.5491,1.0,501700,912243.3333
2023-11-01,MED-006,LOC-005,30,208,331.6667,379,225,0,0,2900,6.9333,0.6271,47.8365,1.0,603200,961833.3333
2023-11-01,MED-007,LOC-001,30,1553,2840.1,2548,1728,0,0,650,51.7667,0.5468,54.8635,1.0,1009450,1846065.0
2023-11-01,MED-007,LOC-002,30,1211,1854.5333,1622,1122,0,0,650,40.3667,0.653,45.9422,1.0,787150,1205446.6667
2023-11-01,MED-007,LOC-003,30,940,1920.7667,1745,1012,0,0,650,31.3333,0.4894,61.3011,1.0,611000,1248498.3333
2023-11-01,MED-007,LOC-004,30,692,1236.3333,1115,703,0,0,650,23.0667,0.5597,53.5983,1.0,449800,803616.6667
2023-11-01,MED-007,LOC-005,30,813,1157.7,1088,914,0,0,650,27.1,0.7023,42.7196,1.0,528450,752505.0
2023-11-01,MED-008,LOC-001,30,708,1320.9,1310,810,0,0,1850,23.6,0.536,55.9703,1.0,1309800,2443665.0
2023-11-01,MED-008,LOC-002,30,546,960.1,993,567,0,0,1850,18.2,0.5687,52.7527,1.0,1010100,1776185.0
2023-11-01,MED-008,LOC-003,30,433,781.3333,772,480,0,0,1850,14.4333,0.5542,54.1339,1.0,801050,1445466.6667
2023-11-01,MED-008,LOC-004,30,316,518.1,527,297,0,0,1850,10.5333,0.6099,49.1867,1.0,584600,958485.0
2023-11-01,MED-008,LOC-005,30,367,643.6667,647,383,0,0,1850,12.2333,0.5702,52.6158,1.0,678950,1190783.3333
2023-11-01,MED-009,LOC-001,30,1950,4171.9667,3907,2124,0,0,1200,65.0,0.4674,64.1841,1.0,2340000,5006360.0
2023-11-01,MED-009,LOC-002,30,1465,2698.1667,2401,1417,0,0,1200,48.8333,0.543,55.2526,1.0,1758000,3237800.0
2023-11-01,MED-009,LOC-003,30,1108,2440.1,2246,1237,0,0,1200,36.9333,0.4541,66.0677,1.0,1329600,2928120.0
2023-11-01,MED-009,LOC-004,30,867,1665.5333,1477,798,0,0,1200,28.9,0.5206,57.6309,1.0,1040400,1998640.0
2023-11-01,MED-009,LOC-005,30,1003,1419.0,1289,1075,0,0,1200,33.4333,0.7068,42.4427,1.0,1203600,1702800.0
2023-11-01,MED-010,LOC-001,30,1062,1871.8333,1905,1089,0,0,950,35.4,0.5674,52.8766,1.0,1008900,1778241.6667
2023-11-01,MED-010,LOC-002,30,795,1394.0,1598,894,0,0,950,26.5,0.5703,52.6038,1.0,755250,1324300.0
2023-11-01,MED-010,LOC-003,30,635,986.0333,1041,696,0,0,950,21.1667,0.644,46.5843,1.0,603250,936731.6667
2023-11-01,MED-010,LOC-004,30,466,708.9333,779,486,0,0,950,15.5333,0.6573,45.6395,1.0,442700,673486.6667
2023-11-01,MED-010,LOC-005,30,552,910.2333,1076,625,0,0,950,18.4,0.6064,49.4692,1.0,524400,864721.6667
2023-11-01,MED-011,LOC-001,30,984,1644.0667,1749,948,0,0,900,32.8,0.5985,50.124,1.0,885600,1479660.0
2023-11-01,MED-011,LOC-002,30,725,1239.1333,1310,659,0,0,900,24.1667,0.5851,51.2745,1.0,652500,1115220.0
2023-11-01,MED-011,LOC-003,30,570,705.6,918,627,0,0,900,19.0,0.8078,37.1368,1.0,513000,635040.0
2023-11-01,MED-011,LOC-004,30,432,491.5667,597,472,0,0,900,14.4,0.8788,34.1366,1.0,388800,442410.0
2023-11-01,MED-011,LOC-005,30,495,806.7667,817,470,0,0,900,16.5,0.6136,48.8949,1.0,445500,726090.0
2023-11-01,MED-012,LOC-001,30,862,1476.8333,1551,893,0,0,3500,28.7333,0.5837,51.3979,1.0,3017000,5168916.6667
2023-11-01,MED-012,LOC-002,30,637,920.6667,1071,684,0,0,3500,21.2333,0.6919,43.3595,1.0,2229500,3222333.3333
2023-11-01,MED-012,LOC-003,30,520,776.8,880,558,0,0,3500,17.3333,0.6694,44.8154,1.0,1820000,2718800.0
2023-11-01,MED-012,LOC-004,30,388,513.7333,573,392,0,0,3500,12.9333,0.7553,39.7216,1.0,1358000,1798066.6667
2023-11-01,MED-012,LOC-005,30,446,764.7,799,446,0,0,3500,14.8667,0.5832,51.4372,1.0,1561000,2676450.0
2023-11-01,MED-013,LOC-001,30,756,1459.7333,1577,859,0,0,2100,25.2,0.5179,57.9259,1.0,1587600,3065440.0
2023-11-01,MED-013,LOC-002,30,558,990.9667,1128,603,0,0,2100,18.6,0.5631,53.2778,1.0,1171800,2081030.0
2023-11-01,MED-013,LOC-003,30,439,701.8667,810,438,0,0,2100,14.6333,0.6255,47.9636,1.0,921900,1473920.0
2023-11-01,MED-013,LOC-004,30,356,697.7667,733,372,0,0,2100,11.8667,0.5102,58.8006,1.0,747600,1465310.0
2023-11-01,MED-013,LOC-005,30,389,759.4667,780,412,0,0,2100,12.9667,0.5122,58.5707,1.0,816900,1594880.0
2023-11-01,MED-014,LOC-001,30,473,833.3333,778,522,0,0,4200,15.7667,0.5676,52.8541,1.0,1986600,3500000.0
2023-11-01,MED-014,LOC-002,30,381,907.4667,877,382,0,0,4200,12.7,0.4199,71.4541,1.0,1600200,3811360.0
2023-11-01,MED-014,LOC-003,30,284,559.3667,531,280,0,0,4200,9.4667,0.5077,59.088,1.0,1192800,2349340.0
2023-11-01,MED-014,LOC-004,30,209,363.2667,338,204,0,0,4200,6.9667,0.5753,52.1435,1.0,877800,1525720.0
2023-11-01,MED-014,LOC-005,30,235,543.1,498,259,0,0,4200,7.8333,0.4327,69.3319,1.0,987000,2281020.0
2023-11-01,MED-015,LOC-001,30,581,814.2333,765,637,0,0,2600,19.3667,0.7136,42.043,1.0,1510600,2117006.6667
2023-11-01,MED-015,LOC-002,30,438,671.1,662,446,0,0,2600,14.6,0.6527,45.9658,1.0,1138800,1744860.0
2023-11-01,MED-015,LOC-003,30,347,448.6333,455,392,0,0,2600,11.5667,0.7735,38.7867,1.0,902200,1166446.6667
2023-11-01,MED-015,LOC-004,30,260,500.7,459,249,0,0,2600,8.6667,0.5193,57.7731,1.0,676000,1301820.0
2023-11-01,MED-015,LOC-005,30,289,518.4,489,305,0,0,2600,9.6333,0.5575,53.8131,1.0,751400,1347840.0
2023-12-01,MED-001,LOC-001,31,1631,4480.5806,4090,1736,0,0,450,52.6129,0.364,85.1613,1.0,733950,2016261.2903
2023-12-01,MED-001,LOC-002,31,1317,2918.4194,2746,1448,0,0,450,42.4839,0.4513,68.6948,1.0,592650,1313288.7097
2023-12-01,MED-001,LOC-003,31,1021,2241.0645,1978,1040,0,0,450,32.9355,0.4556,68.0441,1.0,459450,1008479.0323
2023-12-01,MED-001,LOC-004,31,792,1874.5806,1746,836,0,0,450,25.5484,0.4225,73.3737,1.0,356400,843561.2903
2023-12-01,MED-001,LOC-005,31,885,2044.6129,1785,869,0,0,450,28.5484,0.4328,71.6192,1.0,398250,920075.8065
2023-12-01,MED-002,LOC-001,31,1390,3626.8065,3286,1334,0,0,470,44.8387,0.3833,80.8856,1.0,653300,1704599.0323
2023-12-01,MED-002,LOC-002,31,1081,2819.0323,2651,1110,0,0,470,34.871,0.3835,80.8418,1.0,508070,1324945.1613
2023-12-01,MED-002,LOC-003,31,842,1459.3226,1468,962,0,0,470,27.1613,0.577,53.728,1.0,395740,685881.6129
2023-12-01,MED-002,LOC-004,31,638,1788.871,1675,689,0,0,470,20.5806,0.3566,86.9201,1.0,299860,840769.3548
2023-12-01,MED-002,LOC-005,31,742,1865.0645,1819,742,0,0,470,23.9355,0.3978,77.9205,1.0,348740,876580.3226
2023-12-01,MED-003,LOC-001,31,1145,3428.5484,3063,1073,0,0,380,36.9355,0.334,92.8253,1.0,435100,1302848.3871
2023-12-01,MED-003,LOC-002,31,863,2066.0645,2021,931,0,0,380,27.8387,0.4177,74.2155,1.0,327940,785104.5161
2023-12-01,MED-003,LOC-003,31,654,1623.7419,1656,703,0,0,380,21.0968,0.4028,76.9664,1.0,248520,617021.9355
2023-12-01,MED-003,LOC-004,31,513,1444.2581,1433,517,0,0,380,16.5484,0.3552,87.2749,1.0,194940,548818.0645
2023-12-01,MED-003,LOC-005,31,560,1505.2581,1465,580,0,0,380,18.0645,0.372,83.3268,1.0,212800,571998.0645
2023-12-01,MED-004,LOC-001,31,914,2465.7097,2440,1054,0,0,520,29.4839,0.3707,83.6291,1.0,475280,1282169.0323
2023-12-01,MED-004,LOC-002,31,687,1693.7097,1771,732,0,0,520,22.1613,0.4056,76.4265,1.0,357240,880729.0323
2023-12-01,MED-004,LOC-003,31,518,1348.3871,1277,505,0,0,520,16.7097,0.3842,80.695,1.0,269360,701161.2903
2023-12-01,MED-004,LOC-004,31,404,685.1613,684,382,0,0,520,13.0323,0.5896,52.5743,1.0,210080,356283.871
2023-12-01,MED-004,LOC-005,31,471,760.4839,722,496,0,0,520,15.1935,0.6193,50.0531,1.0,244920,395451.6129
2023-12-01,MED-005,LOC-001,31,332,681.2258,738,381,0,0,2800,10.7097,0.4874,63.6084,1.0,929600,1907432.2581
2023-12-01,MED-005,LOC-002,31,260,632.5806,639,292,0,0,2800,8.3871,0.411,75.4231,1.0,728000,1771225.8065
2023-12-01,MED-005,LOC-003,31,201,406.871,430,197,0,0,2800,6.4839,0.494,62.7512,1.0,562800,1139238.7097
2023-12-01,MED-005,LOC-004,31,149,338.9677,345,151,0,0,2800,4.8065,0.4396,70.5235,1.0,417200,949109.6774
2023-12-01,MED-005,LOC-005,31,175,381.6774,381,166,0,0,2800,5.6452,0.4585,67.6114,1.0,490000,1068696.7742
2023-12-01,MED-006,LOC-001,31,289,644.4194,685,296,0,0,2900,9.3226,0.4485,69.1246,1.0,838100,1868816.129
2023-12-01,MED-006,LOC-002,31,233,531.7097,527,230,0,0,2900,7.5161,0.4382,70.7425,1.0,675700,1541958.0645
2023-12-01,MED-006,LOC-003,31,169,497.5161,490,165,0,0,2900,5.4516,0.3397,91.2604,1.0,490100,1442796.7742
2023-12-01,MED-006,LOC-004,31,134,365.4516,350,126,0,0,2900,4.3226,0.3667,84.5448,1.0,388600,1059809.6774
2023-12-01,MED-006,LOC-005,31,145,395.2903,377,142,0,0,2900,4.6774,0.3668,84.5103,1.0,420500,1146341.9355
2023-12-01,MED-007,LOC-001,31,1183,2939.8065,2690,1240,0,0,650,38.1613,0.4024,77.0363,1.0,768950,1910874.1935
2023-12-01,MED-007,LOC-002,31,915,1880.0968,1574,871,0,0,650,29.5161,0.4867,63.6973,1.0,594750,1222062.9032
2023-12-01,MED-007,LOC-003,31,686,2004.3871,1836,724,0,0,650,22.129,0.3422,90.5773,1.0,445900,1302851.6129
2023-12-01,MED-007,LOC-004,31,517,1305.1613,1174,533,0,0,650,16.6774,0.3961,78.2592,1.0,336050,848354.8387
2023-12-01,MED-007,LOC-005,31,626,1286.4194,1108,638,0,0,650,20.1935,0.4866,63.7045,1.0,406900,836172.5806
2023-12-01,MED-008,LOC-001,31,532,1453.8065,1365,594,0,0,1850,17.1613,0.3659,84.7143,1.0,984200,2689541.9355
2023-12-01,MED-008,LOC-002,31,412,1037.4839,1012,465,0,0,1850,13.2903,0.3971,78.0631,1.0,762200,1919345.1613
2023-12-01,MED-008,LOC-003,31,332,822.3871,751,352,0,0,1850,10.7097,0.4037,76.7892,1.0,614200,1521416.129
2023-12-01,MED-008,LOC-004,31,257,561.1613,493,270,0,0,1850,8.2903,0.458,67.6887,1.0,475450,1038148.3871
2023-12-01,MED-008,LOC-005,31,293,671.5484,654,306,0,0,1850,9.4516,0.4363,71.0512,1.0,542050,1242364.5161
2023-12-01,MED-009,LOC-001,31,1443,4320.1613,4034,1581,0,0,1200,46.5484,0.334,92.8101,1.0,1731600,5184193.5484
2023-12-01,MED-009,LOC-002,31,1108,2755.0,2437,1079,0,0,1200,35.7419,0.4022,77.0803,1.0,1329600,3306000.0
2023-12-01,MED-009,LOC-003,31,871,2580.871,2177,850,0,0,1200,28.0968,0.3375,91.8565,1.0,1045200,3097045.1613
2023-12-01,MED-009,LOC-004,31,680,1718.3871,1547,741,0,0,1200,21.9355,0.3957,78.3382,1.0,816000,2062064.5161
2023-12-01,MED-009,LOC-005,31,745,1518.1613,1440,795,0,0,1200,24.0323,0.4907,63.1718,1.0,894000,1821793.5484
2023-12-01,MED-010,LOC-001,31,795,1938.4516,1921,858,0,0,950,25.6452,0.4101,75.5874,1.0,755250,1841529.0323
2023-12-01,MED-010,LOC-002,31,606,1585.7742,1506,624,0,0,950,19.5484,0.3821,81.1205,1.0,575700,1506485.4839
2023-12-01,MED-010,LOC-003,31,498,1119.129,1128,518,0,0,950,16.0645,0.445,69.6647,1.0,473100,1063172.5806
2023-12-01,MED-010,LOC-004,31,369,832.6452,781,411,0,0,950,11.9032,0.4432,69.9512,1.0,350550,791012.9032
2023-12-01,MED-010,LOC-005,31,411,1083.2581,1041,450,0,0,950,13.2581,0.3794,81.7056,1.0,390450,1029095.1613
2023-12-01,MED-011,LOC-001,31,728,1791.129,1662,697,0,0,900,23.4839,0.4064,76.2706,1.0,655200,1612016.129
2023-12-01,MED-011,LOC-002,31,555,1326.0968,1311,571,0,0,900,17.9032,0.4185,74.0703,1.0,499500,1193487.0968
2023-12-01,MED-011,LOC-003,31,437,1004.7742,930,461,0,0,900,14.0968,0.4349,71.2769,1.0,393300,904296.7742
2023-12-01,MED-011,LOC-004,31,332,528.4839,643,378,0,0,900,10.7097,0.6282,49.3464,1.0,298800,475635.4839
2023-12-01,MED-011,LOC-005,31,376,816.9032,846,395,0,0,900,12.129,0.4603,67.3511,1.0,338400,735212.9032
2023-12-01,MED-012,LOC-001,31,675,1676.871,1683,758,0,0,3500,21.7742,0.4025,77.0119,1.0,2362500,5869048.3871
2023-12-01,MED-012,LOC-002,31,493,1084.2903,1064,497,0,0,3500,15.9032,0.4547,68.1805,1.0,1725500,3795016.129
2023-12-01,MED-012,LOC-003,31,401,903.7097,889,431,0,0,3500,12.9355,0.4437,69.8628,1.0,1403500,3162983.871
2023-12-01,MED-012,LOC-004,31,310,546.8387,605,341,0,0,3500,10.0,0.5669,54.6839,1.0,1085000,1913935.4839
2023-12-01,MED-012,LOC-005,31,342,790.6452,761,337,0,0,3500,11.0323,0.4326,71.6667,1.0,1197000,2767258.0645
2023-12-01,MED-013,LOC-001,31,586,1670.0968,1677,593,0,0,2100,18.9032,0.3509,88.3498,1.0,1230600,3507203.2258
2023-12-01,MED-013,LOC-002,31,448,1135.0323,1157,479,0,0,2100,14.4516,0.3947,78.5402,1.0,940800,2383567.7419
2023-12-01,MED-013,LOC-003,31,363,786.0323,769,337,0,0,2100,11.7097,0.4618,67.1267,1.0,762300,1650667.7419
2023-12-01,MED-013,LOC-004,31,264,785.8065,729,286,0,0,2100,8.5161,0.336,92.2727,1.0,554400,1650193.5484
2023-12-01,MED-013,LOC-005,31,329,826.5806,835,359,0,0,2100,10.6129,0.398,77.8845,1.0,690900,1735819.3548
2023-12-01,MED-014,LOC-001,31,366,864.1613,811,382,0,0,4200,11.8065,0.4235,73.194,1.0,1537200,3629477.4194
2023-12-01,MED-014,LOC-002,31,284,982.2581,881,315,0,0,4200,9.1613,0.2891,107.2183,1.0,1192800,4125483.871
2023-12-01,MED-014,LOC-003,31,219,563.4839,541,246,0,0,4200,7.0645,0.3887,79.7626,1.0,919800,2366632.2581
2023-12-01,MED-014,LOC-004,31,162,375.2581,342,169,0,0,4200,5.2258,0.4317,71.8086,1.0,680400,1576083.871
2023-12-01,MED-014,LOC-005,31,189,572.2903,508,213,0,0,4200,6.0968,0.3303,93.8677,1.0,793800,2403619.3548
2023-12-01,MED-015,LOC-001,31,452,927.4839,798,494,0,0,2600,14.5806,0.4873,63.6106,1.0,1175200,2411458.0645
2023-12-01,MED-015,LOC-002,31,339,750.0645,688,374,0,0,2600,10.9355,0.452,68.59,1.0,881400,1950167.7419
2023-12-01,MED-015,LOC-003,31,271,510.3548,461,287,0,0,2600,8.7419,0.531,58.3801,1.0,704600,1326922.5806
2023-12-01,MED-015,LOC-004,31,194,504.2581,453,204,0,0,2600,6.2581,0.3847,80.5773,1.0,504400,1311070.9677
2023-12-01,MED-015,LOC-005,31,230,518.1613,456,217,0,0,2600,7.4194,0.4439,69.8391,1.0,598000,1347219.3548
2024-01-01,MED-001,LOC-001,31,2096,4842.3226,4275,2269,0,0,450,67.6129,0.4329,71.6183,1.0,943200,2179045.1613
2024-01-01,MED-001,LOC-002,31,1652,3124.4194,2697,1704,0,0,450,53.2903,0.5287,58.6301,1.0,743400,1405988.7097
2024-01-01,MED-001,LOC-003,31,1274,2329.2258,1868,1233,0,0,450,41.0968,0.547,56.6766,1.0,573300,1048151.6129
2024-01-01,MED-001,LOC-004,31,977,1955.129,1772,940,0,0,450,31.5161,0.4997,62.0358,1.0,439650,879808.0645
2024-01-01,MED-001,LOC-005,31,1107,2020.4194,1795,1209,0,0,450,35.7097,0.5479,56.579,1.0,498150,909188.7097
2024-01-01,MED-002,LOC-001,31,1776,3865.1935,3259,1914,0,0,470,57.2903,0.4595,67.4668,1.0,834720,1816640.9677
2024-01-01,MED-002,LOC-002,31,1359,2912.871,2561,1274,0,0,470,43.8387,0.4666,66.4452,1.0,638730,1369049.3548
2024-01-01,MED-002,LOC-003,31,1051,1655.0323,1319,959,0,0,470,33.9032,0.635,48.8164,1.0,493970,777865.1613
2024-01-01,MED-002,LOC-004,31,834,1955.3226,1819,915,0,0,470,26.9032,0.4265,72.6799,1.0,391980,919001.6129
2024-01-01,MED-002,LOC-005,31,921,1937.9677,1670,895,0,0,470,29.7097,0.4752,65.2302,1.0,432870,910844.8387
2024-01-01,MED-003,LOC-001,31,1363,3577.6129,3488,1496,0,0,380,43.9677,0.381,81.369,1.0,517940,1359492.9032
2024-01-01,MED-003,LOC-002,31,1095,2160.1613,1910,1007,0,0,380,35.3226,0.5069,61.1553,1.0,416100,820861.2903
2024-01-01,MED-003,LOC-003,31,830,1698.0,1500,792,0,0,380,26.7742,0.4888,63.4193,1.0,315400,645240.0
2024-01-01,MED-003,LOC-004,31,630,1563.6774,1442,640,0,0,380,20.3226,0.4029,76.9429,1.0,239400,594197.4194
2024-01-01,MED-003,LOC-005,31,748,1631.3871,1511,784,0,0,380,24.129,0.4585,67.611,1.0,284240,619927.0968
2024-01-01,MED-004,LOC-001,31,1166,2622.3871,2617,1303,0,0,520,37.6129,0.4446,69.7204,1.0,606320,1363641.2903
2024-01-01,MED-004,LOC-002,31,881,1860.8065,1696,835,0,0,520,28.4194,0.4735,65.4767,1.0,458120,967619.3548
2024-01-01,MED-004,LOC-003,31,647,1361.7742,1245,621,0,0,520,20.871,0.4751,65.2473,1.0,336440,708122.5806
2024-01-01,MED-004,LOC-004,31,506,743.8065,650,500,0,0,520,16.3226,0.6803,45.5692,1.0,263120,386779.3548
2024-01-01,MED-004,LOC-005,31,566,843.0968,752,599,0,0,520,18.2581,0.6713,46.1767,1.0,294320,438410.3226
2024-01-01,MED-005,LOC-001,31,426,724.6129,727,432,0,0,2800,13.7419,0.5879,52.73,1.0,1192800,2028916.129
2024-01-01,MED-005,LOC-002,31,328,589.9032,632,354,0,0,2800,10.5806,0.556,55.753,1.0,918400,1651729.0323
2024-01-01,MED-005,LOC-003,31,242,430.1935,413,220,0,0,2800,7.8065,0.5625,55.1074,1.0,677600,1204541.9355
2024-01-01,MED-005,LOC-004,31,184,325.0,344,189,0,0,2800,5.9355,0.5662,54.7554,1.0,515200,910000.0
2024-01-01,MED-005,LOC-005,31,221,369.9677,387,236,0,0,2800,7.129,0.5973,51.8959,1.0,618800,1035909.6774
2024-01-01,MED-006,LOC-001,31,368,706.3548,717,402,0,0,2900,11.871,0.521,59.5027,1.0,1067200,2048429.0323
2024-01-01,MED-006,LOC-002,31,290,545.0323,493,265,0,0,2900,9.3548,0.5321,58.2621,1.0,841000,1580593.5484
2024-01-01,MED-006,LOC-003,31,219,489.4194,482,207,0,0,2900,7.0645,0.4475,69.2785,1.0,635100,1419316.129
2024-01-01,MED-006,LOC-004,31,165,363.5484,347,173,0,0,2900,5.3226,0.4539,68.303,1.0,478500,1054290.3226
2024-01-01,MED-006,LOC-005,31,198,358.7742,372,206,0,0,2900,6.3871,0.5519,56.1717,1.0,574200,1040445.1613
2024-01-01,MED-007,LOC-001,31,1515,3192.7742,2623,1479,0,0,650,48.871,0.4745,65.3307,1.0,984750,2075303.2258
2024-01-01,MED-007,LOC-002,31,1155,1974.1935,1549,1163,0,0,650,37.2581,0.585,52.987,1.0,750750,1283225.8065
2024-01-01,MED-007,LOC-003,31,917,2144.6774,1739,874,0,0,650,29.5806,0.4276,72.5027,1.0,596050,1394040.3226
2024-01-01,MED-007,LOC-004,31,697,1446.5806,1223,777,0,0,650,22.4839,0.4818,64.3386,1.0,453050,940277.4194
2024-01-01,MED-007,LOC-005,31,795,1468.8387,1132,852,0,0,650,25.6452,0.5412,57.2755,1.0,516750,954745.1613
2024-01-01,MED-008,LOC-001,31,706,1501.7419,1418,769,0,0,1850,22.7742,0.4701,65.9405,1.0,1306100,2778222.5806
2024-01-01,MED-008,LOC-002,31,552,1143.0323,1127,605,0,0,1850,17.8065,0.4829,64.192,1.0,1021200,2114609.6774
2024-01-01,MED-008,LOC-003,31,413,861.5806,828,436,0,0,1850,13.3226,0.4794,64.6707,1.0,764050,1593924.1935
2024-01-01,MED-008,LOC-004,31,307,572.9677,517,319,0,0,1850,9.9032,0.5358,57.8567,1.0,567950,1059990.3226
2024-01-01,MED-008,LOC-005,31,358,716.6129,647,383,0,0,1850,11.5484,0.4996,62.0531,1.0,662300,1325733.871
2024-01-01,MED-009,LOC-001,31,1900,4724.3871,3774,1875,0,0,1200,61.2903,0.4022,77.0821,1.0,2280000,5669264.5161
2024-01-01,MED-009,LOC-002,31,1432,2725.2258,2323,1320,0,0,1200,46.1935,0.5255,58.9958,1.0,1718400,3270270.9677
2024-01-01,MED-009,LOC-003,31,1114,2755.1935,2380,1171,0,0,1200,35.9355,0.4043,76.6706,1.0,1336800,3306232.2581
2024-01-01,MED-009,LOC-004,31,855,1739.9032,1438,815,0,0,1200,27.5806,0.4914,63.0842,1.0,1026000,2087883.871
2024-01-01,MED-009,LOC-005,31,968,1801.0323,1514,1070,0,0,1200,31.2258,0.5375,57.6777,1.0,1161600,2161238.7097
2024-01-01,MED-010,LOC-001,31,1045,1926.1935,1844,988,0,0,950,33.7097,0.5425,57.1407,1.0,992750,1829883.871
2024-01-01,MED-010,LOC-002,31,787,1642.1613,1596,830,0,0,950,25.3871,0.4792,64.6849,1.0,747650,1560053.2258
2024-01-01,MED-010,LOC-003,31,598,1078.7742,1066,543,0,0,950,19.2903,0.5543,55.9231,1.0,568100,1024835.4839
2024-01-01,MED-010,LOC-004,31,461,895.5806,828,488,0,0,950,14.871,0.5147,60.2234,1.0,437950,850801.6129
2024-01-01,MED-010,LOC-005,31,521,1154.6129,1019,502,0,0,950,16.8065,0.4512,68.7006,1.0,494950,1096882.2581
2024-01-01,MED-011,LOC-001,31,967,1768.129,1646,953,0,0,900,31.1935,0.5469,56.6825,1.0,870300,1591316.129
2024-01-01,MED-011,LOC-002,31,723,1340.5484,1335,768,0,0,900,23.3226,0.5393,57.4786,1.0,650700,1206493.5484
2024-01-01,MED-011,LOC-003,31,558,964.6774,878,520,0,0,900,18.0,0.5784,53.5932,1.0,502200,868209.6774
2024-01-01,MED-011,LOC-004,31,430,647.1613,673,474,0,0,900,13.871,0.6644,46.6558,1.0,387000,582445.1613
2024-01-01,MED-011,LOC-005,31,502,819.5806,757,460,0,0,900,16.1935,0.6125,50.6116,1.0,451800,737622.5806
2024-01-01,MED-012,LOC-001,31,843,1872.4516,1682,830,0,0,3500,27.1935,0.4502,68.8565,1.0,2950500,6553580.6452
2024-01-01,MED-012,LOC-002,31,642,1041.8065,1107,658,0,0,3500,20.7097,0.6162,50.3053,1.0,2247000,3646322.5806
2024-01-01,MED-012,LOC-003,31,501,904.129,887,476,0,0,3500,16.1613,0.5541,55.9441,1.0,1753500,3164451.6129
2024-01-01,MED-012,LOC-004,31,389,603.0323,590,360,0,0,3500,12.5484,0.6451,48.0566,1.0,1361500,2110612.9032
2024-01-01,MED-012,LOC-005,31,440,794.6774,736,417,0,0,3500,14.1935,0.5537,55.9886,1.0,1540000,2781370.9677
2024-01-01,MED-013,LOC-001,31,763,1753.4194,1581,760,0,0,2100,24.6129,0.4351,71.2398,1.0,1602300,3682180.6452
2024-01-01,MED-013,LOC-002,31,595,1165.6452,1175,619,0,0,2100,19.1935,0.5104,60.7311,1.0,1249500,2447854.8387
2024-01-01,MED-013,LOC-003,31,445,867.9032,828,491,0,0,2100,14.3548,0.5127,60.4607,1.0,934500,1822596.7742
2024-01-01,MED-013,LOC-004,31,336,816.3871,687,306,0,0,2100,10.8387,0.4116,75.3214,1.0,705600,1714412.9032
2024-01-01,MED-013,LOC-005,31,385,945.2258,852,414,0,0,2100,12.4194,0.4073,76.1091,1.0,808500,1984974.1935
2024-01-01,MED-014,LOC-001,31,483,970.7742,823,505,0,0,4200,15.5806,0.4975,62.3064,1.0,2028600,4077251.6129
2024-01-01,MED-014,LOC-002,31,351,1012.0,889,364,0,0,4200,11.3226,0.3468,89.3789,1.0,1474200,4250400.0
2024-01-01,MED-014,LOC-003,31,265,652.8065,592,294,0,0,4200,8.5484,0.4059,76.366,1.0,1113000,2741787.0968
2024-01-01,MED-014,LOC-004,31,212,400.0,345,203,0,0,4200,6.8387,0.53,58.4906,1.0,890400,1680000.0
2024-01-01,MED-014,LOC-005,31,233,584.7419,501,208,0,0,4200,7.5161,0.3985,77.7983,1.0,978600,2455916.129
2024-01-01,MED-015,LOC-001,31,555,916.129,805,495,0,0,2600,17.9032,0.6058,51.1712,1.0,1443000,2381935.4839
2024-01-01,MED-015,LOC-002,31,423,811.6774,686,409,0,0,2600,13.6452,0.5211,59.4846,1.0,1099800,2110361.2903
2024-01-01,MED-015,LOC-003,31,340,536.4194,486,345,0,0,2600,10.9677,0.6338,48.9088,1.0,884000,1394690.3226
2024-01-01,MED-015,LOC-004,31,252,544.1613,493,271,0,0,2600,8.129,0.4631,66.9405,1.0,655200,1414819.3548
2024-01-01,MED-015,LOC-005,31,302,586.2258,509,330,0,0,2600,9.7419,0.5152,60.1755,1.0,785200,1524187.0968
2024-02-01,MED-001,LOC-001,29,1854,5125.7586,4152,1958,0,0,450,63.931,0.3617,80.1764,1.0,834300,2306591.3793
2024-02-01,MED-001,LOC-002,29,1378,3391.1724,2857,1602,0,0,450,47.5172,0.4063,71.3672,1.0,620100,1526027.5862
2024-02-01,MED-001,LOC-003,29,1093,2311.069,2031,1154,0,0,450,37.6897,0.4729,61.3184,1.0,491850,1039981.0345
2024-02-01,MED-001,LOC-004,29,836,2046.6897,1722,934,0,0,450,28.8276,0.4085,70.9976,1.0,376200,921010.3448
2024-02-01,MED-001,LOC-005,29,977,2182.7241,1841,982,0,0,450,33.6897,0.4476,64.7892,1.0,439650,982225.8621
2024-02-01,MED-002,LOC-001,29,1536,4303.7586,3778,1762,0,0,470,52.9655,0.3569,81.2559,1.0,721920,2022766.5517
2024-02-01,MED-002,LOC-002,29,1145,2926.6897,2666,1177,0,0,470,39.4828,0.3912,74.1258,1.0,538150,1375544.1379
2024-02-01,MED-002,LOC-003,29,895,1764.2759,1487,1052,0,0,470,30.8621,0.5073,57.1665,1.0,420650,829209.6552
2024-02-01,MED-002,LOC-004,29,669,2050.9655,1749,666,0,0,470,23.069,0.3262,88.9058,1.0,314430,963953.7931
2024-02-01,MED-002,LOC-005,29,779,2072.0345,1748,779,0,0,470,26.8621,0.376,77.1361,1.0,366130,973856.2069
2024-02-01,MED-003,LOC-001,29,1189,3787.0345,3370,1145,0,0,380,41.0,0.314,92.3667,1.0,451820,1439073.1034
2024-02-01,MED-003,LOC-002,29,910,2123.1034,1895,916,0,0,380,31.3793,0.4286,67.6593,1.0,345800,806779.3103
2024-02-01,MED-003,LOC-003,29,728,1892.069,1662,846,0,0,380,25.1034,0.3848,75.3709,1.0,276640,718986.2069
2024-02-01,MED-003,LOC-004,29,543,1504.7931,1382,530,0,0,380,18.7241,0.3608,80.3665,1.0,206340,571821.3793
2024-02-01,MED-003,LOC-005,29,630,1715.6552,1522,751,0,0,380,21.7241,0.3672,78.9746,1.0,239400,651948.9655
2024-02-01,MED-004,LOC-001,29,962,2902.2759,2574,998,0,0,520,33.1724,0.3315,87.4906,1.0,500240,1509183.4483
2024-02-01,MED-004,LOC-002,29,747,1862.3448,1818,877,0,0,520,25.7586,0.4011,72.2999,1.0,388440,968419.3103
2024-02-01,MED-004,LOC-003,29,578,1486.7931,1403,696,0,0,520,19.931,0.3888,74.5969,1.0,300560,773132.4138
2024-02-01,MED-004,LOC-004,29,436,812.8276,645,428,0,0,520,15.0345,0.5364,54.0642,1.0,226720,422670.3448
2024-02-01,MED-004,LOC-005,29,527,924.4138,794,518,0,0,520,18.1724,0.5701,50.8691,1.0,274040,480695.1724
2024-02-01,MED-005,LOC-001,29,372,735.6552,736,382,0,0,2800,12.8276,0.5057,57.3495,1.0,1041600,2059834.4828
2024-02-01,MED-005,LOC-002,29,279,689.6897,672,286,0,0,2800,9.6207,0.4045,71.6882,1.0,781200,1931131.0345
2024-02-01,MED-005,LOC-003,29,217,453.2069,427,251,0,0,2800,7.4828,0.4788,60.5668,1.0,607600,1268979.3103
2024-02-01,MED-005,LOC-004,29,166,350.3103,370,196,0,0,2800,5.7241,0.4739,61.1988,1.0,464800,980868.9655
2024-02-01,MED-005,LOC-005,29,190,429.4483,403,203,0,0,2800,6.5517,0.4424,65.5474,1.0,532000,1202455.1724
2024-02-01,MED-006,LOC-001,29,336,734.9655,724,353,0,0,2900,11.5862,0.4572,63.4345,1.0,974400,2131400.0
2024-02-01,MED-006,LOC-002,29,256,574.9655,537,266,0,0,2900,8.8276,0.4452,65.1328,1.0,742400,1667400.0
2024-02-01,MED-006,LOC-003,29,190,529.1379,493,216,0,0,2900,6.5517,0.3591,80.7632,1.0,551000,1534500.0
2024-02-01,MED-006,LOC-004,29,148,363.6552,400,179,0,0,2900,5.1034,0.407,71.2568,1.0,429200,1054600.0
2024-02-01,MED-006,LOC-005,29,164,386.069,396,184,0,0,2900,5.6552,0.4248,68.2683,1.0,475600,1119600.0
2024-02-01,MED-007,LOC-001,29,1340,3225.9655,2803,1381,0,0,650,46.2069,0.4154,69.8157,1.0,871000,2096877.5862
2024-02-01,MED-007,LOC-002,29,1000,1984.5517,1648,1028,0,0,650,34.4828,0.5039,57.552,1.0,650000,1289958.6207
2024-02-01,MED-007,LOC-003,29,768,2239.7931,1938,816,0,0,650,26.4828,0.3429,84.5755,1.0,499200,1455865.5172
2024-02-01,MED-007,LOC-004,29,590,1559.1379,1311,707,0,0,650,20.3448,0.3784,76.6356,1.0,383500,1013439.6552
2024-02-01,MED-007,LOC-005,29,710,1592.6207,1283,842,0,0,650,24.4828,0.4458,65.0507,1.0,461500,1035203.4483
2024-02-01,MED-008,LOC-001,29,635,1604.6897,1438,642,0,0,1850,21.8966,0.3957,73.285,1.0,1174750,2968675.8621
2024-02-01,MED-008,LOC-002,29,449,1242.8276,1124,478,0,0,1850,15.4828,0.3613,80.2717,1.0,830650,2299231.0345
2024-02-01,MED-008,LOC-003,29,360,925.5862,845,385,0,0,1850,12.4138,0.3889,74.5611,1.0,666000,1712334.4828
2024-02-01,MED-008,LOC-004,29,278,580.0345,516,276,0,0,1850,9.5862,0.4793,60.5072,1.0,514300,1073063.7931
2024-02-01,MED-008,LOC-005,29,326,799.1034,696,326,0,0,1850,11.2414,0.408,71.0859,1.0,603100,1478341.3793
2024-02-01,MED-009,LOC-001,29,1625,4720.3103,4045,1874,0,0,1200,56.0345,0.3443,84.2394,1.0,1950000,5664372.4138
2024-02-01,MED-009,LOC-002,29,1220,2899.0,2375,1451,0,0,1200,42.069,0.4208,68.9107,1.0,1464000,3478800.0
2024-02-01,MED-009,LOC-003,29,911,2858.069,2365,1053,0,0,1200,31.4138,0.3187,90.9813,1.0,1093200,3429682.7586
2024-02-01,MED-009,LOC-004,29,745,1898.0,1607,881,0,0,1200,25.6897,0.3925,73.8819,1.0,894000,2277600.0
2024-02-01,MED-009,LOC-005,29,880,1915.2759,1529,975,0,0,1200,30.3448,0.4595,63.117,1.0,1056000,2298331.0345
2024-02-01,MED-010,LOC-001,29,919,2289.3103,2159,1089,0,0,950,31.6897,0.4014,72.2416,1.0,873050,2174844.8276
2024-02-01,MED-010,LOC-002,29,681,1783.7931,1619,795,0,0,950,23.4828,0.3818,75.9618,1.0,646950,1694603.4483
2024-02-01,MED-010,LOC-003,29,541,1116.4138,1031,554,0,0,950,18.6552,0.4846,59.8447,1.0,513950,1060593.1034
2024-02-01,MED-010,LOC-004,29,409,940.0,878,461,0,0,950,14.1034,0.4351,66.6504,1.0,388550,893000.0
2024-02-01,MED-010,LOC-005,29,481,1166.4138,1056,481,0,0,950,16.5862,0.4124,70.3243,1.0,456950,1108093.1034
2024-02-01,MED-011,LOC-001,29,798,1867.5517,1716,865,0,0,900,27.5172,0.4273,67.8684,1.0,718200,1680796.5517
2024-02-01,MED-011,LOC-002,29,614,1431.5862,1348,649,0,0,900,21.1724,0.4289,67.6156,1.0,552600,1288427.5862
2024-02-01,MED-011,LOC-003,29,482,1074.2069,941,575,0,0,900,16.6207,0.4487,64.6307,1.0,433800,966786.2069
2024-02-01,MED-011,LOC-004,29,363,740.5517,701,390,0,0,900,12.5172,0.4902,59.1625,1.0,326700,666496.5517
2024-02-01,MED-011,LOC-005,29,428,856.7586,842,454,0,0,900,14.7586,0.4996,58.0514,1.0,385200,771082.7586
2024-02-01,MED-012,LOC-001,29,725,1864.8276,1872,877,0,0,3500,25.0,0.3888,74.5931,1.0,2537500,6526896.5517
2024-02-01,MED-012,LOC-002,29,557,1261.931,1164,669,0,0,3500,19.2069,0.4414,65.702,1.0,1949500,4416758.6207
2024-02-01,MED-012,LOC-003,29,437,996.1034,901,457,0,0,3500,15.069,0.4387,66.103,1.0,1529500,3486362.069
2024-02-01,MED-012,LOC-004,29,334,642.7586,603,360,0,0,3500,11.5172,0.5196,55.8084,1.0,1169000,2249655.1724
2024-02-01,MED-012,LOC-005,29,395,868.5517,736,415,0,0,3500,13.6207,0.4548,63.7671,1.0,1382500,3039931.0345
2024-02-01,MED-013,LOC-001,29,630,1914.931,1759,709,0,0,2100,21.7241,0.329,88.1476,1.0,1323000,4021355.1724
2024-02-01,MED-013,LOC-002,29,496,1276.8276,1236,570,0,0,2100,17.1034,0.3885,74.6532,1.0,1041600,2681337.931
2024-02-01,MED-013,LOC-003,29,396,926.931,828,458,0,0,2100,13.6552,0.4272,67.8813,1.0,831600,1946555.1724
2024-02-01,MED-013,LOC-004,29,298,852.7931,760,347,0,0,2100,10.2759,0.3494,82.9899,1.0,625800,1790865.5172
2024-02-01,MED-013,LOC-005,29,350,963.2069,857,387,0,0,2100,12.069,0.3634,79.8086,1.0,735000,2022734.4828
2024-02-01,MED-014,LOC-001,29,417,1012.7931,831,432,0,0,4200,14.3793,0.4117,70.4341,1.0,1751400,4253731.0345
2024-02-01,MED-014,LOC-002,29,303,1100.931,911,338,0,0,4200,10.4483,0.2752,105.3696,1.0,1272600,4623910.3448
2024-02-01,MED-014,LOC-003,29,249,702.3793,636,288,0,0,4200,8.5862,0.3545,81.8032,1.0,1045800,2949993.1034
2024-02-01,MED-014,LOC-004,29,183,413.2069,357,191,0,0,4200,6.3103,0.4429,65.4809,1.0,768600,1735468.9655
2024-02-01,MED-014,LOC-005,29,209,599.1724,541,244,0,0,4200,7.2069,0.3488,83.1388,1.0,877800,2516524.1379
2024-02-01,MED-015,LOC-001,29,486,973.7586,769,477,0,0,2600,16.7586,0.4991,58.1049,1.0,1263600,2531772.4138
2024-02-01,MED-015,LOC-002,29,381,878.8276,694,434,0,0,2600,13.1379,0.4335,66.8924,1.0,990600,2284951.7241
2024-02-01,MED-015,LOC-003,29,287,591.9655,558,357,0,0,2600,9.8966,0.4848,59.8153,1.0,746200,1539110.3448
2024-02-01,MED-015,LOC-004,29,216,606.5517,505,244,0,0,2600,7.4483,0.3561,81.4352,1.0,561600,1577034.4828
2024-02-01,MED-015,LOC-005,29,250,588.8966,488,276,0,0,2600,8.6207,0.4245,68.312,1.0,650000,1531131.0345
2024-03-01,MED-001,LOC-001,31,2000,5165.6774,4278,1966,0,0,450,64.5161,0.3872,80.068,1.0,900000,2324554.8387
2024-03-01,MED-001,LOC-002,31,1535,3757.2581,3125,1665,0,0,450,49.5161,0.4085,75.8795,1.0,690750,1690766.129
2024-03-01,MED-001,LOC-003,31,1179,2520.0,1981,1232,0,0,450,38.0323,0.4679,66.2595,1.0,530550,1134000.0
2024-03-01,MED-001,LOC-004,31,897,2151.1613,1653,816,0,0,450,28.9355,0.417,74.3434,1.0,403650,968022.5806
2024-03-01,MED-001,LOC-005,31,975,2298.5161,1838,924,0,0,450,31.4516,0.4242,73.081,1.0,438750,1034332.2581
2024-03-01,MED-002,LOC-001,31,1678,4381.3548,3883,1798,0,0,470,54.129,0.383,80.9428,1.0,788660,2059236.7742
2024-03-01,MED-002,LOC-002,31,1266,3055.6774,2753,1398,0,0,470,40.8387,0.4143,74.8231,1.0,595020,1436168.3871
2024-03-01,MED-002,LOC-003,31,1016,1942.3226,1688,1139,0,0,470,32.7742,0.5231,59.2638,1.0,477520,912891.6129
2024-03-01,MED-002,LOC-004,31,761,2070.8065,1741,776,0,0,470,24.5484,0.3675,84.3561,1.0,357670,973279.0323
2024-03-01,MED-002,LOC-005,31,871,2088.0323,1755,815,0,0,470,28.0968,0.4171,74.3157,1.0,409370,981375.1613
2024-03-01,MED-003,LOC-001,31,1326,3711.129,3354,1283,0,0,380,42.7742,0.3573,86.7609,1.0,503880,1410229.0323
2024-03-01,MED-003,LOC-002,31,1053,2242.4839,1864,1003,0,0,380,33.9677,0.4696,66.018,1.0,400140,852143.871
2024-03-01,MED-003,LOC-003,31,798,1943.4839,1658,828,0,0,380,25.7419,0.4106,75.4987,1.0,303240,738523.871
2024-03-01,MED-003,LOC-004,31,622,1635.2258,1403,597,0,0,380,20.0645,0.3804,81.4984,1.0,236360,621385.8065
2024-03-01,MED-003,LOC-005,31,727,1810.1935,1581,723,0,0,380,23.4516,0.4016,77.1884,1.0,276260,687873.5484
2024-03-01,MED-004,LOC-001,31,1074,2924.0323,2680,1153,0,0,520,34.6452,0.3673,84.3994,1.0,558480,1520496.7742
2024-03-01,MED-004,LOC-002,31,854,2056.0645,1804,830,0,0,520,27.5484,0.4154,74.6347,1.0,444080,1069153.5484
2024-03-01,MED-004,LOC-003,31,635,1514.4194,1281,639,0,0,520,20.4839,0.4193,73.9323,1.0,330200,787498.0645
2024-03-01,MED-004,LOC-004,31,468,832.7419,693,492,0,0,520,15.0968,0.562,55.1603,1.0,243360,433025.8065
2024-03-01,MED-004,LOC-005,31,577,960.2258,833,638,0,0,520,18.6129,0.6009,51.5893,1.0,300040,499317.4194
2024-03-01,MED-005,LOC-001,31,413,817.871,731,451,0,0,2800,13.3226,0.505,61.3898,1.0,1156400,2290038.7097
2024-03-01,MED-005,LOC-002,31,305,714.4194,684,316,0,0,2800,9.8387,0.4269,72.6131,1.0,854000,2000374.1935
2024-03-01,MED-005,LOC-003,31,237,507.2903,438,265,0,0,2800,7.6452,0.4672,66.3544,1.0,663600,1420412.9032
2024-03-01,MED-005,LOC-004,31,175,404.6774,369,171,0,0,2800,5.6452,0.4324,71.6857,1.0,490000,1133096.7742
2024-03-01,MED-005,LOC-005,31,222,394.1935,395,232,0,0,2800,7.1613,0.5632,55.045,1.0,621600,1103741.9355
2024-03-01,MED-006,LOC-001,31,366,770.3548,723,348,0,0,2900,11.8065,0.4751,65.2486,1.0,1061400,2234029.0323
2024-03-01,MED-006,LOC-002,31,282,539.9355,530,302,0,0,2900,9.0968,0.5223,59.3546,1.0,817800,1565812.9032
2024-03-01,MED-006,LOC-003,31,209,553.6452,497,207,0,0,2900,6.7419,0.3775,82.1196,1.0,606100,1605570.9677
2024-03-01,MED-006,LOC-004,31,160,409.871,382,159,0,0,2900,5.1613,0.3904,79.4125,1.0,464000,1188625.8065
2024-03-01,MED-006,LOC-005,31,185,454.7097,419,201,0,0,2900,5.9677,0.4069,76.1946,1.0,536500,1318658.0645
2024-03-01,MED-007,LOC-001,31,1465,3447.8387,2738,1522,0,0,650,47.2581,0.4249,72.9577,1.0,952250,2241095.1613
2024-03-01,MED-007,LOC-002,31,1124,2274.1935,1804,1224,0,0,650,36.2581,0.4942,62.7224,1.0,730600,1478225.8065
2024-03-01,MED-007,LOC-003,31,824,2320.8065,1805,816,0,0,650,26.5806,0.355,87.3119,1.0,535600,1508524.1935
2024-03-01,MED-007,LOC-004,31,649,1726.9032,1466,721,0,0,650,20.9355,0.3758,82.4869,1.0,421850,1122487.0968
2024-03-01,MED-007,LOC-005,31,743,1625.3871,1254,708,0,0,650,23.9677,0.4571,67.8156,1.0,482950,1056501.6129
2024-03-01,MED-008,LOC-001,31,701,1758.2581,1417,754,0,0,1850,22.6129,0.3987,77.7546,1.0,1296850,3252777.4194
2024-03-01,MED-008,LOC-002,31,520,1306.3548,1090,482,0,0,1850,16.7742,0.3981,77.8788,1.0,962000,2416756.4516
2024-03-01,MED-008,LOC-003,31,391,1005.3548,816,415,0,0,1850,12.6129,0.3889,79.7084,1.0,723350,1859906.4516
2024-03-01,MED-008,LOC-004,31,299,646.9032,544,306,0,0,1850,9.6452,0.4622,67.0702,1.0,553150,1196770.9677
2024-03-01,MED-008,LOC-005,31,366,805.1613,679,353,0,0,1850,11.8065,0.4546,68.1967,1.0,677100,1489548.3871
2024-03-01,MED-009,LOC-001,31,1795,5083.9032,3926,1727,0,0,1200,57.9032,0.3531,87.8,1.0,2154000,6100683.871
2024-03-01,MED-009,LOC-002,31,1390,3163.4839,2434,1411,0,0,1200,44.8387,0.4394,70.5525,1.0,1668000,3796180.6452
2024-03-01,MED-009,LOC-003,31,1009,2950.0645,2559,1039,0,0,1200,32.5484,0.342,90.6363,1.0,1210800,3540077.4194
2024-03-01,MED-009,LOC-004,31,810,2094.3871,1636,888,0,0,1200,26.129,0.3867,80.1556,1.0,972000,2513264.5161
2024-03-01,MED-009,LOC-005,31,922,2028.4516,1543,929,0,0,1200,29.7419,0.4545,68.2017,1.0,1106400,2434141.9355
2024-03-01,MED-010,LOC-001,31,956,2358.1935,2026,991,0,0,950,30.8387,0.4054,76.4686,1.0,908200,2240283.871
2024-03-01,MED-010,LOC-002,31,761,1979.871,1786,872,0,0,950,24.5484,0.3844,80.6518,1.0,722950,1880877.4194
2024-03-01,MED-010,LOC-003,31,575,1164.871,1056,553,0,0,950,18.5484,0.4936,62.8017,1.0,546250,1106627.4194
2024-03-01,MED-010,LOC-004,31,429,948.4516,878,423,0,0,950,13.8387,0.4523,68.5361,1.0,407550,901029.0323
2024-03-01,MED-010,LOC-005,31,520,1102.129,1026,500,0,0,950,16.7742,0.4718,65.7038,1.0,494000,1047022.5806
2024-03-01,MED-011,LOC-001,31,881,2020.9032,1806,902,0,0,900,28.4194,0.4359,71.1101,1.0,792900,1818812.9032
2024-03-01,MED-011,LOC-002,31,690,1566.129,1320,691,0,0,900,22.2581,0.4406,70.3623,1.0,621000,1409516.129
2024-03-01,MED-011,LOC-003,31,536,1083.3871,966,524,0,0,900,17.2903,0.4947,62.6586,1.0,482400,975048.3871
2024-03-01,MED-011,LOC-004,31,411,837.7742,707,432,0,0,900,13.2581,0.4906,63.1898,1.0,369900,753996.7742
2024-03-01,MED-011,LOC-005,31,462,926.3226,876,489,0,0,900,14.9032,0.4987,62.1558,1.0,415800,833690.3226
2024-03-01,MED-012,LOC-001,31,794,1998.0968,1745,745,0,0,3500,25.6129,0.3974,78.0113,1.0,2779000,6993338.7097
2024-03-01,MED-012,LOC-002,31,611,1300.871,1239,627,0,0,3500,19.7097,0.4697,66.0016,1.0,2138500,4553048.3871
2024-03-01,MED-012,LOC-003,31,502,946.129,860,449,0,0,3500,16.1935,0.5306,58.4263,1.0,1757000,3311451.6129
2024-03-01,MED-012,LOC-004,31,380,717.4516,596,401,0,0,3500,12.2581,0.5297,58.5289,1.0,1330000,2511080.6452
2024-03-01,MED-012,LOC-005,31,419,859.7742,746,400,0,0,3500,13.5161,0.4873,63.611,1.0,1466500,3009209.6774
2024-03-01,MED-013,LOC-001,31,733,1840.7419,1652,657,0,0,2100,23.6452,0.3982,77.8486,1.0,1539300,3865558.0645
2024-03-01,MED-013,LOC-002,31,545,1377.7419,1202,563,0,0,2100,17.5806,0.3956,78.367,1.0,1144500,2893258.0645
2024-03-01,MED-013,LOC-003,31,421,966.6129,871,439,0,0,2100,13.5806,0.4355,71.1758,1.0,884100,2029887.0968
2024-03-01,MED-013,LOC-004,31,335,857.8065,751,357,0,0,2100,10.8065,0.3905,79.3791,1.0,703500,1801393.5484
2024-03-01,MED-013,LOC-005,31,366,1011.3871,896,380,0,0,2100,11.8065,0.3619,85.6639,1.0,768600,2123912.9032
2024-03-01,MED-014,LOC-001,31,448,1027.8065,899,463,0,0,4200,14.4516,0.4359,71.1205,1.0,1881600,4316787.0968
2024-03-01,MED-014,LOC-002,31,324,1139.2258,966,355,0,0,4200,10.4516,0.2844,109.0,1.0,1360800,4784748.3871
2024-03-01,MED-014,LOC-003,31,257,720.2581,600,252,0,0,4200,8.2903,0.3568,86.8794,1.0,1079400,3025083.871
2024-03-01,MED-014,LOC-004,31,198,426.4839,362,204,0,0,4200,6.3871,0.4643,66.7727,1.0,831600,1791232.2581
2024-03-01,MED-014,LOC-005,31,223,622.4516,527,219,0,0,4200,7.1935,0.3583,86.5291,1.0,936600,2614296.7742
2024-03-01,MED-015,LOC-001,31,543,1014.2581,756,556,0,0,2600,17.5161,0.5354,57.9042,1.0,1411800,2637070.9677
2024-03-01,MED-015,LOC-002,31,431,936.3226,775,485,0,0,2600,13.9032,0.4603,67.3457,1.0,1120600,2434438.7097
2024-03-01,MED-015,LOC-003,31,324,660.129,499,298,0,0,2600,10.4516,0.4908,63.1605,1.0,842400,1716335.4839
2024-03-01,MED-015,LOC-004,31,243,616.4516,504,250,0,0,2600,7.8387,0.3942,78.642,1.0,631800,1602774.1935
2024-03-01,MED-015,LOC-005,31,272,661.9677,546,299,0,0,2600,8.7742,0.4109,75.4449,1.0,707200,1721116.129
2024-04-01,MED-001,LOC-001,30,1853,5468.0333,4294,1954,0,0,450,61.7667,0.3389,88.5273,1.0,833850,2460615.0
2024-04-01,MED-001,LOC-002,30,1364,3793.2667,3168,1466,0,0,450,45.4667,0.3596,83.4296,1.0,613800,1706970.0
2024-04-01,MED-001,LOC-003,30,1116,2646.6,3217,2374,0,0,450,37.2,0.4217,71.1452,1.0,502200,1190970.0
2024-04-01,MED-001,LOC-004,30,853,2239.1667,1815,1008,0,0,450,28.4333,0.3809,78.7515,1.0,383850,1007625.0
2024-04-01,MED-001,LOC-005,30,931,2291.6667,1928,957,0,0,450,31.0333,0.4063,73.8453,1.0,418950,1031250.0
2024-04-01,MED-002,LOC-001,30,1594,4633.1667,3788,1535,0,0,470,53.1333,0.344,87.1989,1.0,749180,2177588.3333
2024-04-01,MED-002,LOC-002,30,1176,3348.1667,2899,1323,0,0,470,39.2,0.3512,85.4124,1.0,552720,1573638.3333
2024-04-01,MED-002,LOC-003,30,908,2226.7333,1686,1049,0,0,470,30.2667,0.4078,73.5705,1.0,426760,1046564.6667
2024-04-01,MED-002,LOC-004,30,672,2180.0,1784,678,0,0,470,22.4,0.3083,97.3214,1.0,315840,1024600.0
2024-04-01,MED-002,LOC-005,30,770,2266.2,1835,908,0,0,470,25.6667,0.3398,88.2935,1.0,361900,1065114.0
2024-04-01,MED-003,LOC-001,30,1214,3726.2333,3269,1172,0,0,380,40.4667,0.3258,92.0815,1.0,461320,1415968.6667
2024-04-01,MED-003,LOC-002,30,909,2383.5333,2016,1074,0,0,380,30.3,0.3814,78.6645,1.0,345420,905742.6667
2024-04-01,MED-003,LOC-003,30,731,2047.8,1692,757,0,0,380,24.3667,0.357,84.041,1.0,277780,778164.0
2024-04-01,MED-003,LOC-004,30,556,1618.1,1371,593,0,0,380,18.5333,0.3436,87.3076,1.0,211280,614878.0
2024-04-01,MED-003,LOC-005,30,644,1961.3667,1661,761,0,0,380,21.4667,0.3283,91.368,1.0,244720,745319.3333
2024-04-01,MED-004,LOC-001,30,1010,3156.3,2746,1135,0,0,520,33.6667,0.32,93.7515,1.0,525200,1641276.0
2024-04-01,MED-004,LOC-002,30,776,2239.3,1821,900,0,0,520,25.8667,0.3465,86.5709,1.0,403520,1164436.0
2024-04-01,MED-004,LOC-003,30,575,1709.8333,1413,641,0,0,520,19.1667,0.3363,89.2087,1.0,299000,889113.3333
2024-04-01,MED-004,LOC-004,30,460,821.2,695,453,0,0,520,15.3333,0.5602,53.5565,1.0,239200,427024.0
2024-04-01,MED-004,LOC-005,30,523,993.5,895,568,0,0,520,17.4333,0.5264,56.9885,1.0,271960,516620.0
2024-04-01,MED-005,LOC-001,30,368,854.0333,799,418,0,0,2800,12.2667,0.4309,69.6223,1.0,1030400,2391293.3333
2024-04-01,MED-005,LOC-002,30,288,760.8333,655,314,0,0,2800,9.6,0.3785,79.2535,1.0,806400,2130333.3333
2024-04-01,MED-005,LOC-003,30,217,521.6333,438,216,0,0,2800,7.2333,0.416,72.1152,1.0,607600,1460573.3333
2024-04-01,MED-005,LOC-004,30,163,428.0333,389,191,0,0,2800,5.4333,0.3808,78.7791,1.0,456400,1198493.3333
2024-04-01,MED-005,LOC-005,30,196,460.2667,438,211,0,0,2800,6.5333,0.4258,70.449,1.0,548800,1288746.6667
2024-04-01,MED-006,LOC-001,30,324,772.1667,773,364,0,0,2900,10.8,0.4196,71.4969,1.0,939600,2239283.3333
2024-04-01,MED-006,LOC-002,30,265,633.0,562,308,0,0,2900,8.8333,0.4186,71.6604,1.0,768500,1835700.0
2024-04-01,MED-006,LOC-003,30,188,517.6333,516,189,0,0,2900,6.2667,0.3632,82.6011,1.0,545200,1501136.6667
2024-04-01,MED-006,LOC-004,30,149,440.6,409,154,0,0,2900,4.9667,0.3382,88.7114,1.0,432100,1277740.0
2024-04-01,MED-006,LOC-005,30,175,480.7333,424,183,0,0,2900,5.8333,0.364,82.4114,1.0,507500,1394126.6667
2024-04-01,MED-007,LOC-001,30,1371,3532.7667,2743,1381,0,0,650,45.7,0.3881,77.3034,1.0,891150,2296298.3333
2024-04-01,MED-007,LOC-002,30,1043,2399.7333,1949,1174,0,0,650,34.7667,0.4346,69.024,1.0,677950,1559826.6667
2024-04-01,MED-007,LOC-003,30,765,2294.6,1866,739,0,0,650,25.5,0.3334,89.9843,1.0,497250,1491490.0
2024-04-01,MED-007,LOC-004,30,590,1809.2,1409,579,0,0,650,19.6667,0.3261,91.9932,1.0,383500,1175980.0
2024-04-01,MED-007,LOC-005,30,681,1747.8333,2086,1630,0,0,650,22.7,0.3896,76.9971,1.0,442650,1136091.6667
2024-04-01,MED-008,LOC-001,30,595,1808.4667,1464,647,0,0,1850,19.8333,0.329,91.1832,1.0,1100750,3345663.3333
2024-04-01,MED-008,LOC-002,30,469,1280.6667,1131,472,0,0,1850,15.6333,0.3662,81.919,1.0,867650,2369233.3333
2024-04-01,MED-008,LOC-003,30,364,1087.9667,857,407,0,0,1850,12.1333,0.3346,89.6676,1.0,673400,2012738.3333
2024-04-01,MED-008,LOC-004,30,275,690.9333,588,314,0,0,1850,9.1667,0.398,75.3745,1.0,508750,1278226.6667
2024-04-01,MED-008,LOC-005,30,311,782.6,673,350,0,0,1850,10.3667,0.3974,75.492,1.0,575350,1447810.0
2024-04-01,MED-009,LOC-001,30,1592,5090.4667,4210,1508,0,0,1200,53.0667,0.3127,95.9259,1.0,1910400,6108560.0
2024-04-01,MED-009,LOC-002,30,1293,3186.1667,2567,1290,0,0,1200,43.1,0.4058,73.925,1.0,1551600,3823400.0
2024-04-01,MED-009,LOC-003,30,950,3067.4,2433,935,0,0,1200,31.6667,0.3097,96.8653,1.0,1140000,3680880.0
2024-04-01,MED-009,LOC-004,30,760,2197.2333,1821,846,0,0,1200,25.3333,0.3459,86.7329,1.0,912000,2636680.0
2024-04-01,MED-009,LOC-005,30,866,2217.4,2673,1988,0,0,1200,28.8667,0.3905,76.8152,1.0,1039200,2660880.0
2024-04-01,MED-010,LOC-001,30,923,2450.8,2195,1026,0,0,950,30.7667,0.3766,79.6576,1.0,876850,2328260.0
2024-04-01,MED-010,LOC-002,30,679,2003.3333,1812,678,0,0,950,22.6333,0.3389,88.5125,1.0,645050,1903166.6667
2024-04-01,MED-010,LOC-003,30,518,1190.8333,1117,559,0,0,950,17.2667,0.435,68.9672,1.0,492100,1131291.6667
2024-04-01,MED-010,LOC-004,30,399,999.8667,853,403,0,0,950,13.3,0.3991,75.1779,1.0,379050,949873.3333
2024-04-01,MED-010,LOC-005,30,466,1197.4,1112,502,0,0,950,15.5333,0.3892,77.0858,1.0,442700,1137530.0
2024-04-01,MED-011,LOC-001,30,817,2091.4667,1842,827,0,0,900,27.2333,0.3906,76.798,1.0,735300,1882320.0
2024-04-01,MED-011,LOC-002,30,629,1674.3667,1530,767,0,0,900,20.9667,0.3757,79.8585,1.0,566100,1506930.0
2024-04-01,MED-011,LOC-003,30,472,1135.5,920,462,0,0,900,15.7333,0.4157,72.1716,1.0,424800,1021950.0
2024-04-01,MED-011,LOC-004,30,388,794.4667,713,388,0,0,900,12.9333,0.4884,61.4278,1.0,349200,715020.0
2024-04-01,MED-011,LOC-005,30,421,963.8333,828,435,0,0,900,14.0333,0.4368,68.6817,1.0,378900,867450.0
2024-04-01,MED-012,LOC-001,30,754,2020.0,1802,716,0,0,3500,25.1333,0.3733,80.3714,1.0,2639000,7070000.0
2024-04-01,MED-012,LOC-002,30,565,1447.8333,1230,649,0,0,3500,18.8333,0.3902,76.8761,1.0,1977500,5067416.6667
2024-04-01,MED-012,LOC-003,30,442,927.3667,891,498,0,0,3500,14.7333,0.4766,62.9434,1.0,1547000,3245783.3333
2024-04-01,MED-012,LOC-004,30,340,787.6,634,393,0,0,3500,11.3333,0.4317,69.4941,1.0,1190000,2756600.0
2024-04-01,MED-012,LOC-005,30,385,866.8,796,445,0,0,3500,12.8333,0.4442,67.5429,1.0,1347500,3033800.0
2024-04-01,MED-013,LOC-001,30,632,1931.9333,1606,660,0,0,2100,21.0667,0.3271,91.7057,1.0,1327200,4057060.0
2024-04-01,MED-013,LOC-002,30,519,1435.0,1308,560,0,0,2100,17.3,0.3617,82.948,1.0,1089900,3013500.0
2024-04-01,MED-013,LOC-003,30,355,1073.4333,938,389,0,0,2100,11.8333,0.3307,90.7127,1.0,745500,2254210.0
2024-04-01,MED-013,LOC-004,30,284,903.9667,842,319,0,0,2100,9.4667,0.3142,95.4894,1.0,596400,1898330.0
2024-04-01,MED-013,LOC-005,30,329,1094.3333,976,368,0,0,2100,10.9667,0.3006,99.7872,1.0,690900,2298100.0
2024-04-01,MED-014,LOC-001,30,419,1057.9667,876,412,0,0,4200,13.9667,0.396,75.7494,1.0,1759800,4443460.0
2024-04-01,MED-014,LOC-002,30,312,1173.3,1009,317,0,0,4200,10.4,0.2659,112.8173,1.0,1310400,4927860.0
2024-04-01,MED-014,LOC-003,30,237,768.1333,622,264,0,0,4200,7.9,0.3085,97.2321,1.0,995400,3226160.0
2024-04-01,MED-014,LOC-004,30,188,436.4667,355,179,0,0,4200,6.2667,0.4307,69.6489,1.0,789600,1833160.0
2024-04-01,MED-014,LOC-005,30,214,678.5,557,237,0,0,4200,7.1333,0.3154,95.1168,1.0,898800,2849700.0
2024-04-01,MED-015,LOC-001,30,504,1062.0333,790,517,0,0,2600,16.8,0.4746,63.2163,1.0,1310400,2761286.6667
2024-04-01,MED-015,LOC-002,30,373,990.8667,836,421,0,0,2600,12.4333,0.3764,79.6944,1.0,969800,2576253.3333
2024-04-01,MED-015,LOC-003,30,299,709.9333,559,349,0,0,2600,9.9667,0.4212,71.2308,1.0,777400,1845826.6667
2024-04-01,MED-015,LOC-004,30,228,634.6,522,228,0,0,2600,7.6,0.3593,83.5,1.0,592800,1649960.0
2024-04-01,MED-015,LOC-005,30,254,704.8333,536,275,0,0,2600,8.4667,0.3604,83.248,1.0,660400,1832566.6667
2024-05-01,MED-001,LOC-001,31,2378,5520.5484,6447,4435,0,0,450,76.7097,0.4308,71.9668,1.0,1070100,2484246.7742
2024-05-01,MED-001,LOC-002,31,1852,4215.2258,4384,3262,0,0,450,59.7419,0.4394,70.5572,1.0,833400,1896851.6129
2024-05-01,MED-001,LOC-003,31,1450,2785.1935,3029,1213,0,0,450,46.7742,0.5206,59.5455,1.0,652500,1253337.0968
2024-05-01,MED-001,LOC-004,31,1057,2388.7742,2734,2044,0,0,450,34.0968,0.4425,70.0587,1.0,475650,1074948.3871
2024-05-01,MED-001,LOC-005,31,1263,2566.8065,3175,2534,0,0,450,40.7419,0.4921,63.0016,1.0,568350,1155062.9032
2024-05-01,MED-002,LOC-001,31,2080,4713.871,5311,3893,0,0,470,67.0968,0.4413,70.2548,1.0,977600,2215519.3548
2024-05-01,MED-002,LOC-002,31,1552,3562.1935,2680,1305,0,0,470,50.0645,0.4357,71.1521,1.0,729440,1674230.9677
2024-05-01,MED-002,LOC-003,31,1121,2387.5806,1794,1150,0,0,470,36.1613,0.4695,66.0259,1.0,526870,1122162.9032
2024-05-01,MED-002,LOC-004,31,885,2274.1935,2560,1616,0,0,470,28.5484,0.3891,79.661,1.0,415950,1068870.9677
2024-05-01,MED-002,LOC-005,31,1042,2352.4516,2632,1901,0,0,470,33.6129,0.4429,69.9866,1.0,489740,1105652.2581
2024-05-01,MED-003,LOC-001,31,1641,4061.8065,3288,1617,0,0,380,52.9355,0.404,76.7313,1.0,623580,1543486.4516
2024-05-01,MED-003,LOC-002,31,1190,2500.4839,1936,1082,0,0,380,38.3871,0.4759,65.1387,1.0,452200,950183.871
2024-05-01,MED-003,LOC-003,31,929,2160.1935,1607,902,0,0,380,29.9677,0.4301,72.084,1.0,353020,820873.5484
2024-05-01,MED-003,LOC-004,31,726,1688.6452,1277,641,0,0,380,23.4194,0.4299,72.1047,1.0,275880,641685.1613
2024-05-01,MED-003,LOC-005,31,827,2058.0968,1612,812,0,0,380,26.6774,0.4018,77.1475,1.0,314260,782076.7742
2024-05-01,MED-004,LOC-001,31,1226,3248.871,2679,1094,0,0,520,39.5484,0.3774,82.1493,1.0,637520,1689412.9032
2024-05-01,MED-004,LOC-002,31,912,2235.4839,1859,844,0,0,520,29.4194,0.408,75.9868,1.0,474240,1162451.6129
2024-05-01,MED-004,LOC-003,31,781,1767.2903,1335,747,0,0,520,25.1935,0.4419,70.1485,1.0,406120,918990.9677
2024-05-01,MED-004,LOC-004,31,564,869.871,616,517,0,0,520,18.1935,0.6484,47.8121,1.0,293280,452332.9032
2024-05-01,MED-004,LOC-005,31,651,1055.1935,807,559,0,0,520,21.0,0.6169,50.2473,1.0,338520,548700.6452
2024-05-01,MED-005,LOC-001,31,474,966.4516,810,458,0,0,2800,15.2903,0.4905,63.2068,1.0,1327200,2706064.5161
2024-05-01,MED-005,LOC-002,31,368,791.3226,721,378,0,0,2800,11.871,0.465,66.6603,1.0,1030400,2215703.2258
2024-05-01,MED-005,LOC-003,31,287,557.0645,403,247,0,0,2800,9.2581,0.5152,60.1707,1.0,803600,1559780.6452
2024-05-01,MED-005,LOC-004,31,216,441.5806,337,178,0,0,2800,6.9677,0.4892,63.375,1.0,604800,1236425.8065
2024-05-01,MED-005,LOC-005,31,252,470.129,391,228,0,0,2800,8.129,0.536,57.8333,1.0,705600,1316361.2903
2024-05-01,MED-006,LOC-001,31,416,857.0,773,417,0,0,2900,13.4194,0.4854,63.863,1.0,1206400,2485300.0
2024-05-01,MED-006,LOC-002,31,331,658.6774,563,290,0,0,2900,10.6774,0.5025,61.6888,1.0,959900,1910164.5161
2024-05-01,MED-006,LOC-003,31,247,606.0,475,247,0,0,2900,7.9677,0.4076,76.0567,1.0,716300,1757400.0
2024-05-01,MED-006,LOC-004,31,192,412.0645,393,176,0,0,2900,6.1935,0.4659,66.5312,1.0,556800,1194987.0968
2024-05-01,MED-006,LOC-005,31,214,508.0645,390,197,0,0,2900,6.9032,0.4212,73.5981,1.0,620600,1473387.0968
2024-05-01,MED-007,LOC-001,31,1679,3825.8065,4337,3259,0,0,650,54.1613,0.4389,70.6373,1.0,1091350,2486774.1935
2024-05-01,MED-007,LOC-002,31,1281,2651.3548,2985,2509,0,0,650,41.3226,0.4831,64.1624,1.0,832650,1723380.6452
2024-05-01,MED-007,LOC-003,31,1001,2371.2581,2511,1862,0,0,650,32.2903,0.4221,73.4356,1.0,650650,1541317.7419
2024-05-01,MED-007,LOC-004,31,731,1863.4194,2062,1449,0,0,650,23.5806,0.3923,79.0233,1.0,475150,1211222.5806
2024-05-01,MED-007,LOC-005,31,863,1939.8387,2091,828,0,0,650,27.8387,0.4449,69.6813,1.0,560950,1260895.1613
2024-05-01,MED-008,LOC-001,31,785,1940.9355,2237,1552,0,0,1850,25.3226,0.4044,76.6484,1.0,1452250,3590730.6452
2024-05-01,MED-008,LOC-002,31,609,1313.9355,1059,564,0,0,1850,19.6452,0.4635,66.8834,1.0,1126650,2430780.6452
2024-05-01,MED-008,LOC-003,31,483,1121.2581,852,463,0,0,1850,15.5806,0.4308,71.9648,1.0,893550,2074327.4194
2024-05-01,MED-008,LOC-004,31,355,731.1613,568,343,0,0,1850,11.4516,0.4855,63.8479,1.0,656750,1352648.3871
2024-05-01,MED-008,LOC-005,31,409,913.0645,691,418,0,0,1850,13.1935,0.4479,69.2054,1.0,756650,1689169.3548
2024-05-01,MED-009,LOC-001,31,2013,5434.871,5809,4140,0,0,1200,64.9355,0.3704,83.6965,1.0,2415600,6521845.1613
2024-05-01,MED-009,LOC-002,31,1582,3591.6129,3698,3057,0,0,1200,51.0323,0.4405,70.3793,1.0,1898400,4309935.4839
2024-05-01,MED-009,LOC-003,31,1244,3312.0645,3769,2476,0,0,1200,40.129,0.3756,82.5354,1.0,1492800,3974477.4194
2024-05-01,MED-009,LOC-004,31,950,2328.6774,2517,1727,0,0,1200,30.6452,0.408,75.9884,1.0,1140000,2794412.9032
2024-05-01,MED-009,LOC-005,31,1094,2323.3548,2455,1003,0,0,1200,35.2903,0.4709,65.8355,1.0,1312800,2788025.8065
2024-05-01,MED-010,LOC-001,31,1157,2527.7742,2055,1069,0,0,950,37.3226,0.4577,67.7277,1.0,1099150,2401385.4839
2024-05-01,MED-010,LOC-002,31,868,2105.129,1731,769,0,0,950,28.0,0.4123,75.1832,1.0,824600,1999872.5806
2024-05-01,MED-010,LOC-003,31,692,1221.3226,956,611,0,0,950,22.3226,0.5666,54.7124,1.0,657400,1160256.4516
2024-05-01,MED-010,LOC-004,31,523,1057.5806,859,491,0,0,950,16.871,0.4945,62.6864,1.0,496850,1004701.6129
2024-05-01,MED-010,LOC-005,31,606,1407.9677,1105,619,0,0,950,19.5484,0.4304,72.0248,1.0,575700,1337569.3548
2024-05-01,MED-011,LOC-001,31,1103,2002.1935,1692,921,0,0,900,35.5806,0.5509,56.272,1.0,992700,1801974.1935
2024-05-01,MED-011,LOC-002,31,812,1815.0,1378,743,0,0,900,26.1935,0.4474,69.2919,1.0,730800,1633500.0
2024-05-01,MED-011,LOC-003,31,629,1047.7742,904,585,0,0,900,20.2903,0.6003,51.6391,1.0,566100,942996.7742
2024-05-01,MED-011,LOC-004,31,480,829.5484,677,471,0,0,900,15.4839,0.5786,53.575,1.0,432000,746593.5484
2024-05-01,MED-011,LOC-005,31,531,1070.7097,876,537,0,0,900,17.129,0.4959,62.5085,1.0,477900,963638.7097
2024-05-01,MED-012,LOC-001,31,955,2085.9677,1758,990,0,0,3500,30.8065,0.4578,67.712,1.0,3342500,7300887.0968
2024-05-01,MED-012,LOC-002,31,712,1629.9677,1282,723,0,0,3500,22.9677,0.4368,70.9677,1.0,2492000,5704887.0968
2024-05-01,MED-012,LOC-003,31,549,1029.4516,785,475,0,0,3500,17.7097,0.5333,58.1293,1.0,1921500,3603080.6452
2024-05-01,MED-012,LOC-004,31,429,809.9032,611,393,0,0,3500,13.8387,0.5297,58.5245,1.0,1501500,2834661.2903
2024-05-01,MED-012,LOC-005,31,474,969.3226,808,450,0,0,3500,15.2903,0.489,63.3945,1.0,1659000,3392629.0323
2024-05-01,MED-013,LOC-001,31,817,1982.0968,1653,765,0,0,2100,26.3548,0.4122,75.2081,1.0,1715700,4162403.2258
2024-05-01,MED-013,LOC-002,31,654,1541.0968,1183,563,0,0,2100,21.0968,0.4244,73.0489,1.0,1373400,3236303.2258
2024-05-01,MED-013,LOC-003,31,493,1079.5161,834,418,0,0,2100,15.9032,0.4567,67.8803,1.0,1035300,2266983.871
2024-05-01,MED-013,LOC-004,31,372,957.871,807,340,0,0,2100,12.0,0.3884,79.8226,1.0,781200,2011529.0323
2024-05-01,MED-013,LOC-005,31,438,1156.5161,974,439,0,0,2100,14.129,0.3787,81.8539,1.0,919800,2428683.871
2024-05-01,MED-014,LOC-001,31,523,1158.5161,1397,1074,0,0,4200,16.871,0.4514,68.6692,1.0,2196600,4865767.7419
2024-05-01,MED-014,LOC-002,31,410,1185.7419,922,397,0,0,4200,13.2258,0.3458,89.6537,1.0,1722000,4980116.129
2024-05-01,MED-014,LOC-003,31,310,776.1935,599,263,0,0,4200,10.0,0.3994,77.6194,1.0,1302000,3260012.9032
2024-05-01,MED-014,LOC-004,31,242,481.7419,348,232,0,0,4200,7.8065,0.5023,61.7107,1.0,1016400,2023316.129
2024-05-01,MED-014,LOC-005,31,274,695.3226,537,262,0,0,4200,8.8387,0.3941,78.6679,1.0,1150800,2920354.8387
2024-05-01,MED-015,LOC-001,31,638,1174.9355,1352,1191,0,0,2600,20.5806,0.543,57.0893,1.0,1658800,3054832.2581
2024-05-01,MED-015,LOC-002,31,482,1061.3548,755,433,0,0,2600,15.5484,0.4541,68.2614,1.0,1253200,2759522.5806
2024-05-01,MED-015,LOC-003,31,371,774.2903,833,693,0,0,2600,11.9677,0.4791,64.6981,1.0,964600,2013154.8387
2024-05-01,MED-015,LOC-004,31,279,663.0968,702,490,0,0,2600,9.0,0.4208,73.6774,1.0,725400,1724051.6129
2024-05-01,MED-015,LOC-005,31,329,757.1613,840,650,0,0,2600,10.6129,0.4345,71.3435,1.0,855400,1968619.3548
2024-06-01,MED-001,LOC-001,30,1967,6085.5,6391,2224,0,0,450,65.5667,0.3232,92.8139,1.0,885150,2738475.0
2024-06-01,MED-001,LOC-002,30,1467,4208.2667,4631,1541,0,0,450,48.9,0.3486,86.0586,1.0,660150,1893720.0
2024-06-01,MED-001,LOC-003,30,1127,2718.2667,3028,1355,0,0,450,37.5667,0.4146,72.3585,1.0,507150,1223220.0
2024-06-01,MED-001,LOC-004,30,864,2599.9,2859,862,0,0,450,28.8,0.3323,90.2743,1.0,388800,1169955.0
2024-06-01,MED-001,LOC-005,30,975,2851.5,3071,1100,0,0,450,32.5,0.3419,87.7385,1.0,438750,1283175.0
2024-06-01,MED-002,LOC-001,30,1636,4994.8667,5668,1706,0,0,470,54.5333,0.3275,91.5929,1.0,768920,2347587.3333
2024-06-01,MED-002,LOC-002,30,1231,3551.9,3863,2665,0,0,470,41.0333,0.3466,86.5613,1.0,578570,1669393.0
2024-06-01,MED-002,LOC-003,30,975,2630.1333,3048,2217,0,0,470,32.5,0.3707,80.9272,1.0,458250,1236162.6667
2024-06-01,MED-002,LOC-004,30,732,2373.0333,2578,884,0,0,470,24.4,0.3085,97.2555,1.0,344040,1115325.6667
2024-06-01,MED-002,LOC-005,30,840,2514.7667,2767,953,0,0,470,28.0,0.334,89.8131,1.0,394800,1181940.3333
2024-06-01,MED-003,LOC-001,30,1274,4163.4333,3395,1412,0,0,380,42.4667,0.306,98.04,1.0,484120,1582104.6667
2024-06-01,MED-003,LOC-002,30,1006,2677.3333,2162,1237,0,0,380,33.5333,0.3757,79.841,1.0,382280,1017386.6667
2024-06-01,MED-003,LOC-003,30,741,2252.9333,1782,839,0,0,380,24.7,0.3289,91.2119,1.0,281580,856114.6667
2024-06-01,MED-003,LOC-004,30,598,1635.9333,1335,631,0,0,380,19.9333,0.3655,82.0702,1.0,227240,621654.6667
2024-06-01,MED-003,LOC-005,30,691,2309.3,2538,1531,0,0,380,23.0333,0.2992,100.259,1.0,262580,877534.0
2024-06-01,MED-004,LOC-001,30,1031,3374.7667,2600,1097,0,0,520,34.3667,0.3055,98.1988,1.0,536120,1754878.6667
2024-06-01,MED-004,LOC-002,30,766,2276.1333,1826,849,0,0,520,25.5333,0.3365,89.1436,1.0,398320,1183589.3333
2024-06-01,MED-004,LOC-003,30,616,1828.2,2046,1361,0,0,520,20.5333,0.3369,89.0357,1.0,320320,950664.0
2024-06-01,MED-004,LOC-004,30,462,932.1667,665,512,0,0,520,15.4,0.4956,60.5303,1.0,240240,484726.6667
2024-06-01,MED-004,LOC-005,30,535,1119.8333,917,667,0,0,520,17.8333,0.4777,62.7944,1.0,278200,582313.3333
2024-06-01,MED-005,LOC-001,30,403,1032.2667,811,468,0,0,2800,13.4333,0.3904,76.8437,1.0,1128400,2890346.6667
2024-06-01,MED-005,LOC-002,30,299,848.5,747,337,0,0,2800,9.9667,0.3524,85.1338,1.0,837200,2375800.0
2024-06-01,MED-005,LOC-003,30,227,521.9667,464,253,0,0,2800,7.5667,0.4349,68.9824,1.0,635600,1461506.6667
2024-06-01,MED-005,LOC-004,30,175,477.0,380,220,0,0,2800,5.8333,0.3669,81.7714,1.0,490000,1335600.0
2024-06-01,MED-005,LOC-005,30,209,505.9667,410,244,0,0,2800,6.9667,0.4131,72.6268,1.0,585200,1416706.6667
2024-06-01,MED-006,LOC-001,30,354,927.9333,743,352,0,0,2900,11.8,0.3815,78.6384,1.0,1026600,2691006.6667
2024-06-01,MED-006,LOC-002,30,266,670.2333,566,305,0,0,2900,8.8667,0.3969,75.5902,1.0,771400,1943676.6667
2024-06-01,MED-006,LOC-003,30,201,609.8667,533,245,0,0,2900,6.7,0.3296,91.0249,1.0,582900,1768613.3333
2024-06-01,MED-006,LOC-004,30,155,436.2667,368,158,0,0,2900,5.1667,0.3553,84.4387,1.0,449500,1265173.3333
2024-06-01,MED-006,LOC-005,30,178,489.3667,403,190,0,0,2900,5.9333,0.3637,82.4775,1.0,516200,1419163.3333
2024-06-01,MED-007,LOC-001,30,1405,4004.0,4084,1395,0,0,650,46.8333,0.3509,85.4947,1.0,913250,2602600.0
2024-06-01,MED-007,LOC-002,30,1020,2873.1667,3270,1218,0,0,650,34.0,0.355,84.5049,1.0,663000,1867558.3333
2024-06-01,MED-007,LOC-003,30,833,2553.9333,2635,904,0,0,650,27.7667,0.3262,91.9784,1.0,541450,1660056.6667
2024-06-01,MED-007,LOC-004,30,611,2063.3,2207,653,0,0,650,20.3667,0.2961,101.3077,1.0,397150,1341145.0
2024-06-01,MED-007,LOC-005,30,710,2050.7667,2135,741,0,0,650,23.6667,0.3462,86.6521,1.0,461500,1332998.3333
2024-06-01,MED-008,LOC-001,30,637,2178.9,2434,759,0,0,1850,21.2333,0.2923,102.617,1.0,1178450,4030965.0
2024-06-01,MED-008,LOC-002,30,498,1485.1333,1707,1157,0,0,1850,16.6,0.3353,89.4659,1.0,921300,2747496.6667
2024-06-01,MED-008,LOC-003,30,379,1173.3333,1258,857,0,0,1850,12.6333,0.323,92.876,1.0,701150,2170666.6667
2024-06-01,MED-008,LOC-004,30,289,794.4667,894,666,0,0,1850,9.6333,0.3638,82.4706,1.0,534650,1469763.3333
2024-06-01,MED-008,LOC-005,30,331,1004.8333,1202,816,0,0,1850,11.0333,0.3294,91.0725,1.0,612350,1858941.6667
2024-06-01,MED-009,LOC-001,30,1721,5841.3,6071,1637,0,0,1200,57.3667,0.2946,101.8239,1.0,2065200,7009560.0
2024-06-01,MED-009,LOC-002,30,1302,3721.7667,3711,1243,0,0,1200,43.4,0.3498,85.755,1.0,1562400,4466120.0
2024-06-01,MED-009,LOC-003,30,988,3603.0667,3669,1159,0,0,1200,32.9333,0.2742,109.4049,1.0,1185600,4323680.0
2024-06-01,MED-009,LOC-004,30,783,2476.6333,2585,922,0,0,1200,26.1,0.3162,94.8902,1.0,939600,2971960.0
2024-06-01,MED-009,LOC-005,30,917,2423.5667,2482,984,0,0,1200,30.5667,0.3784,79.2879,1.0,1100400,2908280.0
2024-06-01,MED-010,LOC-001,30,970,2690.1667,2264,1107,0,0,950,32.3333,0.3606,83.201,1.0,921500,2555658.3333
2024-06-01,MED-010,LOC-002,30,715,2052.7667,1692,786,0,0,950,23.8333,0.3483,86.1301,1.0,679250,1950128.3333
2024-06-01,MED-010,LOC-003,30,561,1259.0333,999,587,0,0,950,18.7,0.4456,67.328,1.0,532950,1196081.6667
2024-06-01,MED-010,LOC-004,30,424,1016.3667,874,466,0,0,950,14.1333,0.4172,71.9127,1.0,402800,965548.3333
2024-06-01,MED-010,LOC-005,30,474,1393.1667,1194,580,0,0,950,15.8,0.3402,88.1751,1.0,450300,1323508.3333
2024-06-01,MED-011,LOC-001,30,886,2221.7667,1809,1069,0,0,900,29.5333,0.3988,75.2291,1.0,797400,1999590.0
2024-06-01,MED-011,LOC-002,30,676,1683.1667,1508,706,0,0,900,22.5333,0.4016,74.6967,1.0,608400,1514850.0
2024-06-01,MED-011,LOC-003,30,494,1118.6667,989,527,0,0,900,16.4667,0.4416,67.9352,1.0,444600,1006800.0
2024-06-01,MED-011,LOC-004,30,394,980.8333,815,497,0,0,900,13.1333,0.4017,74.6827,1.0,354600,882750.0
2024-06-01,MED-011,LOC-005,30,443,1051.3667,895,479,0,0,900,14.7667,0.4214,71.1986,1.0,398700,946230.0
2024-06-01,MED-012,LOC-001,30,772,2287.8667,2034,975,0,0,3500,25.7333,0.3374,88.9067,1.0,2702000,8007533.3333
2024-06-01,MED-012,LOC-002,30,588,1579.0667,1351,601,0,0,3500,19.6,0.3724,80.5646,1.0,2058000,5526733.3333
2024-06-01,MED-012,LOC-003,30,458,990.3333,839,471,0,0,3500,15.2667,0.4625,64.869,1.0,1603000,3466166.6667
2024-06-01,MED-012,LOC-004,30,345,864.4,689,401,0,0,3500,11.5,0.3991,75.1652,1.0,1207500,3025400.0
2024-06-01,MED-012,LOC-005,30,397,998.8333,794,425,0,0,3500,13.2333,0.3975,75.4786,1.0,1389500,3495916.6667
2024-06-01,MED-013,LOC-001,30,702,1894.2333,1557,725,0,0,2100,23.4,0.3706,80.9501,1.0,1474200,3977890.0
2024-06-01,MED-013,LOC-002,30,525,1488.5,1281,580,0,0,2100,17.5,0.3527,85.0571,1.0,1102500,3125850.0
2024-06-01,MED-013,LOC-003,30,406,1206.2667,1311,948,0,0,2100,13.5333,0.3366,89.133,1.0,852600,2533160.0
2024-06-01,MED-013,LOC-004,30,307,994.2333,823,310,0,0,2100,10.2333,0.3088,97.1564,1.0,644700,2087890.0
2024-06-01,MED-013,LOC-005,30,359,1140.1,946,378,0,0,2100,11.9667,0.3149,95.273,1.0,753900,2394210.0
2024-06-01,MED-014,LOC-001,30,435,1280.5667,1402,502,0,0,4200,14.5,0.3397,88.3149,1.0,1827000,5378380.0
2024-06-01,MED-014,LOC-002,30,342,1268.4667,1237,693,0,0,4200,11.4,0.2696,111.269,1.0,1436400,5327560.0
2024-06-01,MED-014,LOC-003,30,251,819.3667,911,575,0,0,4200,8.3667,0.3063,97.9323,1.0,1054200,3441340.0
2024-06-01,MED-014,LOC-004,30,193,519.6667,582,453,0,0,4200,6.4333,0.3714,80.7772,1.0,810600,2182600.0
2024-06-01,MED-014,LOC-005,30,225,702.8667,790,459,0,0,4200,7.5,0.3201,93.7156,1.0,945000,2952040.0
2024-06-01,MED-015,LOC-001,30,513,1224.0,1352,610,0,0,2600,17.1,0.4191,71.5789,1.0,1333800,3182400.0
2024-06-01,MED-015,LOC-002,30,408,1200.8667,1271,925,0,0,2600,13.6,0.3398,88.299,1.0,1060800,3122253.3333
2024-06-01,MED-015,LOC-003,30,304,795.3667,874,315,0,0,2600,10.1333,0.3822,78.4901,1.0,790400,2067953.3333
2024-06-01,MED-015,LOC-004,30,228,685.7667,676,218,0,0,2600,7.6,0.3325,90.2325,1.0,592800,1782993.3333
2024-06-01,MED-015,LOC-005,30,273,810.1,908,313,0,0,2600,9.1,0.337,89.022,1.0,709800,2106260.0
2024-07-01,MED-001,LOC-001,31,2169,6231.6129,6437,2205,0,0,450,69.9677,0.3481,89.0641,1.0,976050,2804225.8065
2024-07-01,MED-001,LOC-002,31,1701,4205.2903,4633,1679,0,0,450,54.871,0.4045,76.6396,1.0,765450,1892380.6452
2024-07-01,MED-001,LOC-003,31,1238,3067.6452,3254,1347,0,0,450,39.9355,0.4036,76.815,1.0,557100,1380440.3226
2024-07-01,MED-001,LOC-004,31,944,2675.9032,2723,929,0,0,450,30.4516,0.3528,87.8739,1.0,424800,1204156.4516
2024-07-01,MED-001,LOC-005,31,1087,3097.7097,3188,1240,0,0,450,35.0645,0.3509,88.3431,1.0,489150,1393969.3548
2024-07-01,MED-002,LOC-001,31,1810,5276.129,5094,1726,0,0,470,58.3871,0.3431,90.3646,1.0,850700,2479780.6452
2024-07-01,MED-002,LOC-002,31,1363,3731.5161,3717,1236,0,0,470,43.9677,0.3653,84.8694,1.0,640610,1753812.5806
2024-07-01,MED-002,LOC-003,31,1036,2870.8387,2960,1090,0,0,470,33.4194,0.3609,85.9035,1.0,486920,1349294.1935
2024-07-01,MED-002,LOC-004,31,812,2576.5484,2519,742,0,0,470,26.1935,0.3152,98.3658,1.0,381640,1210977.7419
2024-07-01,MED-002,LOC-005,31,896,2696.7097,2729,915,0,0,470,28.9032,0.3323,93.3013,1.0,421120,1267453.5484
2024-07-01,MED-003,LOC-001,31,1394,4231.4194,4726,2951,0,0,380,44.9677,0.3294,94.099,1.0,529720,1607939.3548
2024-07-01,MED-003,LOC-002,31,1062,2881.8065,3014,2164,0,0,380,34.2581,0.3685,84.1205,1.0,403560,1095086.4516
2024-07-01,MED-003,LOC-003,31,824,2325.4839,2427,1655,0,0,380,26.5806,0.3543,87.4879,1.0,313120,883683.871
2024-07-01,MED-003,LOC-004,31,652,1869.5484,2100,1400,0,0,380,21.0323,0.3487,88.8896,1.0,247760,710428.3871
2024-07-01,MED-003,LOC-005,31,718,2440.7097,2337,707,0,0,380,23.1613,0.2942,105.3788,1.0,272840,927469.6774
2024-07-01,MED-004,LOC-001,31,1136,3437.9032,3474,2190,0,0,520,36.6452,0.3304,93.816,1.0,590720,1787709.6774
2024-07-01,MED-004,LOC-002,31,843,2522.8387,2695,1644,0,0,520,27.1935,0.3341,92.7734,1.0,438360,1311876.129
2024-07-01,MED-004,LOC-003,31,663,1907.3226,1984,633,0,0,520,21.3871,0.3476,89.181,1.0,344760,991807.7419
2024-07-01,MED-004,LOC-004,31,488,981.2581,1068,912,0,0,520,15.7419,0.4973,62.334,1.0,253760,510254.1935
2024-07-01,MED-004,LOC-005,31,572,1261.0645,919,625,0,0,520,18.4516,0.4536,68.3444,1.0,297440,655753.5484
2024-07-01,MED-005,LOC-001,31,447,1050.0323,862,420,0,0,2800,14.4194,0.4257,72.821,1.0,1251600,2940090.3226
2024-07-01,MED-005,LOC-002,31,321,844.0968,746,313,0,0,2800,10.3548,0.3803,81.5171,1.0,898800,2363470.9677
2024-07-01,MED-005,LOC-003,31,248,521.871,437,235,0,0,2800,8.0,0.4752,65.2339,1.0,694400,1461238.7097
2024-07-01,MED-005,LOC-004,31,191,463.3226,364,174,0,0,2800,6.1613,0.4122,75.199,1.0,534800,1297303.2258
2024-07-01,MED-005,LOC-005,31,215,525.7742,408,200,0,0,2800,6.9355,0.4089,75.8093,1.0,602000,1472167.7419
2024-07-01,MED-006,LOC-001,31,374,949.5806,1118,781,0,0,2900,12.0645,0.3939,78.7086,1.0,1084600,2753783.871
2024-07-01,MED-006,LOC-002,31,284,686.2581,598,297,0,0,2900,9.1613,0.4138,74.9085,1.0,823600,1990148.3871
2024-07-01,MED-006,LOC-003,31,222,648.5484,539,206,0,0,2900,7.1613,0.3423,90.5631,1.0,643800,1880790.3226
2024-07-01,MED-006,LOC-004,31,167,486.0968,380,178,0,0,2900,5.3871,0.3436,90.2335,1.0,484300,1409680.6452
2024-07-01,MED-006,LOC-005,31,192,496.7097,420,176,0,0,2900,6.1935,0.3865,80.1979,1.0,556800,1440458.0645
2024-07-01,MED-007,LOC-001,31,1585,4106.3548,3889,1376,0,0,650,51.129,0.386,80.3136,1.0,1030250,2669130.6452
2024-07-01,MED-007,LOC-002,31,1104,3113.6452,3043,970,0,0,650,35.6129,0.3546,87.4303,1.0,717600,2023869.3548
2024-07-01,MED-007,LOC-003,31,907,2584.6774,2705,798,0,0,650,29.2581,0.3509,88.3407,1.0,589550,1680040.3226
2024-07-01,MED-007,LOC-004,31,675,2091.1935,2094,611,0,0,650,21.7742,0.3228,96.04,1.0,438750,1359275.8065
2024-07-01,MED-007,LOC-005,31,755,2108.3548,2169,758,0,0,650,24.3548,0.3581,86.5682,1.0,490750,1370430.6452
2024-07-01,MED-008,LOC-001,31,693,2260.1935,2242,701,0,0,1850,22.3548,0.3066,101.1053,1.0,1282050,4181358.0645
2024-07-01,MED-008,LOC-002,31,542,1552.129,1617,549,0,0,1850,17.4839,0.3492,88.7749,1.0,1002700,2871438.7097
2024-07-01,MED-008,LOC-003,31,411,1274.4839,1363,426,0,0,1850,13.2581,0.3225,96.129,1.0,760350,2357795.1613
2024-07-01,MED-008,LOC-004,31,302,850.9032,914,316,0,0,1850,9.7419,0.3549,87.3444,1.0,558700,1574170.9677
2024-07-01,MED-008,LOC-005,31,358,1113.6774,1209,383,0,0,1850,11.5484,0.3215,96.4358,1.0,662300,2060303.2258
2024-07-01,MED-009,LOC-001,31,1865,5703.2903,5822,1729,0,0,1200,60.1613,0.327,94.8,1.0,2238000,6843948.3871
2024-07-01,MED-009,LOC-002,31,1378,3744.6129,3638,1297,0,0,1200,44.4516,0.368,84.2402,1.0,1653600,4493535.4839
2024-07-01,MED-009,LOC-003,31,1095,3887.8387,3716,1183,0,0,1200,35.3226,0.2816,110.0667,1.0,1314000,4665406.4516
2024-07-01,MED-009,LOC-004,31,855,2596.2581,2469,807,0,0,1200,27.5806,0.3293,94.1333,1.0,1026000,3115509.6774
2024-07-01,MED-009,LOC-005,31,967,2506.3871,2505,877,0,0,1200,31.1935,0.3858,80.3495,1.0,1160400,3007664.5161
2024-07-01,MED-010,LOC-001,31,1061,2878.0323,3323,2238,0,0,950,34.2258,0.3687,84.0895,1.0,1007950,2734130.6452
2024-07-01,MED-010,LOC-002,31,797,2242.5161,2514,1528,0,0,950,25.7097,0.3554,87.2246,1.0,757150,2130390.3226
2024-07-01,MED-010,LOC-003,31,621,1304.8387,1007,563,0,0,950,20.0323,0.4759,65.1369,1.0,589950,1239596.7742
2024-07-01,MED-010,LOC-004,31,462,1115.871,1266,861,0,0,950,14.9032,0.414,74.8745,1.0,438900,1060077.4194
2024-07-01,MED-010,LOC-005,31,532,1464.6129,1671,1067,0,0,950,17.1613,0.3632,85.344,1.0,505400,1391382.2581
2024-07-01,MED-011,LOC-001,31,961,2264.7097,2672,1886,0,0,900,31.0,0.4243,73.0552,1.0,864900,2038238.7097
2024-07-01,MED-011,LOC-002,31,690,1815.9032,2029,1412,0,0,900,22.2581,0.38,81.5841,1.0,621000,1634312.9032
2024-07-01,MED-011,LOC-003,31,553,1188.9677,929,502,0,0,900,17.8387,0.4651,66.651,1.0,497700,1070070.9677
2024-07-01,MED-011,LOC-004,31,428,1118.8387,1285,894,0,0,900,13.8065,0.3825,81.0374,1.0,385200,1006954.8387
2024-07-01,MED-011,LOC-005,31,494,1186.3871,1474,1055,0,0,900,15.9355,0.4164,74.4494,1.0,444600,1067748.3871
2024-07-01,MED-012,LOC-001,31,837,2293.1935,1880,785,0,0,3500,27.0,0.365,84.9331,1.0,2929500,8026177.4194
2024-07-01,MED-012,LOC-002,31,667,1655.4194,1223,625,0,0,3500,21.5161,0.4029,76.9385,1.0,2334500,5793967.7419
2024-07-01,MED-012,LOC-003,31,494,1075.8065,1329,1053,0,0,3500,15.9355,0.4592,67.5101,1.0,1729000,3765322.5806
2024-07-01,MED-012,LOC-004,31,393,890.129,1001,707,0,0,3500,12.6774,0.4415,70.2137,1.0,1375500,3115451.6129
2024-07-01,MED-012,LOC-005,31,429,1057.1613,781,445,0,0,3500,13.8387,0.4058,76.3916,1.0,1501500,3700064.5161
2024-07-01,MED-013,LOC-001,31,763,2201.4194,2249,1497,0,0,2100,24.6129,0.3466,89.4417,1.0,1602300,4622980.6452
2024-07-01,MED-013,LOC-002,31,581,1664.1935,1857,1193,0,0,2100,18.7419,0.3491,88.7952,1.0,1220100,3494806.4516
2024-07-01,MED-013,LOC-003,31,444,1265.4194,1300,387,0,0,2100,14.3226,0.3509,88.3514,1.0,932400,2657380.6452
2024-07-01,MED-013,LOC-004,31,332,1001.8387,1098,658,0,0,2100,10.7097,0.3314,93.5452,1.0,697200,2103861.2903
2024-07-01,MED-013,LOC-005,31,385,1241.9032,984,430,0,0,2100,12.4194,0.31,99.9974,1.0,808500,2607996.7742
2024-07-01,MED-014,LOC-001,31,456,1431.0968,1500,499,0,0,4200,14.7097,0.3186,97.2895,1.0,1915200,6010606.4516
2024-07-01,MED-014,LOC-002,31,363,1291.9677,1295,386,0,0,4200,11.7097,0.281,110.3333,1.0,1524600,5426264.5161
2024-07-01,MED-014,LOC-003,31,276,860.0,875,285,0,0,4200,8.9032,0.3209,96.5942,1.0,1159200,3612000.0
2024-07-01,MED-014,LOC-004,31,210,560.4516,578,185,0,0,4200,6.7742,0.3747,82.7333,1.0,882000,2353896.7742
2024-07-01,MED-014,LOC-005,31,244,754.0645,710,224,0,0,4200,7.871,0.3236,95.8033,1.0,1024800,3167070.9677
2024-07-01,MED-015,LOC-001,31,562,1338.9677,1397,530,0,0,2600,18.129,0.4197,73.8577,1.0,1461200,3481316.129
2024-07-01,MED-015,LOC-002,31,440,1248.5161,1241,430,0,0,2600,14.1935,0.3524,87.9636,1.0,1144000,3246141.9355
2024-07-01,MED-015,LOC-003,31,334,849.7742,866,333,0,0,2600,10.7742,0.393,78.8713,1.0,868400,2209412.9032
2024-07-01,MED-015,LOC-004,31,248,690.9677,742,278,0,0,2600,8.0,0.3589,86.371,1.0,644800,1796516.129
2024-07-01,MED-015,LOC-005,31,293,886.4194,915,296,0,0,2600,9.4516,0.3305,93.785,1.0,761800,2304690.3226
2024-08-01,MED-001,LOC-001,31,2023,6747.5161,6454,2044,0,0,450,65.2581,0.2998,103.3974,1.0,910350,3036382.2581
2024-08-01,MED-001,LOC-002,31,1510,4642.1613,4756,1585,0,0,450,48.7097,0.3253,95.3026,1.0,679500,2088972.5806
2024-08-01,MED-001,LOC-003,31,1202,3341.2258,3369,1264,0,0,450,38.7742,0.3597,86.1714,1.0,540900,1503551.6129
2024-08-01,MED-001,LOC-004,31,916,2800.9355,2722,942,0,0,450,29.5484,0.327,94.7915,1.0,412200,1260420.9677
2024-08-01,MED-001,LOC-005,31,1086,3349.8065,3448,1207,0,0,450,35.0323,0.3242,95.6206,1.0,488700,1507412.9032
2024-08-01,MED-002,LOC-001,31,1703,5230.6452,5608,1731,0,0,470,54.9355,0.3256,95.2143,1.0,800410,2458403.2258
2024-08-01,MED-002,LOC-002,31,1285,3867.0645,3856,1406,0,0,470,41.4516,0.3323,93.2911,1.0,603950,1817520.3226
2024-08-01,MED-002,LOC-003,31,983,2913.5484,2920,918,0,0,470,31.7097,0.3374,91.882,1.0,462010,1369367.7419
2024-08-01,MED-002,LOC-004,31,801,2588.7742,2524,891,0,0,470,25.8387,0.3094,100.1898,1.0,376470,1216723.871
2024-08-01,MED-002,LOC-005,31,888,2747.0323,2869,986,0,0,470,28.6452,0.3233,95.8986,1.0,417360,1291105.1613
2024-08-01,MED-003,LOC-001,31,1377,4848.2258,4445,1264,0,0,380,44.4194,0.284,109.1467,1.0,523260,1842325.8065
2024-08-01,MED-003,LOC-002,31,993,3089.2581,3200,944,0,0,380,32.0323,0.3214,96.4421,1.0,377340,1173918.0645
2024-08-01,MED-003,LOC-003,31,774,2471.5484,2712,873,0,0,380,24.9677,0.3132,98.9897,1.0,294120,939188.3871
2024-08-01,MED-003,LOC-004,31,598,1973.6452,2015,630,0,0,380,19.2903,0.303,102.3127,1.0,227240,749985.1613
2024-08-01,MED-003,LOC-005,31,683,2405.1613,2339,718,0,0,380,22.0323,0.284,109.1654,1.0,259540,913961.2903
2024-08-01,MED-004,LOC-001,31,1072,3738.5484,3649,1107,0,0,520,34.5806,0.2867,108.111,1.0,557440,1944045.1613
2024-08-01,MED-004,LOC-002,31,843,2586.2581,2627,937,0,0,520,27.1935,0.326,95.1056,1.0,438360,1344854.1935
2024-08-01,MED-004,LOC-003,31,627,1978.0,2002,624,0,0,520,20.2258,0.317,97.7959,1.0,326040,1028560.0
2024-08-01,MED-004,LOC-004,31,469,1029.871,1098,451,0,0,520,15.129,0.4554,68.0725,1.0,243880,535532.9032
2024-08-01,MED-004,LOC-005,31,572,1378.0645,1482,1180,0,0,520,18.4516,0.4151,74.6853,1.0,297440,716593.5484
2024-08-01,MED-005,LOC-001,31,405,1089.2258,1143,807,0,0,2800,13.0645,0.3718,83.3728,1.0,1134000,3049832.2581
2024-08-01,MED-005,LOC-002,31,310,947.5806,731,341,0,0,2800,10.0,0.3271,94.7581,1.0,868000,2653225.8065
2024-08-01,MED-005,LOC-003,31,226,644.3548,664,472,0,0,2800,7.2903,0.3507,88.385,1.0,632800,1804193.5484
2024-08-01,MED-005,LOC-004,31,181,491.3871,538,376,0,0,2800,5.8387,0.3683,84.1602,1.0,506800,1375883.871
2024-08-01,MED-005,LOC-005,31,209,583.1935,449,243,0,0,2800,6.7419,0.3584,86.5024,1.0,585200,1632941.9355
2024-08-01,MED-006,LOC-001,31,366,1019.0645,746,0,0,0,2900,11.8065,0.3592,86.3142,1.0,1061400,2955287.0968
2024-08-01,MED-006,LOC-002,31,276,808.3548,910,613,0,0,2900,8.9032,0.3414,90.7935,1.0,800400,2344229.0323
2024-08-01,MED-006,LOC-003,31,203,662.3871,676,394,0,0,2900,6.5484,0.3065,101.1527,1.0,588700,1920922.5806
2024-08-01,MED-006,LOC-004,31,162,494.6452,386,161,0,0,2900,5.2258,0.3275,94.6543,1.0,469800,1434470.9677
2024-08-01,MED-006,LOC-005,31,189,524.9677,404,203,0,0,2900,6.0968,0.36,86.1058,1.0,548100,1522406.4516
2024-08-01,MED-007,LOC-001,31,1378,4161.9032,3880,1332,0,0,650,44.4516,0.3311,93.6277,1.0,895700,2705237.0968
2024-08-01,MED-007,LOC-002,31,1055,3115.1935,3021,1073,0,0,650,34.0323,0.3387,91.5365,1.0,685750,2024875.8065
2024-08-01,MED-007,LOC-003,31,836,2743.8065,2542,884,0,0,650,26.9677,0.3047,101.744,1.0,543400,1783474.1935
2024-08-01,MED-007,LOC-004,31,642,2142.0,2136,711,0,0,650,20.7097,0.2997,103.4299,1.0,417300,1392300.0
2024-08-01,MED-007,LOC-005,31,729,2159.0,2066,658,0,0,650,23.5161,0.3377,91.8093,1.0,473850,1403350.0
2024-08-01,MED-008,LOC-001,31,654,2364.0,2397,684,0,0,1850,21.0968,0.2766,112.055,1.0,1209900,4373400.0
2024-08-01,MED-008,LOC-002,31,512,1669.6452,1675,540,0,0,1850,16.5161,0.3067,101.0918,1.0,947200,3088843.5484
2024-08-01,MED-008,LOC-003,31,403,1350.3548,1451,464,0,0,1850,13.0,0.2984,103.8734,1.0,745550,2498156.4516
2024-08-01,MED-008,LOC-004,31,290,880.1613,936,287,0,0,1850,9.3548,0.3295,94.0862,1.0,536500,1628298.3871
2024-08-01,MED-008,LOC-005,31,355,1174.9032,1161,348,0,0,1850,11.4516,0.3022,102.5972,1.0,656750,2173570.9677
2024-08-01,MED-009,LOC-001,31,1822,6048.6774,5889,1884,0,0,1200,58.7742,0.3012,102.9138,1.0,2186400,7258412.9032
2024-08-01,MED-009,LOC-002,31,1400,3753.7419,3661,1456,0,0,1200,45.1613,0.373,83.1186,1.0,1680000,4504490.3226
2024-08-01,MED-009,LOC-003,31,1065,4087.1935,3994,1201,0,0,1200,34.3548,0.2606,118.97,1.0,1278000,4904632.2581
2024-08-01,MED-009,LOC-004,31,824,2634.9677,2436,789,0,0,1200,26.5806,0.3127,99.1311,1.0,988800,3161961.2903
2024-08-01,MED-009,LOC-005,31,939,2627.2258,2639,1041,0,0,1200,30.2903,0.3574,86.7348,1.0,1126800,3152670.9677
2024-08-01,MED-010,LOC-001,31,998,3194.9032,3196,996,0,0,950,32.1935,0.3124,99.2405,1.0,948100,3035158.0645
2024-08-01,MED-010,LOC-002,31,727,2488.5484,2470,829,0,0,950,23.4516,0.2921,106.1142,1.0,690650,2364120.9677
2024-08-01,MED-010,LOC-003,31,582,1403.0323,1556,1159,0,0,950,18.7742,0.4148,74.732,1.0,552900,1332880.6452
2024-08-01,MED-010,LOC-004,31,458,1165.0968,1240,451,0,0,950,14.7742,0.3931,78.8603,1.0,435100,1106841.9355
2024-08-01,MED-010,LOC-005,31,529,1594.0645,1620,514,0,0,950,17.0645,0.3319,93.414,1.0,502550,1514361.2903
2024-08-01,MED-011,LOC-001,31,896,2521.4516,2641,836,0,0,900,28.9032,0.3554,87.2377,1.0,806400,2269306.4516
2024-08-01,MED-011,LOC-002,31,696,1998.0968,2202,679,0,0,900,22.4516,0.3483,88.9957,1.0,626400,1798287.0968
2024-08-01,MED-011,LOC-003,31,532,1409.3226,1361,1086,0,0,900,17.1613,0.3775,82.1222,1.0,478800,1268390.3226
2024-08-01,MED-011,LOC-004,31,386,1209.7419,1187,406,0,0,900,12.4516,0.3191,97.1554,1.0,347400,1088767.7419
2024-08-01,MED-011,LOC-005,31,463,1337.4839,1479,527,0,0,900,14.9355,0.3462,89.5508,1.0,416700,1203735.4839
2024-08-01,MED-012,LOC-001,31,807,2592.871,2798,1650,0,0,3500,26.0323,0.3112,99.6022,1.0,2824500,9075048.3871
2024-08-01,MED-012,LOC-002,31,623,1733.6452,1352,704,0,0,3500,20.0968,0.3594,86.2648,1.0,2180500,6067758.0645
2024-08-01,MED-012,LOC-003,31,461,1232.4839,1394,501,0,0,3500,14.871,0.374,82.8785,1.0,1613500,4313693.5484
2024-08-01,MED-012,LOC-004,31,366,870.4194,965,341,0,0,3500,11.8065,0.4205,73.724,1.0,1281000,3046467.7419
2024-08-01,MED-012,LOC-005,31,421,1091.2903,1263,868,0,0,3500,13.5806,0.3858,80.3563,1.0,1473500,3819516.129
2024-08-01,MED-013,LOC-001,31,715,2255.4194,2162,682,0,0,2100,23.0645,0.317,97.7874,1.0,1501500,4736380.6452
2024-08-01,MED-013,LOC-002,31,548,1797.0645,1808,585,0,0,2100,17.6774,0.3049,101.6588,1.0,1150800,3773835.4839
2024-08-01,MED-013,LOC-003,31,412,1262.4516,1346,447,0,0,2100,13.2903,0.3263,94.9903,1.0,865200,2651148.3871
2024-08-01,MED-013,LOC-004,31,311,1063.7097,1063,324,0,0,2100,10.0323,0.2924,106.0289,1.0,653100,2233790.3226
2024-08-01,MED-013,LOC-005,31,366,1262.1935,1380,746,0,0,2100,11.8065,0.29,106.9071,1.0,768600,2650606.4516
2024-08-01,MED-014,LOC-001,31,452,1494.3871,1485,513,0,0,4200,14.5806,0.3025,102.4912,1.0,1898400,6276425.8065
2024-08-01,MED-014,LOC-002,31,337,1316.7742,1356,344,0,0,4200,10.871,0.2559,121.1276,1.0,1415400,5530451.6129
2024-08-01,MED-014,LOC-003,31,270,901.5161,927,280,0,0,4200,8.7097,0.2995,103.5074,1.0,1134000,3786367.7419
2024-08-01,MED-014,LOC-004,31,204,567.3226,608,228,0,0,4200,6.5806,0.3596,86.2108,1.0,856800,2382754.8387
2024-08-01,MED-014,LOC-005,31,241,746.129,732,229,0,0,4200,7.7742,0.323,95.9751,1.0,1012200,3133741.9355
2024-08-01,MED-015,LOC-001,31,523,1393.871,1394,580,0,0,2600,16.871,0.3752,82.6195,1.0,1359800,3624064.5161
2024-08-01,MED-015,LOC-002,31,403,1264.0,1249,415,0,0,2600,13.0,0.3188,97.2308,1.0,1047800,3286400.0
2024-08-01,MED-015,LOC-003,31,326,878.5161,876,355,0,0,2600,10.5161,0.3711,83.5399,1.0,847600,2284141.9355
2024-08-01,MED-015,LOC-004,31,240,754.6774,710,233,0,0,2600,7.7419,0.318,97.4792,1.0,624000,1962161.2903
2024-08-01,MED-015,LOC-005,31,277,911.0645,923,274,0,0,2600,8.9355,0.304,101.9603,1.0,720200,2368767.7419
2024-09-01,MED-001,LOC-001,30,2005,7124.0,6730,2366,0,0,450,66.8333,0.2814,106.5935,1.0,902250,3205800.0
2024-09-01,MED-001,LOC-002,30,1566,4760.1333,4654,1615,0,0,450,52.2,0.329,91.1903,1.0,704700,2142060.0
2024-09-01,MED-001,LOC-003,30,1142,3382.2667,3245,1181,0,0,450,38.0667,0.3376,88.8511,1.0,513900,1522020.0
2024-09-01,MED-001,LOC-004,30,920,2967.7333,2902,1064,0,0,450,30.6667,0.31,96.7739,1.0,414000,1335480.0
2024-09-01,MED-001,LOC-005,30,1115,3500.4667,3378,1166,0,0,450,37.1667,0.3185,94.183,1.0,501750,1575210.0
2024-09-01,MED-002,LOC-001,30,1679,5813.0,5597,1852,0,0,470,55.9667,0.2888,103.8654,1.0,789130,2732110.0
2024-09-01,MED-002,LOC-002,30,1289,4065.4,3871,1327,0,0,470,42.9667,0.3171,94.6175,1.0,605830,1910738.0
2024-09-01,MED-002,LOC-003,30,987,3115.8333,3099,1078,0,0,470,32.9,0.3168,94.7062,1.0,463890,1464441.6667
2024-09-01,MED-002,LOC-004,30,794,2779.8333,2669,904,0,0,470,26.4667,0.2856,105.0315,1.0,373180,1306521.6667
2024-09-01,MED-002,LOC-005,30,908,2999.4333,3062,1047,0,0,470,30.2667,0.3027,99.1002,1.0,426760,1409733.6667
2024-09-01,MED-003,LOC-001,30,1368,4683.0667,4809,1304,0,0,380,45.6,0.2921,102.6988,1.0,519840,1779565.3333
2024-09-01,MED-003,LOC-002,30,1061,2992.1,3294,1237,0,0,380,35.3667,0.3546,84.6023,1.0,403180,1136998.0
2024-09-01,MED-003,LOC-003,30,748,2603.7333,2785,861,0,0,380,24.9333,0.2873,104.4278,1.0,284240,989418.6667
2024-09-01,MED-003,LOC-004,30,596,2189.4667,2211,671,0,0,380,19.8667,0.2722,110.2081,1.0,226480,831997.3333
2024-09-01,MED-003,LOC-005,30,698,2467.8333,2322,676,0,0,380,23.2667,0.2828,106.0673,1.0,265240,937776.6667
2024-09-01,MED-004,LOC-001,30,1093,3702.8667,3843,1280,0,0,520,36.4333,0.2952,101.634,1.0,568360,1925490.6667
2024-09-01,MED-004,LOC-002,30,836,2840.0,2583,834,0,0,520,27.8667,0.2944,101.9139,1.0,434720,1476800.0
2024-09-01,MED-004,LOC-003,30,618,2096.9333,1927,598,0,0,520,20.6,0.2947,101.7929,1.0,321360,1090405.3333
2024-09-01,MED-004,LOC-004,30,502,988.2,1068,577,0,0,520,16.7333,0.508,59.0558,1.0,261040,513864.0
2024-09-01,MED-004,LOC-005,30,567,1500.3333,1524,598,0,0,520,18.9,0.3779,79.3827,1.0,294840,780173.3333
2024-09-01,MED-005,LOC-001,30,407,1083.5,815,0,0,0,2800,13.5667,0.3756,79.8649,1.0,1139600,3033800.0
2024-09-01,MED-005,LOC-002,30,304,986.1667,1129,674,0,0,2800,10.1333,0.3083,97.3191,1.0,851200,2761266.6667
2024-09-01,MED-005,LOC-003,30,243,620.3333,653,231,0,0,2800,8.1,0.3917,76.5844,1.0,680400,1736933.3333
2024-09-01,MED-005,LOC-004,30,191,514.1333,541,190,0,0,2800,6.3667,0.3715,80.7539,1.0,534800,1439573.3333
2024-09-01,MED-005,LOC-005,30,211,594.5333,650,465,0,0,2800,7.0333,0.3549,84.5308,1.0,590800,1664693.3333
2024-09-01,MED-006,LOC-001,30,370,1064.1,1177,836,0,0,2900,12.3333,0.3477,86.2784,1.0,1073000,3085890.0
2024-09-01,MED-006,LOC-002,30,288,887.4667,868,285,0,0,2900,9.6,0.3245,92.4444,1.0,835200,2573653.3333
2024-09-01,MED-006,LOC-003,30,213,643.0667,523,0,0,0,2900,7.1,0.3312,90.5728,1.0,617700,1864893.3333
2024-09-01,MED-006,LOC-004,30,160,512.6667,576,362,0,0,2900,5.3333,0.3121,96.125,1.0,464000,1486733.3333
2024-09-01,MED-006,LOC-005,30,182,566.2667,599,355,0,0,2900,6.0667,0.3214,93.3407,1.0,527800,1642173.3333
2024-09-01,MED-007,LOC-001,30,1417,4282.1333,4178,1624,0,0,650,47.2333,0.3309,90.6591,1.0,921050,2783386.6667
2024-09-01,MED-007,LOC-002,30,1069,3101.0,3104,1091,0,0,650,35.6333,0.3447,87.0253,1.0,694850,2015650.0
2024-09-01,MED-007,LOC-003,30,832,2852.3667,2739,932,0,0,650,27.7333,0.2917,102.8498,1.0,540800,1854038.3333
2024-09-01,MED-007,LOC-004,30,639,2227.2667,2233,679,0,0,650,21.3,0.2869,104.5665,1.0,415350,1447723.3333
2024-09-01,MED-007,LOC-005,30,743,2248.7333,2162,807,0,0,650,24.7667,0.3304,90.7968,1.0,482950,1461676.6667
2024-09-01,MED-008,LOC-001,30,698,2457.2333,2513,738,0,0,1850,23.2667,0.2841,105.6117,1.0,1291300,4545881.6667
2024-09-01,MED-008,LOC-002,30,516,1686.2667,1728,499,0,0,1850,17.2,0.306,98.0388,1.0,954600,3119593.3333
2024-09-01,MED-008,LOC-003,30,399,1412.8333,1382,406,0,0,1850,13.3,0.2824,106.2281,1.0,738150,2613741.6667
2024-09-01,MED-008,LOC-004,30,305,923.2667,880,311,0,0,1850,10.1667,0.3303,90.8131,1.0,564250,1708043.3333
2024-09-01,MED-008,LOC-005,30,350,1197.8333,1211,360,0,0,1850,11.6667,0.2922,102.6714,1.0,647500,2215991.6667
2024-09-01,MED-009,LOC-001,30,1845,6414.9667,6023,2102,0,0,1200,61.5,0.2876,104.3084,1.0,2214000,7697960.0
2024-09-01,MED-009,LOC-002,30,1369,3976.8333,3731,1544,0,0,1200,45.6333,0.3442,87.1476,1.0,1642800,4772200.0
2024-09-01,MED-009,LOC-003,30,1063,4190.2333,4037,1080,0,0,1200,35.4333,0.2537,118.2568,1.0,1275600,5028280.0
2024-09-01,MED-009,LOC-004,30,805,2711.3667,2486,756,0,0,1200,26.8333,0.2969,101.0447,1.0,966000,3253640.0
2024-09-01,MED-009,LOC-005,30,940,2755.5333,2623,938,0,0,1200,31.3333,0.3411,87.9426,1.0,1128000,3306640.0
2024-09-01,MED-010,LOC-001,30,997,3321.5,3557,1085,0,0,950,33.2333,0.3002,99.9448,1.0,947150,3155425.0
2024-09-01,MED-010,LOC-002,30,740,2602.5667,2729,867,0,0,950,24.6667,0.2843,105.5095,1.0,703000,2472438.3333
2024-09-01,MED-010,LOC-003,30,574,1367.4,1604,664,0,0,950,19.1333,0.4198,71.4669,1.0,545300,1299030.0
2024-09-01,MED-010,LOC-004,30,452,1294.5333,1295,467,0,0,950,15.0667,0.3492,85.9204,1.0,429400,1229806.6667
2024-09-01,MED-010,LOC-005,30,496,1676.4,1784,566,0,0,950,16.5333,0.2959,101.3952,1.0,471200,1592580.0
2024-09-01,MED-011,LOC-001,30,927,2458.5667,2629,881,0,0,900,30.9,0.377,79.5653,1.0,834300,2212710.0
2024-09-01,MED-011,LOC-002,30,702,1961.4333,2068,748,0,0,900,23.4,0.3579,83.8219,1.0,631800,1765290.0
2024-09-01,MED-011,LOC-003,30,538,1353.9,1495,608,0,0,900,17.9333,0.3974,75.4963,1.0,484200,1218510.0
2024-09-01,MED-011,LOC-004,30,396,1198.1667,1321,429,0,0,900,13.2,0.3305,90.7702,1.0,356400,1078350.0
2024-09-01,MED-011,LOC-005,30,469,1414.2,1472,525,0,0,900,15.6333,0.3316,90.4606,1.0,422100,1272780.0
2024-09-01,MED-012,LOC-001,30,831,2557.5333,2656,872,0,0,3500,27.7,0.3249,92.3297,1.0,2908500,8951366.6667
2024-09-01,MED-012,LOC-002,30,604,1912.4667,2025,1340,0,0,3500,20.1333,0.3158,94.9901,1.0,2114000,6693633.3333
2024-09-01,MED-012,LOC-003,30,480,1333.4,1412,501,0,0,3500,16.0,0.36,83.3375,1.0,1680000,4666900.0
2024-09-01,MED-012,LOC-004,30,389,910.6667,967,424,0,0,3500,12.9667,0.4272,70.2314,1.0,1361500,3187333.3333
2024-09-01,MED-012,LOC-005,30,421,1227.0,1212,404,0,0,3500,14.0333,0.3431,87.4347,1.0,1473500,4294500.0
2024-09-01,MED-013,LOC-001,30,700,2221.1667,2396,807,0,0,2100,23.3333,0.3151,95.1929,1.0,1470000,4664450.0
2024-09-01,MED-013,LOC-002,30,545,1790.0667,1884,531,0,0,2100,18.1667,0.3045,98.5358,1.0,1144500,3759140.0
2024-09-01,MED-013,LOC-003,30,429,1366.9667,1350,501,0,0,2100,14.3,0.3138,95.5921,1.0,900900,2870630.0
2024-09-01,MED-013,LOC-004,30,329,1067.7667,1072,333,0,0,2100,10.9667,0.3081,97.3647,1.0,690900,2242310.0
2024-09-01,MED-013,LOC-005,30,375,1330.3667,1378,356,0,0,2100,12.5,0.2819,106.4293,1.0,787500,2793770.0
2024-09-01,MED-014,LOC-001,30,465,1599.4333,1495,455,0,0,4200,15.5,0.2907,103.1892,1.0,1953000,6717620.0
2024-09-01,MED-014,LOC-002,30,336,1371.0667,1383,346,0,0,4200,11.2,0.2451,122.4167,1.0,1411200,5758480.0
2024-09-01,MED-014,LOC-003,30,271,941.1667,944,279,0,0,4200,9.0333,0.2879,104.1882,1.0,1138200,3952900.0
2024-09-01,MED-014,LOC-004,30,201,576.5,555,195,0,0,4200,6.7,0.3487,86.0448,1.0,844200,2421300.0
2024-09-01,MED-014,LOC-005,30,233,745.2667,733,250,0,0,4200,7.7667,0.3126,95.9571,1.0,978600,3130120.0
2024-09-01,MED-015,LOC-001,30,556,1419.8667,1405,514,0,0,2600,18.5333,0.3916,76.6115,1.0,1445600,3691653.3333
2024-09-01,MED-015,LOC-002,30,418,1275.6667,1292,418,0,0,2600,13.9333,0.3277,91.555,1.0,1086800,3316733.3333
2024-09-01,MED-015,LOC-003,30,340,948.7667,886,337,0,0,2600,11.3333,0.3584,83.7147,1.0,884000,2466793.3333
2024-09-01,MED-015,LOC-004,30,246,762.5333,772,274,0,0,2600,8.2,0.3226,92.9919,1.0,639600,1982586.6667
2024-09-01,MED-015,LOC-005,30,277,948.0333,852,263,0,0,2600,9.2333,0.2922,102.6751,1.0,720200,2464886.6667
2024-10-01,MED-001,LOC-001,31,2182,7345.6129,7294,2378,0,0,450,70.3871,0.297,104.3602,1.0,981900,3305525.8065
2024-10-01,MED-001,LOC-002,31,1612,4960.0968,4755,1751,0,0,450,52.0,0.325,95.3865,1.0,725400,2232043.5484
2024-10-01,MED-001,LOC-003,31,1288,3586.3226,3402,1440,0,0,450,41.5484,0.3591,86.3168,1.0,579600,1613845.1613
2024-10-01,MED-001,LOC-004,31,1006,3070.3871,3002,1048,0,0,450,32.4516,0.3276,94.6143,1.0,452700,1381674.1935
2024-10-01,MED-001,LOC-005,31,1114,3614.0,3313,1091,0,0,450,35.9355,0.3082,100.5691,1.0,501300,1626300.0
2024-10-01,MED-002,LOC-001,31,1852,5834.7097,5860,2080,0,0,470,59.7419,0.3174,97.6652,1.0,870440,2742313.5484
2024-10-01,MED-002,LOC-002,31,1385,4188.5161,3796,1305,0,0,470,44.6774,0.3307,93.7502,1.0,650950,1968602.5806
2024-10-01,MED-002,LOC-003,31,1108,3179.6129,3013,1127,0,0,470,35.7419,0.3485,88.9603,1.0,520760,1494418.0645
2024-10-01,MED-002,LOC-004,31,801,2880.5806,2643,823,0,0,470,25.8387,0.2781,111.4831,1.0,376470,1353872.9032
2024-10-01,MED-002,LOC-005,31,985,3150.0645,2817,981,0,0,470,31.7742,0.3127,99.1391,1.0,462950,1480530.3226
2024-10-01,MED-003,LOC-001,31,1458,4764.6774,4351,1322,0,0,380,47.0323,0.306,101.3066,1.0,554040,1810577.4194
2024-10-01,MED-003,LOC-002,31,1085,3427.7097,3258,1043,0,0,380,35.0,0.3165,97.9346,1.0,412300,1302529.6774
2024-10-01,MED-003,LOC-003,31,848,2847.6129,2832,879,0,0,380,27.3548,0.2978,104.0991,1.0,322240,1082092.9032
2024-10-01,MED-003,LOC-004,31,651,2183.0323,2230,727,0,0,380,21.0,0.2982,103.9539,1.0,247380,829552.2581
2024-10-01,MED-003,LOC-005,31,776,2502.2258,2484,772,0,0,380,25.0323,0.3101,99.9601,1.0,294880,950845.8065
2024-10-01,MED-004,LOC-001,31,1160,4058.8065,3733,1174,0,0,520,37.4194,0.2858,108.4681,1.0,603200,2110579.3548
2024-10-01,MED-004,LOC-002,31,893,2650.871,2523,814,0,0,520,28.8065,0.3369,92.0235,1.0,464360,1378452.9032
2024-10-01,MED-004,LOC-003,31,686,2142.0968,2185,762,0,0,520,22.129,0.3202,96.8003,1.0,356720,1113890.3226
2024-10-01,MED-004,LOC-004,31,536,1113.6452,1071,479,0,0,520,17.2903,0.4813,64.4086,1.0,278720,579095.4839
2024-10-01,MED-004,LOC-005,31,612,1597.4839,1512,632,0,0,520,19.7419,0.3831,80.9183,1.0,318240,830691.6129
2024-10-01,MED-005,LOC-001,31,439,1226.6129,1273,880,0,0,2800,14.1613,0.3579,86.6173,1.0,1229200,3434516.129
2024-10-01,MED-005,LOC-002,31,327,1078.9032,1077,340,0,0,2800,10.5484,0.3031,102.2813,1.0,915600,3020929.0323
2024-10-01,MED-005,LOC-003,31,262,620.9355,662,267,0,0,2800,8.4516,0.4219,73.4695,1.0,733600,1738619.3548
2024-10-01,MED-005,LOC-004,31,199,541.7419,543,199,0,0,2800,6.4194,0.3673,84.392,1.0,557200,1516877.4194
2024-10-01,MED-005,LOC-005,31,221,700.9355,709,222,0,0,2800,7.129,0.3153,98.3213,1.0,618800,1962619.3548
2024-10-01,MED-006,LOC-001,31,379,1173.7419,1202,392,0,0,2900,12.2258,0.3229,96.0053,1.0,1099100,3403851.6129
2024-10-01,MED-006,LOC-002,31,294,884.2258,931,308,0,0,2900,9.4839,0.3325,93.2347,1.0,852600,2564254.8387
2024-10-01,MED-006,LOC-003,31,220,720.3226,728,480,0,0,2900,7.0968,0.3054,101.5,1.0,638000,2088935.4839
2024-10-01,MED-006,LOC-004,31,181,562.8387,613,196,0,0,2900,5.8387,0.3216,96.3978,1.0,524900,1632232.2581
2024-10-01,MED-006,LOC-005,31,206,538.0,545,197,0,0,2900,6.6452,0.3829,80.9612,1.0,597400,1560200.0
2024-10-01,MED-007,LOC-001,31,1555,4558.0645,4011,1632,0,0,650,50.1613,0.3412,90.8682,1.0,1010750,2962741.9355
2024-10-01,MED-007,LOC-002,31,1172,3481.0,3178,1319,0,0,650,37.8065,0.3367,92.0742,1.0,761800,2262650.0
2024-10-01,MED-007,LOC-003,31,881,2896.9677,2679,841,0,0,650,28.4194,0.3041,101.9364,1.0,572650,1883029.0323
2024-10-01,MED-007,LOC-004,31,717,2335.7742,2229,741,0,0,650,23.129,0.307,100.9888,1.0,466050,1518253.2258
2024-10-01,MED-007,LOC-005,31,813,2370.5161,2329,914,0,0,650,26.2258,0.343,90.3887,1.0,528450,1540835.4839
2024-10-01,MED-008,LOC-001,31,729,2563.0,2467,722,0,0,1850,23.5161,0.2844,108.989,1.0,1348650,4741550.0
2024-10-01,MED-008,LOC-002,31,546,1678.3871,1701,538,0,0,1850,17.6129,0.3253,95.293,1.0,1010100,3105016.129
2024-10-01,MED-008,LOC-003,31,443,1479.1935,1390,445,0,0,1850,14.2903,0.2995,103.5102,1.0,819550,2736508.0645
2024-10-01,MED-008,LOC-004,31,341,955.6129,944,323,0,0,1850,11.0,0.3568,86.8739,1.0,630850,1767883.871
2024-10-01,MED-008,LOC-005,31,371,1218.8065,1121,361,0,0,1850,11.9677,0.3044,101.841,1.0,686350,2254791.9355
2024-10-01,MED-009,LOC-001,31,1972,6511.6129,6041,1806,0,0,1200,63.6129,0.3028,102.3631,1.0,2366400,7813935.4839
2024-10-01,MED-009,LOC-002,31,1428,4199.5161,3981,1361,0,0,1200,46.0645,0.34,91.166,1.0,1713600,5039419.3548
2024-10-01,MED-009,LOC-003,31,1111,4371.5484,3938,1172,0,0,1200,35.8387,0.2541,121.9784,1.0,1333200,5245858.0645
2024-10-01,MED-009,LOC-004,31,838,2760.6129,2536,945,0,0,1200,27.0323,0.3036,102.1229,1.0,1005600,3312735.4839
2024-10-01,MED-009,LOC-005,31,995,2793.6452,2637,938,0,0,1200,32.0968,0.3562,87.0382,1.0,1194000,3352374.1935
2024-10-01,MED-010,LOC-001,31,1080,3503.5806,3460,1111,0,0,950,34.8387,0.3083,100.5657,1.0,1026000,3328401.6129
2024-10-01,MED-010,LOC-002,31,795,2583.4194,2750,817,0,0,950,25.6452,0.3077,100.7371,1.0,755250,2454248.3871
2024-10-01,MED-010,LOC-003,31,646,1526.5484,1478,593,0,0,950,20.8387,0.4232,73.2554,1.0,613700,1450220.9677
2024-10-01,MED-010,LOC-004,31,478,1245.5161,1189,455,0,0,950,15.4194,0.3838,80.7762,1.0,454100,1183240.3226
2024-10-01,MED-010,LOC-005,31,566,1709.6129,1751,550,0,0,950,18.2581,0.3311,93.636,1.0,537700,1624132.2581
2024-10-01,MED-011,LOC-001,31,953,2389.5806,2509,897,0,0,900,30.7419,0.3988,77.7303,1.0,857700,2150622.5806
2024-10-01,MED-011,LOC-002,31,750,2086.9355,1987,679,0,0,900,24.1935,0.3594,86.26,1.0,675000,1878241.9355
2024-10-01,MED-011,LOC-003,31,556,1492.4516,1524,627,0,0,900,17.9355,0.3725,83.2122,1.0,500400,1343206.4516
2024-10-01,MED-011,LOC-004,31,426,1258.7097,1320,476,0,0,900,13.7419,0.3384,91.5962,1.0,383400,1132838.7097
2024-10-01,MED-011,LOC-005,31,490,1500.6129,1473,468,0,0,900,15.8065,0.3265,94.9367,1.0,441000,1350551.6129
2024-10-01,MED-012,LOC-001,31,934,2607.1613,2691,881,0,0,3500,30.129,0.3582,86.5332,1.0,3269000,9125064.5161
2024-10-01,MED-012,LOC-002,31,664,1963.129,1893,613,0,0,3500,21.4194,0.3382,91.6521,1.0,2324000,6870951.6129
2024-10-01,MED-012,LOC-003,31,509,1409.9355,1387,525,0,0,3500,16.4194,0.361,85.8703,1.0,1781500,4934774.1935
2024-10-01,MED-012,LOC-004,31,396,957.9032,968,389,0,0,3500,12.7742,0.4134,74.9874,1.0,1386000,3352661.2903
2024-10-01,MED-012,LOC-005,31,445,1174.871,1209,412,0,0,3500,14.3548,0.3788,81.8449,1.0,1557500,4112048.3871
2024-10-01,MED-013,LOC-001,31,793,2357.2581,2258,732,0,0,2100,25.5806,0.3364,92.1501,1.0,1665300,4950241.9355
2024-10-01,MED-013,LOC-002,31,624,1852.8387,1884,651,0,0,2100,20.129,0.3368,92.0481,1.0,1310400,3890961.2903
2024-10-01,MED-013,LOC-003,31,466,1435.6452,1499,512,0,0,2100,15.0323,0.3246,95.5043,1.0,978600,3014854.8387
2024-10-01,MED-013,LOC-004,31,349,1108.0,1147,341,0,0,2100,11.2581,0.315,98.4183,1.0,732900,2326800.0
2024-10-01,MED-013,LOC-005,31,418,1347.5806,1275,395,0,0,2100,13.4839,0.3102,99.9402,1.0,877800,2829919.3548
2024-10-01,MED-014,LOC-001,31,485,1630.5161,1639,546,0,0,4200,15.6452,0.2975,104.2186,1.0,2037000,6848167.7419
2024-10-01,MED-014,LOC-002,31,372,1396.6452,1350,352,0,0,4200,12.0,0.2664,116.3871,1.0,1562400,5865909.6774
2024-10-01,MED-014,LOC-003,31,286,979.9355,910,313,0,0,4200,9.2258,0.2919,106.2168,1.0,1201200,4115729.0323
2024-10-01,MED-014,LOC-004,31,216,625.4839,593,232,0,0,4200,6.9677,0.3453,89.7685,1.0,907200,2627032.2581
2024-10-01,MED-014,LOC-005,31,250,766.0645,764,248,0,0,4200,8.0645,0.3263,94.992,1.0,1050000,3217470.9677
2024-10-01,MED-015,LOC-001,31,587,1533.4194,1466,652,0,0,2600,18.9355,0.3828,80.9813,1.0,1526200,3986890.3226
2024-10-01,MED-015,LOC-002,31,431,1329.4839,1174,403,0,0,2600,13.9032,0.3242,95.6241,1.0,1120600,3456658.0645
2024-10-01,MED-015,LOC-003,31,341,993.871,917,384,0,0,2600,11.0,0.3431,90.3519,1.0,886600,2584064.5161
2024-10-01,MED-015,LOC-004,31,250,794.0968,769,237,0,0,2600,8.0645,0.3148,98.468,1.0,650000,2064651.6129
2024-10-01,MED-015,LOC-005,31,297,963.871,881,318,0,0,2600,9.5806,0.3081,100.6061,1.0,772200,2506064.5161
2024-11-01,MED-001,LOC-001,30,2493,8182.9,7651,2803,0,0,450,83.1,0.3047,98.4705,1.0,1121850,3682305.0
2024-11-01,MED-001,LOC-002,30,1887,5264.2333,5145,2073,0,0,450,62.9,0.3585,83.6921,1.0,849150,2368905.0
2024-11-01,MED-001,LOC-003,30,1454,3980.5667,3778,1626,0,0,450,48.4667,0.3653,82.13,1.0,654300,1791255.0
2024-11-01,MED-001,LOC-004,30,1140,3148.0,3026,1194,0,0,450,38.0,0.3621,82.8421,1.0,513000,1416600.0
2024-11-01,MED-001,LOC-005,30,1299,3821.1,3517,1455,0,0,450,43.3,0.34,88.2471,1.0,584550,1719495.0
2024-11-01,MED-002,LOC-001,30,2156,6187.9333,5970,2168,0,0,470,71.8667,0.3484,86.103,1.0,1013320,2908328.6667
2024-11-01,MED-002,LOC-002,30,1620,4426.0333,4121,1872,0,0,470,54.0,0.366,81.9636,1.0,761400,2080235.6667
2024-11-01,MED-002,LOC-003,30,1204,3274.3667,3297,1375,0,0,470,40.1333,0.3677,81.5872,1.0,565880,1538952.3333
2024-11-01,MED-002,LOC-004,30,928,2944.1667,2835,1049,0,0,470,30.9333,0.3152,95.1778,1.0,436160,1383758.3333
2024-11-01,MED-002,LOC-005,30,1089,3325.7333,3099,1115,0,0,470,36.3,0.3274,91.618,1.0,511830,1563094.6667
2024-11-01,MED-003,LOC-001,30,1669,4885.7333,4781,1807,0,0,380,55.6333,0.3416,87.8203,1.0,634220,1856578.6667
2024-11-01,MED-003,LOC-002,30,1248,3329.9,3469,1353,0,0,380,41.6,0.3748,80.0457,1.0,474240,1265362.0
2024-11-01,MED-003,LOC-003,30,1008,2889.3,2908,1067,0,0,380,33.6,0.3489,85.9911,1.0,383040,1097934.0
2024-11-01,MED-003,LOC-004,30,763,2322.5333,2233,748,0,0,380,25.4333,0.3285,91.3185,1.0,289940,882562.6667
2024-11-01,MED-003,LOC-005,30,849,2653.1,2594,982,0,0,380,28.3,0.32,93.7491,1.0,322620,1008178.0
2024-11-01,MED-004,LOC-001,30,1278,4197.3,4092,1492,0,0,520,42.6,0.3045,98.5282,1.0,664560,2182596.0
2024-11-01,MED-004,LOC-002,30,969,2683.7,2622,993,0,0,520,32.3,0.3611,83.0867,1.0,503880,1395524.0
2024-11-01,MED-004,LOC-003,30,803,2110.0333,2175,805,0,0,520,26.7667,0.3806,78.8306,1.0,417560,1097217.3333
2024-11-01,MED-004,LOC-004,30,609,1118.2667,1048,649,0,0,520,20.3,0.5446,55.087,1.0,316680,581498.6667
2024-11-01,MED-004,LOC-005,30,677,1631.5,1658,790,0,0,520,22.5667,0.415,72.2969,1.0,352040,848380.0
2024-11-01,MED-005,LOC-001,30,491,1223.9,1231,554,0,0,2800,16.3667,0.4012,74.78,1.0,1374800,3426920.0
2024-11-01,MED-005,LOC-002,30,376,1140.8,1125,363,0,0,2800,12.5333,0.3296,91.0213,1.0,1052800,3194240.0
2024-11-01,MED-005,LOC-003,30,292,650.2333,717,340,0,0,2800,9.7333,0.4491,66.8048,1.0,817600,1820653.3333
2024-11-01,MED-005,LOC-004,30,222,564.2333,570,233,0,0,2800,7.4,0.3935,76.2477,1.0,621600,1579853.3333
2024-11-01,MED-005,LOC-005,30,263,687.3,657,256,0,0,2800,8.7667,0.3827,78.3992,1.0,736400,1924440.0
2024-11-01,MED-006,LOC-001,30,469,1228.7667,1206,511,0,0,2900,15.6333,0.3817,78.5991,1.0,1360100,3563423.3333
2024-11-01,MED-006,LOC-002,30,321,946.8667,934,325,0,0,2900,10.7,0.339,88.4922,1.0,930900,2745913.3333
2024-11-01,MED-006,LOC-003,30,258,702.1333,707,251,0,0,2900,8.6,0.3675,81.6434,1.0,748200,2036186.6667
2024-11-01,MED-006,LOC-004,30,191,613.7667,611,198,0,0,2900,6.3667,0.3112,96.4031,1.0,553900,1779923.3333
2024-11-01,MED-006,LOC-005,30,228,530.1,590,221,0,0,2900,7.6,0.4301,69.75,1.0,661200,1537290.0
2024-11-01,MED-007,LOC-001,30,1740,4637.6667,4373,1713,0,0,650,58.0,0.3752,79.9598,1.0,1131000,3014483.3333
2024-11-01,MED-007,LOC-002,30,1330,3702.5333,3353,1415,0,0,650,44.3333,0.3592,83.5158,1.0,864500,2406646.6667
2024-11-01,MED-007,LOC-003,30,998,3150.0,2884,1137,0,0,650,33.2667,0.3168,94.6894,1.0,648700,2047500.0
2024-11-01,MED-007,LOC-004,30,807,2476.9667,2280,940,0,0,650,26.9,0.3258,92.0805,1.0,524550,1610028.3333
2024-11-01,MED-007,LOC-005,30,918,2632.0333,2370,1069,0,0,650,30.6,0.3488,86.0142,1.0,596700,1710821.6667
2024-11-01,MED-008,LOC-001,30,824,2578.0,2530,844,0,0,1850,27.4667,0.3196,93.8592,1.0,1524400,4769300.0
2024-11-01,MED-008,LOC-002,30,619,1841.5667,1712,678,0,0,1850,20.6333,0.3361,89.252,1.0,1145150,3406898.3333
2024-11-01,MED-008,LOC-003,30,508,1515.0333,1460,575,0,0,1850,16.9333,0.3353,89.4705,1.0,939800,2802811.6667
2024-11-01,MED-008,LOC-004,30,370,971.6,949,389,0,0,1850,12.3333,0.3808,78.7784,1.0,684500,1797460.0
2024-11-01,MED-008,LOC-005,30,428,1326.3333,1250,463,0,0,1850,14.2667,0.3227,92.9673,1.0,791800,2453716.6667
2024-11-01,MED-009,LOC-001,30,2179,6704.0667,5833,2245,0,0,1200,72.6333,0.325,92.3001,1.0,2614800,8044880.0
2024-11-01,MED-009,LOC-002,30,1680,4610.2667,4083,1944,0,0,1200,56.0,0.3644,82.3262,1.0,2016000,5532320.0
2024-11-01,MED-009,LOC-003,30,1249,4505.1,4106,1310,0,0,1200,41.6333,0.2772,108.209,1.0,1498800,5406120.0
2024-11-01,MED-009,LOC-004,30,970,2878.5667,2720,1069,0,0,1200,32.3333,0.337,89.0278,1.0,1164000,3454280.0
2024-11-01,MED-009,LOC-005,30,1137,2844.3333,2634,1128,0,0,1200,37.9,0.3997,75.0484,1.0,1364400,3413200.0
2024-11-01,MED-010,LOC-001,30,1228,3562.7,3514,1373,0,0,950,40.9333,0.3447,87.0366,1.0,1166600,3384565.0
2024-11-01,MED-010,LOC-002,30,916,2865.7667,2749,1001,0,0,950,30.5333,0.3196,93.857,1.0,870200,2722478.3333
2024-11-01,MED-010,LOC-003,30,709,1498.4667,1600,765,0,0,950,23.6333,0.4732,63.4048,1.0,673550,1423543.3333
2024-11-01,MED-010,LOC-004,30,527,1276.3333,1290,596,0,0,950,17.5667,0.4129,72.6565,1.0,500650,1212516.6667
2024-11-01,MED-010,LOC-005,30,646,1787.8333,1778,707,0,0,950,21.5333,0.3613,83.0263,1.0,613700,1698441.6667
2024-11-01,MED-011,LOC-001,30,1115,2552.8,2525,1179,0,0,900,37.1667,0.4368,68.6852,1.0,1003500,2297520.0
2024-11-01,MED-011,LOC-002,30,831,2122.3667,2179,869,0,0,900,27.7,0.3915,76.6197,1.0,747900,1910130.0
2024-11-01,MED-011,LOC-003,30,644,1520.3667,1570,692,0,0,900,21.4667,0.4236,70.8245,1.0,579600,1368330.0
2024-11-01,MED-011,LOC-004,30,489,1322.0333,1359,493,0,0,900,16.3,0.3699,81.1063,1.0,440100,1189830.0
2024-11-01,MED-011,LOC-005,30,580,1529.7,1600,609,0,0,900,19.3333,0.3792,79.1224,1.0,522000,1376730.0
2024-11-01,MED-012,LOC-001,30,993,2755.6667,2937,1141,0,0,3500,33.1,0.3603,83.2528,1.0,3475500,9644833.3333
2024-11-01,MED-012,LOC-002,30,731,1928.7333,2087,784,0,0,3500,24.3667,0.379,79.1546,1.0,2558500,6750566.6667
2024-11-01,MED-012,LOC-003,30,584,1388.4,1477,601,0,0,3500,19.4667,0.4206,71.3219,1.0,2044000,4859400.0
2024-11-01,MED-012,LOC-004,30,444,923.7333,973,492,0,0,3500,14.8,0.4807,62.4144,1.0,1554000,3233066.6667
2024-11-01,MED-012,LOC-005,30,517,1155.1333,1148,487,0,0,3500,17.2333,0.4476,67.029,1.0,1809500,4042966.6667
2024-11-01,MED-013,LOC-001,30,892,2384.7,2539,1023,0,0,2100,29.7333,0.3741,80.2029,1.0,1873200,5007870.0
2024-11-01,MED-013,LOC-002,30,668,1930.6,1895,659,0,0,2100,22.2667,0.346,86.7036,1.0,1402800,4054260.0
2024-11-01,MED-013,LOC-003,30,520,1497.5,1371,520,0,0,2100,17.3333,0.3472,86.3942,1.0,1092000,3144750.0
2024-11-01,MED-013,LOC-004,30,402,1126.1333,1117,423,0,0,2100,13.4,0.357,84.0398,1.0,844200,2364880.0
2024-11-01,MED-013,LOC-005,30,458,1332.9,1288,433,0,0,2100,15.2667,0.3436,87.3079,1.0,961800,2799090.0
2024-11-01,MED-014,LOC-001,30,570,1688.5,1633,609,0,0,4200,19.0,0.3376,88.8684,1.0,2394000,7091700.0
2024-11-01,MED-014,LOC-002,30,427,1449.4,1311,453,0,0,4200,14.2333,0.2946,101.8314,1.0,1793400,6087480.0
2024-11-01,MED-014,LOC-003,30,327,1048.4,925,363,0,0,4200,10.9,0.3119,96.1835,1.0,1373400,4403280.0
2024-11-01,MED-014,LOC-004,30,236,641.8,605,241,0,0,4200,7.8667,0.3677,81.5847,1.0,991200,2695560.0
2024-11-01,MED-014,LOC-005,30,299,811.7,767,295,0,0,4200,9.9667,0.3684,81.4415,1.0,1255800,3409140.0
2024-11-01,MED-015,LOC-001,30,663,1606.4667,1568,783,0,0,2600,22.1,0.4127,72.6908,1.0,1723800,4176813.3333
2024-11-01,MED-015,LOC-002,30,506,1376.7333,1270,523,0,0,2600,16.8667,0.3675,81.6245,1.0,1315600,3579506.6667
2024-11-01,MED-015,LOC-003,30,382,1057.1667,948,394,0,0,2600,12.7333,0.3613,83.0236,1.0,993200,2748633.3333
2024-11-01,MED-015,LOC-004,30,285,820.4,762,285,0,0,2600,9.5,0.3474,86.3579,1.0,741000,2133040.0
2024-11-01,MED-015,LOC-005,30,350,968.0,876,332,0,0,2600,11.6667,0.3616,82.9714,1.0,910000,2516800.0
2024-12-01,MED-001,LOC-001,31,1813,8114.7742,7261,1723,0,0,450,58.4839,0.2234,138.7523,1.0,815850,3651648.3871
2024-12-01,MED-001,LOC-002,31,1316,5415.4839,4717,1356,0,0,450,42.4516,0.243,127.5684,1.0,592200,2436967.7419
2024-12-01,MED-001,LOC-003,31,1019,4144.5161,3626,1077,0,0,450,32.871,0.2459,126.0844,1.0,458550,1865032.2581
2024-12-01,MED-001,LOC-004,31,821,3322.7419,2975,790,0,0,450,26.4839,0.2471,125.4629,1.0,369450,1495233.871
2024-12-01,MED-001,LOC-005,31,912,3986.1935,3675,952,0,0,450,29.4194,0.2288,135.4956,1.0,410400,1793787.0968
2024-12-01,MED-002,LOC-001,31,1482,6454.0645,5802,1641,0,0,470,47.8065,0.2296,135.004,1.0,696540,3033410.3226
2024-12-01,MED-002,LOC-002,31,1148,4585.9032,4034,1083,0,0,470,37.0323,0.2503,123.8354,1.0,539560,2155374.5161
2024-12-01,MED-002,LOC-003,31,892,3543.0,3094,893,0,0,470,28.7742,0.2518,123.1312,1.0,419240,1665210.0
2024-12-01,MED-002,LOC-004,31,681,3190.5484,2982,742,0,0,470,21.9677,0.2134,145.2379,1.0,320070,1499557.7419
2024-12-01,MED-002,LOC-005,31,777,3323.871,3074,871,0,0,470,25.0645,0.2338,132.6126,1.0,365190,1562219.3548
2024-12-01,MED-003,LOC-001,31,1152,5064.2581,4777,1246,0,0,380,37.1613,0.2275,136.2778,1.0,437760,1924418.0645
2024-12-01,MED-003,LOC-002,31,868,3639.6129,3492,928,0,0,380,28.0,0.2385,129.9862,1.0,329840,1383052.9032
2024-12-01,MED-003,LOC-003,31,668,3082.8065,2784,728,0,0,380,21.5484,0.2167,143.0644,1.0,253840,1171466.4516
2024-12-01,MED-003,LOC-004,31,509,2404.4516,2219,512,0,0,380,16.4194,0.2117,146.4401,1.0,193420,913691.6129
2024-12-01,MED-003,LOC-005,31,607,2737.3548,2578,631,0,0,380,19.5806,0.2217,139.799,1.0,230660,1040194.8387
2024-12-01,MED-004,LOC-001,31,926,4440.6774,4132,931,0,0,520,29.871,0.2085,148.662,1.0,481520,2309152.2581
2024-12-01,MED-004,LOC-002,31,686,2827.6129,2698,734,0,0,520,22.129,0.2426,127.7784,1.0,356720,1470358.7097
2024-12-01,MED-004,LOC-003,31,551,2322.3871,2073,572,0,0,520,17.7742,0.2373,130.6606,1.0,286520,1207641.2903
2024-12-01,MED-004,LOC-004,31,423,1234.9032,1083,425,0,0,520,13.6452,0.3425,90.5012,1.0,219960,642149.6774
2024-12-01,MED-004,LOC-005,31,490,1815.4516,1687,483,0,0,520,15.8065,0.2699,114.8551,1.0,254800,944034.8387
2024-12-01,MED-005,LOC-001,31,355,1312.1613,1224,320,0,0,2800,11.4516,0.2705,114.5831,1.0,994000,3674051.6129
2024-12-01,MED-005,LOC-002,31,267,1165.4839,1067,297,0,0,2800,8.6129,0.2291,135.3184,1.0,747600,3263354.8387
2024-12-01,MED-005,LOC-003,31,208,727.1935,684,220,0,0,2800,6.7097,0.286,108.3798,1.0,582400,2036141.9355
2024-12-01,MED-005,LOC-004,31,164,586.6129,566,159,0,0,2800,5.2903,0.2796,110.8841,1.0,459200,1642516.129
2024-12-01,MED-005,LOC-005,31,177,703.2581,661,197,0,0,2800,5.7097,0.2517,123.1695,1.0,495600,1969122.5806
2024-12-01,MED-006,LOC-001,31,314,1336.2581,1241,307,0,0,2900,10.129,0.235,131.9236,1.0,910600,3875148.3871
2024-12-01,MED-006,LOC-002,31,237,976.7097,968,267,0,0,2900,7.6452,0.2427,127.7553,1.0,687300,2832458.0645
2024-12-01,MED-006,LOC-003,31,180,751.7419,770,197,0,0,2900,5.8065,0.2394,129.4667,1.0,522000,2180051.6129
2024-12-01,MED-006,LOC-004,31,142,623.1935,589,139,0,0,2900,4.5806,0.2279,136.0493,1.0,411800,1807261.2903
2024-12-01,MED-006,LOC-005,31,160,594.8387,592,176,0,0,2900,5.1613,0.269,115.25,1.0,464000,1725032.2581
2024-12-01,MED-007,LOC-001,31,1253,4835.2258,4306,1385,0,0,650,40.4194,0.2591,119.6265,1.0,814450,3142896.7742
2024-12-01,MED-007,LOC-002,31,932,3783.2581,3242,1011,0,0,650,30.0645,0.2463,125.838,1.0,605800,2459117.7419
2024-12-01,MED-007,LOC-003,31,733,3283.4516,2825,809,0,0,650,23.6452,0.2232,138.8636,1.0,476450,2134243.5484
2024-12-01,MED-007,LOC-004,31,573,2613.4516,2392,597,0,0,650,18.4839,0.2193,141.3909,1.0,372450,1698743.5484
2024-12-01,MED-007,LOC-005,31,641,2636.4839,2301,583,0,0,650,20.6774,0.2431,127.5055,1.0,416650,1713714.5161
2024-12-01,MED-008,LOC-001,31,614,2658.0323,2374,604,0,0,1850,19.8065,0.231,134.2003,1.0,1135900,4917359.6774
2024-12-01,MED-008,LOC-002,31,451,1899.7742,1774,478,0,0,1850,14.5484,0.2374,130.5831,1.0,834350,3514582.2581
2024-12-01,MED-008,LOC-003,31,344,1578.0,1391,349,0,0,1850,11.0968,0.218,142.2035,1.0,636400,2919300.0
2024-12-01,MED-008,LOC-004,31,278,977.3871,964,277,0,0,1850,8.9677,0.2844,108.9892,1.0,514300,1808166.129
2024-12-01,MED-008,LOC-005,31,307,1345.9355,1250,349,0,0,1850,9.9032,0.2281,135.9088,1.0,567950,2489980.6452
2024-12-01,MED-009,LOC-001,31,1610,6883.0,6061,1726,0,0,1200,51.9355,0.2339,132.5298,1.0,1932000,8259600.0
2024-12-01,MED-009,LOC-002,31,1162,4610.3548,4138,1272,0,0,1200,37.4839,0.252,122.9957,1.0,1394400,5532425.8065
2024-12-01,MED-009,LOC-003,31,906,4712.4194,4098,1021,0,0,1200,29.2258,0.1923,161.2417,1.0,1087200,5654903.2258
2024-12-01,MED-009,LOC-004,31,691,3054.2581,2779,722,0,0,1200,22.2903,0.2262,137.0217,1.0,829200,3665109.6774
2024-12-01,MED-009,LOC-005,31,797,2891.9677,2524,879,0,0,1200,25.7097,0.2756,112.4856,1.0,956400,3470361.2903
2024-12-01,MED-010,LOC-001,31,858,3820.6129,3598,787,0,0,950,27.6774,0.2246,138.0408,1.0,815100,3629582.2581
2024-12-01,MED-010,LOC-002,31,664,2947.871,2712,742,0,0,950,21.4194,0.2252,137.6265,1.0,630800,2800477.4194
2024-12-01,MED-010,LOC-003,31,511,1654.4839,1642,511,0,0,950,16.4839,0.3089,100.3699,1.0,485450,1571759.6774
2024-12-01,MED-010,LOC-004,31,393,1444.9032,1310,437,0,0,950,12.6774,0.272,113.9746,1.0,373350,1372658.0645
2024-12-01,MED-010,LOC-005,31,441,1905.871,1838,488,0,0,950,14.2258,0.2314,133.9728,1.0,418950,1810577.4194
2024-12-01,MED-011,LOC-001,31,791,2694.4194,2590,779,0,0,900,25.5161,0.2936,105.5967,1.0,711900,2424977.4194
2024-12-01,MED-011,LOC-002,31,594,2247.3871,2085,661,0,0,900,19.1613,0.2643,117.2879,1.0,534600,2022648.3871
2024-12-01,MED-011,LOC-003,31,444,1716.7742,1673,465,0,0,900,14.3226,0.2586,119.8649,1.0,399600,1545096.7742
2024-12-01,MED-011,LOC-004,31,356,1380.6452,1365,396,0,0,900,11.4839,0.2579,120.2247,1.0,320400,1242580.6452
2024-12-01,MED-011,LOC-005,31,386,1632.9032,1489,359,0,0,900,12.4516,0.2364,131.1399,1.0,347400,1469612.9032
2024-12-01,MED-012,LOC-001,31,745,3041.3548,2679,712,0,0,3500,24.0323,0.245,126.553,1.0,2607500,10644741.9355
2024-12-01,MED-012,LOC-002,31,517,2147.2581,1925,484,0,0,3500,16.6774,0.2408,128.7524,1.0,1809500,7515403.2258
2024-12-01,MED-012,LOC-003,31,408,1495.5484,1481,392,0,0,3500,13.1613,0.2728,113.6324,1.0,1428000,5234419.3548
2024-12-01,MED-012,LOC-004,31,323,1105.1613,990,297,0,0,3500,10.4194,0.2923,106.0681,1.0,1130500,3868064.5161
2024-12-01,MED-012,LOC-005,31,359,1264.6129,1149,382,0,0,3500,11.5806,0.2839,109.2006,1.0,1256500,4426145.1613
2024-12-01,MED-013,LOC-001,31,620,2680.0323,2401,668,0,0,2100,20.0,0.2313,134.0016,1.0,1302000,5628067.7419
2024-12-01,MED-013,LOC-002,31,466,2050.0,1921,495,0,0,2100,15.0323,0.2273,136.3734,1.0,978600,4305000.0
2024-12-01,MED-013,LOC-003,31,352,1539.5161,1453,321,0,0,2100,11.3548,0.2286,135.5824,1.0,739200,3232983.871
2024-12-01,MED-013,LOC-004,31,288,1210.8065,1112,288,0,0,2100,9.2903,0.2379,130.3299,1.0,604800,2542693.5484
2024-12-01,MED-013,LOC-005,31,323,1396.9032,1302,327,0,0,2100,10.4194,0.2312,134.0681,1.0,678300,2933496.7742
2024-12-01,MED-014,LOC-001,31,391,1811.8387,1564,390,0,0,4200,12.6129,0.2158,143.6496,1.0,1642200,7609722.5806
2024-12-01,MED-014,LOC-002,31,290,1471.4194,1299,315,0,0,4200,9.3548,0.1971,157.2897,1.0,1218000,6179961.2903
2024-12-01,MED-014,LOC-003,31,230,1069.2581,976,233,0,0,4200,7.4194,0.2151,144.1174,1.0,966000,4490883.871
2024-12-01,MED-014,LOC-004,31,176,669.8387,597,190,0,0,4200,5.6774,0.2627,117.983,1.0,739200,2813322.5806
2024-12-01,MED-014,LOC-005,31,202,820.7419,779,213,0,0,4200,6.5161,0.2461,125.9554,1.0,848400,3447116.129
2024-12-01,MED-015,LOC-001,31,470,1773.4194,1587,499,0,0,2600,15.1613,0.265,116.9702,1.0,1222000,4610890.3226
2024-12-01,MED-015,LOC-002,31,346,1363.4194,1252,320,0,0,2600,11.1613,0.2538,122.1561,1.0,899600,3544890.3226
2024-12-01,MED-015,LOC-003,31,271,1061.3226,953,285,0,0,2600,8.7419,0.2553,121.4059,1.0,704600,2759438.7097
2024-12-01,MED-015,LOC-004,31,211,821.6774,736,209,0,0,2600,6.8065,0.2568,120.7204,1.0,548600,2136361.2903
2024-12-01,MED-015,LOC-005,31,248,965.8387,853,238,0,0,2600,8.0,0.2568,120.7298,1.0,644800,2511180.6452
2025-01-01,MED-001,LOC-001,31,2174,8252.6452,7165,2159,0,0,450,70.129,0.2634,117.678,1.0,978300,3713690.3226
2025-01-01,MED-001,LOC-002,31,1639,5670.6129,4730,1615,0,0,450,52.871,0.289,107.2538,1.0,737550,2551775.8065
2025-01-01,MED-001,LOC-003,31,1309,4189.8065,3820,1259,0,0,450,42.2258,0.3124,99.2238,1.0,589050,1885412.9032
2025-01-01,MED-001,LOC-004,31,954,3362.4839,2969,901,0,0,450,30.7742,0.2837,109.2631,1.0,429300,1513117.7419
2025-01-01,MED-001,LOC-005,31,1100,4067.4194,3574,1057,0,0,450,35.4839,0.2704,114.6273,1.0,495000,1830338.7097
2025-01-01,MED-002,LOC-001,31,1854,6436.0323,5755,1624,0,0,470,59.8065,0.2881,107.6143,1.0,871380,3024935.1613
2025-01-01,MED-002,LOC-002,31,1402,4515.7742,3929,1328,0,0,470,45.2258,0.3105,99.8495,1.0,658940,2122413.871
2025-01-01,MED-002,LOC-003,31,1060,3615.4194,3157,1032,0,0,470,34.1935,0.2932,105.734,1.0,498200,1699247.0968
2025-01-01,MED-002,LOC-004,31,820,3329.3548,2911,880,0,0,470,26.4516,0.2463,125.8659,1.0,385400,1564796.7742
2025-01-01,MED-002,LOC-005,31,938,3512.4194,3008,958,0,0,470,30.2581,0.2671,116.0821,1.0,440860,1650837.0968
2025-01-01,MED-003,LOC-001,31,1458,5158.1613,4682,1368,0,0,380,47.0323,0.2827,109.6728,1.0,554040,1960101.2903
2025-01-01,MED-003,LOC-002,31,1112,3716.129,3249,1098,0,0,380,35.871,0.2992,103.5971,1.0,422560,1412129.0323
2025-01-01,MED-003,LOC-003,31,856,3248.3871,2953,802,0,0,380,27.6129,0.2635,117.6402,1.0,325280,1234387.0968
2025-01-01,MED-003,LOC-004,31,675,2381.7419,2256,640,0,0,380,21.7742,0.2834,109.3837,1.0,256500,905061.9355
2025-01-01,MED-003,LOC-005,31,751,2853.2581,2577,686,0,0,380,24.2258,0.2632,117.7776,1.0,285380,1084238.0645
2025-01-01,MED-004,LOC-001,31,1123,4578.0968,4121,1167,0,0,520,36.2258,0.2453,126.3767,1.0,583960,2380610.3226
2025-01-01,MED-004,LOC-002,31,899,2993.7097,2756,955,0,0,520,29.0,0.3003,103.2314,1.0,467480,1556729.0323
2025-01-01,MED-004,LOC-003,31,682,2387.7419,2091,703,0,0,520,22.0,0.2856,108.5337,1.0,354640,1241625.8065
2025-01-01,MED-004,LOC-004,31,518,1286.0,1084,502,0,0,520,16.7097,0.4028,76.9614,1.0,269360,668720.0
2025-01-01,MED-004,LOC-005,31,610,1852.0968,1728,645,0,0,520,19.6774,0.3294,94.123,1.0,317200,963090.3226
2025-01-01,MED-005,LOC-001,31,438,1394.1613,1282,448,0,0,2800,14.129,0.3142,98.6735,1.0,1226400,3903651.6129
2025-01-01,MED-005,LOC-002,31,331,1184.0968,1165,350,0,0,2800,10.6774,0.2795,110.8973,1.0,926800,3315470.9677
2025-01-01,MED-005,LOC-003,31,248,720.2903,695,248,0,0,2800,8.0,0.3443,90.0363,1.0,694400,2016812.9032
2025-01-01,MED-005,LOC-004,31,202,601.1613,546,205,0,0,2800,6.5161,0.336,92.2574,1.0,565600,1683251.6129
2025-01-01,MED-005,LOC-005,31,231,722.0,689,221,0,0,2800,7.4516,0.3199,96.8918,1.0,646800,2021600.0
2025-01-01,MED-006,LOC-001,31,380,1343.9355,1305,413,0,0,2900,12.2581,0.2828,109.6368,1.0,1102000,3897412.9032
2025-01-01,MED-006,LOC-002,31,301,982.0,933,298,0,0,2900,9.7097,0.3065,101.1362,1.0,872900,2847800.0
2025-01-01,MED-006,LOC-003,31,222,797.0645,724,198,0,0,2900,7.1613,0.2785,111.3018,1.0,643800,2311487.0968
2025-01-01,MED-006,LOC-004,31,176,624.5484,631,186,0,0,2900,5.6774,0.2818,110.0057,1.0,510400,1811190.3226
2025-01-01,MED-006,LOC-005,31,200,615.0968,558,190,0,0,2900,6.4516,0.3252,95.34,1.0,580000,1783780.6452
2025-01-01,MED-007,LOC-001,31,1554,5004.9677,4125,1526,0,0,650,50.129,0.3105,99.8417,1.0,1010100,3253229.0323
2025-01-01,MED-007,LOC-002,31,1184,3912.0645,3226,1064,0,0,650,38.1935,0.3027,102.4274,1.0,769600,2542841.9355
2025-01-01,MED-007,LOC-003,31,943,3382.2581,2864,960,0,0,650,30.4194,0.2788,111.1877,1.0,612950,2198467.7419
2025-01-01,MED-007,LOC-004,31,701,2742.7742,2229,678,0,0,650,22.6129,0.2556,121.2924,1.0,455650,1782803.2258
2025-01-01,MED-007,LOC-005,31,798,2764.6774,2304,812,0,0,650,25.7419,0.2886,107.3997,1.0,518700,1797040.3226
2025-01-01,MED-008,LOC-001,31,704,2645.2581,2345,636,0,0,1850,22.7097,0.2661,116.4815,1.0,1302400,4893727.4194
2025-01-01,MED-008,LOC-002,31,564,1941.0323,1649,550,0,0,1850,18.1935,0.2906,106.6879,1.0,1043400,3590909.6774
2025-01-01,MED-008,LOC-003,31,425,1647.4839,1437,445,0,0,1850,13.7097,0.258,120.1694,1.0,786250,3047845.1613
2025-01-01,MED-008,LOC-004,31,320,1025.7742,870,299,0,0,1850,10.3226,0.312,99.3719,1.0,592000,1897682.2581
2025-01-01,MED-008,LOC-005,31,404,1395.0323,1166,368,0,0,1850,13.0323,0.2896,107.0446,1.0,747400,2580809.6774
2025-01-01,MED-009,LOC-001,31,1951,6991.9032,5751,1861,0,0,1200,62.9355,0.279,111.0964,1.0,2341200,8390283.871
2025-01-01,MED-009,LOC-002,31,1472,5002.871,4317,1571,0,0,1200,47.4839,0.2942,105.3594,1.0,1766400,6003445.1613
2025-01-01,MED-009,LOC-003,31,1161,4749.9032,4227,1039,0,0,1200,37.4516,0.2444,126.8277,1.0,1393200,5699883.871
2025-01-01,MED-009,LOC-004,31,899,3168.4194,2638,935,0,0,1200,29.0,0.2837,109.2558,1.0,1078800,3802103.2258
2025-01-01,MED-009,LOC-005,31,1005,3042.2903,2466,955,0,0,1200,32.4194,0.3303,93.8418,1.0,1206000,3650748.3871
2025-01-01,MED-010,LOC-001,31,1082,3876.3871,3649,1066,0,0,950,34.9032,0.2791,111.061,1.0,1027900,3682567.7419
2025-01-01,MED-010,LOC-002,31,800,3069.4516,2734,842,0,0,950,25.8065,0.2606,118.9412,1.0,760000,2915979.0323
2025-01-01,MED-010,LOC-003,31,620,1773.2258,1641,618,0,0,950,20.0,0.3496,88.6613,1.0,589000,1684564.5161
2025-01-01,MED-010,LOC-004,31,489,1486.3871,1327,447,0,0,950,15.7742,0.329,94.229,1.0,464550,1412067.7419
2025-01-01,MED-010,LOC-005,31,552,1975.9355,1740,517,0,0,950,17.8065,0.2794,110.9674,1.0,524400,1877138.7097
2025-01-01,MED-011,LOC-001,31,983,2738.3226,2539,1039,0,0,900,31.7097,0.359,86.3561,1.0,884700,2464490.3226
2025-01-01,MED-011,LOC-002,31,735,2406.1613,2182,732,0,0,900,23.7097,0.3055,101.4844,1.0,661500,2165545.1613
2025-01-01,MED-011,LOC-003,31,569,1785.4516,1632,588,0,0,900,18.3548,0.3187,97.2742,1.0,512100,1606906.4516
2025-01-01,MED-011,LOC-004,31,436,1456.1613,1362,393,0,0,900,14.0645,0.2994,103.5344,1.0,392400,1310545.1613
2025-01-01,MED-011,LOC-005,31,500,1612.871,1501,535,0,0,900,16.129,0.31,99.998,1.0,450000,1451583.871
2025-01-01,MED-012,LOC-001,31,875,3094.3548,2747,941,0,0,3500,28.2258,0.2828,109.6286,1.0,3062500,10830241.9355
2025-01-01,MED-012,LOC-002,31,654,2202.2903,2094,675,0,0,3500,21.0968,0.297,104.3899,1.0,2289000,7708016.129
2025-01-01,MED-012,LOC-003,31,534,1519.9355,1451,543,0,0,3500,17.2258,0.3513,88.236,1.0,1869000,5319774.1935
2025-01-01,MED-012,LOC-004,31,404,1076.129,986,432,0,0,3500,13.0323,0.3754,82.5743,1.0,1414000,3766451.6129
2025-01-01,MED-012,LOC-005,31,458,1267.0,1207,507,0,0,3500,14.7742,0.3615,85.7576,1.0,1603000,4434500.0
2025-01-01,MED-013,LOC-001,31,770,2654.129,2281,680,0,0,2100,24.8387,0.2901,106.8545,1.0,1617000,5573670.9677
2025-01-01,MED-013,LOC-002,31,587,2079.5161,1873,623,0,0,2100,18.9355,0.2823,109.8211,1.0,1232700,4366983.871
2025-01-01,MED-013,LOC-003,31,459,1563.3226,1416,499,0,0,2100,14.8065,0.2936,105.5839,1.0,963900,3282977.4194
2025-01-01,MED-013,LOC-004,31,338,1259.0645,1188,367,0,0,2100,10.9032,0.2685,115.4763,1.0,709800,2644035.4839
2025-01-01,MED-013,LOC-005,31,410,1383.0323,1228,385,0,0,2100,13.2258,0.2965,104.5707,1.0,861000,2904367.7419
2025-01-01,MED-014,LOC-001,31,490,1800.4194,1643,498,0,0,4200,15.8065,0.2722,113.9041,1.0,2058000,7561761.2903
2025-01-01,MED-014,LOC-002,31,374,1528.2581,1343,403,0,0,4200,12.0645,0.2447,126.6738,1.0,1570800,6418683.871
2025-01-01,MED-014,LOC-003,31,278,1138.5161,955,303,0,0,4200,8.9677,0.2442,126.9568,1.0,1167600,4781767.7419
2025-01-01,MED-014,LOC-004,31,223,670.2581,590,206,0,0,4200,7.1935,0.3327,93.1749,1.0,936600,2815083.871
2025-01-01,MED-014,LOC-005,31,253,850.4516,724,262,0,0,4200,8.1613,0.2975,104.2055,1.0,1062600,3571896.7742
2025-01-01,MED-015,LOC-001,31,574,1809.1613,1616,566,0,0,2600,18.5161,0.3173,97.7073,1.0,1492400,4703819.3548
2025-01-01,MED-015,LOC-002,31,460,1402.9677,1190,454,0,0,2600,14.8387,0.3279,94.5478,1.0,1196000,3647716.129
2025-01-01,MED-015,LOC-003,31,318,1089.5806,971,350,0,0,2600,10.2581,0.2919,106.217,1.0,826800,2832909.6774
2025-01-01,MED-015,LOC-004,31,261,852.6129,698,252,0,0,2600,8.4194,0.3061,101.2682,1.0,678600,2216793.5484
2025-01-01,MED-015,LOC-005,31,294,982.3548,847,257,0,0,2600,9.4839,0.2993,103.5816,1.0,764400,2554122.5806
2025-02-01,MED-001,LOC-001,28,1820,8410.8571,7054,1856,0,0,450,65.0,0.2164,129.3978,1.0,819000,3784885.7143
2025-02-01,MED-001,LOC-002,28,1397,5827.25,4950,1541,0,0,450,49.8929,0.2397,116.7953,1.0,628650,2622262.5
2025-02-01,MED-001,LOC-003,28,1085,4415.9286,3602,1189,0,0,450,38.75,0.2457,113.9594,1.0,488250,1987167.8571
2025-02-01,MED-001,LOC-004,28,850,3558.8571,2928,970,0,0,450,30.3571,0.2388,117.2329,1.0,382500,1601485.7143
2025-02-01,MED-001,LOC-005,28,955,4123.7143,3777,995,0,0,450,34.1071,0.2316,120.9047,1.0,429750,1855671.4286
2025-02-01,MED-002,LOC-001,28,1586,6924.8571,6086,1830,0,0,470,56.6429,0.229,122.2547,1.0,745420,3254682.8571
2025-02-01,MED-002,LOC-002,28,1191,4713.5,3908,1240,0,0,470,42.5357,0.2527,110.8128,1.0,559770,2215345.0
2025-02-01,MED-002,LOC-003,28,917,3773.1071,3262,1064,0,0,470,32.75,0.243,115.2094,1.0,430990,1773360.3571
2025-02-01,MED-002,LOC-004,28,719,3422.2857,2871,766,0,0,470,25.6786,0.2101,133.274,1.0,337930,1608474.2857
2025-02-01,MED-002,LOC-005,28,792,3693.3571,3426,1014,0,0,470,28.2857,0.2144,130.5732,1.0,372240,1735877.8571
2025-02-01,MED-003,LOC-001,28,1203,5363.4643,4672,1490,0,0,380,42.9643,0.2243,124.8354,1.0,457140,2038116.4286
2025-02-01,MED-003,LOC-002,28,951,3957.25,3503,1194,0,0,380,33.9643,0.2403,116.5121,1.0,361380,1503755.0
2025-02-01,MED-003,LOC-003,28,734,3364.1429,3027,902,0,0,380,26.2143,0.2182,128.3324,1.0,278920,1278374.2857
2025-02-01,MED-003,LOC-004,28,560,2428.2143,2171,576,0,0,380,20.0,0.2306,121.4107,1.0,212800,922721.4286
2025-02-01,MED-003,LOC-005,28,640,2795.75,2636,714,0,0,380,22.8571,0.2289,122.3141,1.0,243200,1062385.0
2025-02-01,MED-004,LOC-001,28,955,4653.6429,4228,1009,0,0,520,34.1071,0.2052,136.4419,1.0,496600,2419894.2857
2025-02-01,MED-004,LOC-002,28,727,3230.6071,3009,921,0,0,520,25.9643,0.225,124.425,1.0,378040,1679915.7143
2025-02-01,MED-004,LOC-003,28,562,2484.3214,2217,698,0,0,520,20.0714,0.2262,123.774,1.0,292240,1291847.1429
2025-02-01,MED-004,LOC-004,28,442,1304.4643,1179,487,0,0,520,15.7857,0.3388,82.6357,1.0,229840,678321.4286
2025-02-01,MED-004,LOC-005,28,499,2001.7857,1718,547,0,0,520,17.8214,0.2493,112.3246,1.0,259480,1040928.5714
2025-02-01,MED-005,LOC-001,28,382,1361.1071,1223,405,0,0,2800,13.6429,0.2807,99.767,1.0,1069600,3811100.0
2025-02-01,MED-005,LOC-002,28,279,1292.6786,1177,343,0,0,2800,9.9643,0.2158,129.7312,1.0,781200,3619500.0
2025-02-01,MED-005,LOC-003,28,212,768.3214,738,217,0,0,2800,7.5714,0.2759,101.4764,1.0,593600,2151300.0
2025-02-01,MED-005,LOC-004,28,162,627.25,615,201,0,0,2800,5.7857,0.2583,108.4136,1.0,453600,1756300.0
2025-02-01,MED-005,LOC-005,28,189,720.3571,669,194,0,0,2800,6.75,0.2624,106.7196,1.0,529200,2017000.0
2025-02-01,MED-006,LOC-001,28,319,1425.7143,1295,357,0,0,2900,11.3929,0.2237,125.1411,1.0,925100,4134571.4286
2025-02-01,MED-006,LOC-002,28,246,1029.0357,1023,285,0,0,2900,8.7857,0.2391,117.126,1.0,713400,2984203.5714
2025-02-01,MED-006,LOC-003,28,198,808.6071,742,216,0,0,2900,7.0714,0.2449,114.3485,1.0,574200,2344960.7143
2025-02-01,MED-006,LOC-004,28,145,634.1071,658,174,0,0,2900,5.1786,0.2287,122.4483,1.0,420500,1838910.7143
2025-02-01,MED-006,LOC-005,28,167,637.8929,644,217,0,0,2900,5.9643,0.2618,106.9521,1.0,484300,1849889.2857
2025-02-01,MED-007,LOC-001,28,1341,5295.1429,4403,1511,0,0,650,47.8929,0.2533,110.5623,1.0,871650,3441842.8571
2025-02-01,MED-007,LOC-002,28,994,4177.8929,3569,1284,0,0,650,35.5,0.2379,117.6871,1.0,646100,2715630.3571
2025-02-01,MED-007,LOC-003,28,753,3491.7143,2974,895,0,0,650,26.8929,0.2157,129.838,1.0,489450,2269614.2857
2025-02-01,MED-007,LOC-004,28,573,2749.4643,2364,649,0,0,650,20.4643,0.2084,134.3543,1.0,372450,1787151.7857
2025-02-01,MED-007,LOC-005,28,655,2852.8929,2396,738,0,0,650,23.3929,0.2296,121.9557,1.0,425750,1854380.3571
2025-02-01,MED-008,LOC-001,28,617,2691.5,2336,631,0,0,1850,22.0357,0.2292,122.1426,1.0,1141450,4979275.0
2025-02-01,MED-008,LOC-002,28,458,1951.5,1762,499,0,0,1850,16.3571,0.2347,119.3057,1.0,847300,3610275.0
2025-02-01,MED-008,LOC-003,28,355,1706.6071,1522,409,0,0,1850,12.6786,0.208,134.6056,1.0,656750,3157223.2143
2025-02-01,MED-008,LOC-004,28,272,1058.0714,925,324,0,0,1850,9.7143,0.2571,108.9191,1.0,503200,1957432.1429
2025-02-01,MED-008,LOC-005,28,311,1460.4286,1295,371,0,0,1850,11.1071,0.213,131.4855,1.0,575350,2701792.8571
2025-02-01,MED-009,LOC-001,28,1609,7121.25,6265,1764,0,0,1200,57.4643,0.2259,123.9248,1.0,1930800,8545500.0
2025-02-01,MED-009,LOC-002,28,1278,5148.3214,4557,1353,0,0,1200,45.6429,0.2482,112.7958,1.0,1533600,6177985.7143
2025-02-01,MED-009,LOC-003,28,923,4901.7143,4184,1031,0,0,1200,32.9643,0.1883,148.6977,1.0,1107600,5882057.1429
2025-02-01,MED-009,LOC-004,28,727,3295.75,2979,833,0,0,1200,25.9643,0.2206,126.934,1.0,872400,3954900.0
2025-02-01,MED-009,LOC-005,28,836,3193.8929,2599,990,0,0,1200,29.8571,0.2617,106.9725,1.0,1003200,3832671.4286
2025-02-01,MED-010,LOC-001,28,927,3930.1786,3498,1072,0,0,950,33.1071,0.2359,118.7109,1.0,880650,3733669.6429
2025-02-01,MED-010,LOC-002,28,656,3157.1429,3009,706,0,0,950,23.4286,0.2078,134.7561,1.0,623200,2999285.7143
2025-02-01,MED-010,LOC-003,28,520,1810.7143,1518,527,0,0,950,18.5714,0.2872,97.5,1.0,494000,1720178.5714
2025-02-01,MED-010,LOC-004,28,389,1473.6429,1400,492,0,0,950,13.8929,0.264,106.072,1.0,369550,1399960.7143
2025-02-01,MED-010,LOC-005,28,467,1947.7143,1830,557,0,0,950,16.6786,0.2398,116.7794,1.0,443650,1850328.5714
2025-02-01,MED-011,LOC-001,28,824,3002.2857,2732,919,0,0,900,29.4286,0.2745,102.0194,1.0,741600,2702057.1429
2025-02-01,MED-011,LOC-002,28,597,2453.2857,2295,756,0,0,900,21.3214,0.2433,115.062,1.0,537300,2207957.1429
2025-02-01,MED-011,LOC-003,28,480,1818.8571,1757,609,0,0,900,17.1429,0.2639,106.1,1.0,432000,1636971.4286
2025-02-01,MED-011,LOC-004,28,368,1526.4286,1365,474,0,0,900,13.1429,0.2411,116.1413,1.0,331200,1373785.7143
2025-02-01,MED-011,LOC-005,28,425,1710.9643,1553,487,0,0,900,15.1786,0.2484,112.7224,1.0,382500,1539867.8571
2025-02-01,MED-012,LOC-001,28,718,3093.1071,2845,727,0,0,3500,25.6429,0.2321,120.6226,1.0,2513000,10825875.0
2025-02-01,MED-012,LOC-002,28,553,2217.3571,2190,637,0,0,3500,19.75,0.2494,112.2712,1.0,1935500,7760750.0
2025-02-01,MED-012,LOC-003,28,410,1611.9286,1455,455,0,0,3500,14.6429,0.2544,110.0829,1.0,1435000,5641750.0
2025-02-01,MED-012,LOC-004,28,341,1138.8214,1131,424,0,0,3500,12.1786,0.2994,93.5103,1.0,1193500,3985875.0
2025-02-01,MED-012,LOC-005,28,377,1347.8929,1254,386,0,0,3500,13.4643,0.2797,100.1088,1.0,1319500,4717625.0
2025-02-01,MED-013,LOC-001,28,654,2760.0714,2423,774,0,0,2100,23.3571,0.237,118.1682,1.0,1373400,5796150.0
2025-02-01,MED-013,LOC-002,28,493,2152.25,1887,581,0,0,2100,17.6071,0.2291,122.2373,1.0,1035300,4519725.0
2025-02-01,MED-013,LOC-003,28,380,1709.0,1599,479,0,0,2100,13.5714,0.2224,125.9263,1.0,798000,3588900.0
2025-02-01,MED-013,LOC-004,28,296,1290.5357,1178,312,0,0,2100,10.5714,0.2294,122.0777,1.0,621600,2710125.0
2025-02-01,MED-013,LOC-005,28,336,1372.2857,1264,355,0,0,2100,12.0,0.2448,114.3571,1.0,705600,2881800.0
2025-02-01,MED-014,LOC-001,28,424,1851.6786,1641,454,0,0,4200,15.1429,0.229,122.2807,1.0,1780800,7777050.0
2025-02-01,MED-014,LOC-002,28,297,1547.1429,1403,304,0,0,4200,10.6071,0.192,145.8586,1.0,1247400,6498000.0
2025-02-01,MED-014,LOC-003,28,229,1157.2143,961,243,0,0,4200,8.1786,0.1979,141.4934,1.0,961800,4860300.0
2025-02-01,MED-014,LOC-004,28,188,717.3214,593,199,0,0,4200,6.7143,0.2621,106.8351,1.0,789600,3012750.0
2025-02-01,MED-014,LOC-005,28,207,881.25,792,242,0,0,4200,7.3929,0.2349,119.2029,1.0,869400,3701250.0
2025-02-01,MED-015,LOC-001,28,503,1861.7857,1539,536,0,0,2600,17.9643,0.2702,103.6382,1.0,1307800,4840642.8571
2025-02-01,MED-015,LOC-002,28,370,1486.3214,1214,417,0,0,2600,13.2143,0.2489,112.4784,1.0,962000,3864435.7143
2025-02-01,MED-015,LOC-003,28,287,1150.0,981,281,0,0,2600,10.25,0.2496,112.1951,1.0,746200,2990000.0
2025-02-01,MED-015,LOC-004,28,215,887.5,776,260,0,0,2600,7.6786,0.2423,115.5814,1.0,559000,2307500.0
2025-02-01,MED-015,LOC-005,28,256,1006.7857,905,296,0,0,2600,9.1429,0.2543,110.1172,1.0,665600,2617642.8571
2025-03-01,MED-001,LOC-001,31,2509,8443.5161,7409,2217,0,0,450,80.9355,0.2972,104.324,1.0,1129050,3799582.2581
2025-03-01,MED-001,LOC-002,31,1931,5784.4194,4944,1693,0,0,450,62.2903,0.3338,92.8622,1.0,868950,2602988.7097
2025-03-01,MED-001,LOC-003,31,1502,4413.7097,3705,1370,0,0,450,48.4516,0.3403,91.0952,1.0,675900,1986169.3548
2025-03-01,MED-001,LOC-004,31,1152,3621.0645,2878,1125,0,0,450,37.1613,0.3181,97.4418,1.0,518400,1629479.0323
2025-03-01,MED-001,LOC-005,31,1289,4404.5484,3697,1352,0,0,450,41.5806,0.2927,105.9279,1.0,580050,1982046.7742
2025-03-01,MED-002,LOC-001,31,2221,7081.4194,6050,2288,0,0,470,71.6452,0.3136,98.8402,1.0,1043870,3328267.0968
2025-03-01,MED-002,LOC-002,31,1625,4744.3548,4055,1462,0,0,470,52.4194,0.3425,90.5077,1.0,763750,2229846.7742
2025-03-01,MED-002,LOC-003,31,1182,3770.0968,3180,1133,0,0,470,38.129,0.3135,98.8773,1.0,555540,1771945.4839
2025-03-01,MED-002,LOC-004,31,930,3620.2903,3109,973,0,0,470,30.0,0.2569,120.6763,1.0,437100,1701536.4516
2025-03-01,MED-002,LOC-005,31,1143,3720.6452,3246,1013,0,0,470,36.871,0.3072,100.9099,1.0,537210,1748703.2258
2025-03-01,MED-003,LOC-001,31,1664,5555.9355,4764,1462,0,0,380,53.6774,0.2995,103.506,1.0,632320,2111255.4839
2025-03-01,MED-003,LOC-002,31,1315,4032.9355,3467,1180,0,0,380,42.4194,0.3261,95.073,1.0,499700,1532515.4839
2025-03-01,MED-003,LOC-003,31,986,3378.8387,3009,979,0,0,380,31.8065,0.2918,106.2312,1.0,374680,1283958.7097
2025-03-01,MED-003,LOC-004,31,758,2534.5161,2200,806,0,0,380,24.4516,0.2991,103.6544,1.0,288040,963116.129
2025-03-01,MED-003,LOC-005,31,902,2930.0,2479,813,0,0,380,29.0968,0.3078,100.6984,1.0,342760,1113400.0
2025-03-01,MED-004,LOC-001,31,1397,4760.8065,3958,1314,0,0,520,45.0645,0.2934,105.6442,1.0,726440,2475619.3548
2025-03-01,MED-004,LOC-002,31,1049,3357.5161,2962,978,0,0,520,33.8387,0.3124,99.2212,1.0,545480,1745908.3871
2025-03-01,MED-004,LOC-003,31,812,2570.0323,2229,779,0,0,520,26.1935,0.3159,98.117,1.0,422240,1336416.7742
2025-03-01,MED-004,LOC-004,31,599,1274.871,1188,612,0,0,520,19.3226,0.4699,65.9783,1.0,311480,662932.9032
2025-03-01,MED-004,LOC-005,31,723,2059.4194,1803,749,0,0,520,23.3226,0.3511,88.3015,1.0,375960,1070898.0645
2025-03-01,MED-005,LOC-001,31,507,1394.1613,1363,542,0,0,2800,16.3548,0.3637,85.2446,1.0,1419600,3903651.6129
2025-03-01,MED-005,LOC-002,31,390,1235.4839,1118,348,0,0,2800,12.5806,0.3157,98.2051,1.0,1092000,3459354.8387
2025-03-01,MED-005,LOC-003,31,296,779.4194,717,274,0,0,2800,9.5484,0.3798,81.6284,1.0,828800,2182374.1935
2025-03-01,MED-005,LOC-004,31,225,657.0645,639,246,0,0,2800,7.2581,0.3424,90.5289,1.0,630000,1839780.6452
2025-03-01,MED-005,LOC-005,31,267,736.7419,684,252,0,0,2800,8.6129,0.3624,85.5393,1.0,747600,2062877.4194
2025-03-01,MED-006,LOC-001,31,429,1419.2903,1392,444,0,0,2900,13.8387,0.3023,102.5594,1.0,1244100,4115941.9355
2025-03-01,MED-006,LOC-002,31,343,1031.0645,900,299,0,0,2900,11.0645,0.3327,93.1866,1.0,994700,2990087.0968
2025-03-01,MED-006,LOC-003,31,251,856.2581,789,281,0,0,2900,8.0968,0.2931,105.753,1.0,727900,2483148.3871
2025-03-01,MED-006,LOC-004,31,202,687.5806,604,196,0,0,2900,6.5161,0.2938,105.5198,1.0,585800,1993983.871
2025-03-01,MED-006,LOC-005,31,230,664.5806,615,206,0,0,2900,7.4194,0.3461,89.5739,1.0,667000,1927283.871
2025-03-01,MED-007,LOC-001,31,1815,5568.4516,4404,1945,0,0,650,58.5484,0.3259,95.1085,1.0,1179750,3619493.5484
2025-03-01,MED-007,LOC-002,31,1377,4341.0645,3441,1359,0,0,650,44.4194,0.3172,97.7291,1.0,895050,2821691.9355
2025-03-01,MED-007,LOC-003,31,1082,3512.7419,2944,946,0,0,650,34.9032,0.308,100.6423,1.0,703300,2283282.2581
2025-03-01,MED-007,LOC-004,31,778,2850.1935,2820,1364,0,0,650,25.0968,0.273,113.5681,1.0,505700,1852625.8065
2025-03-01,MED-007,LOC-005,31,925,3055.4194,2986,1701,0,0,650,29.8387,0.3027,102.3978,1.0,601250,1986022.5806
2025-03-01,MED-008,LOC-001,31,853,2818.3871,2367,897,0,0,1850,27.5161,0.3027,102.4267,1.0,1578050,5214016.129
2025-03-01,MED-008,LOC-002,31,647,1930.8065,1757,649,0,0,1850,20.871,0.3351,92.5116,1.0,1196950,3571991.9355
2025-03-01,MED-008,LOC-003,31,508,1701.9355,1521,450,0,0,1850,16.3871,0.2985,103.8583,1.0,939800,3148580.6452
2025-03-01,MED-008,LOC-004,31,378,1099.0323,902,361,0,0,1850,12.1935,0.3439,90.1323,1.0,699300,2033209.6774
2025-03-01,MED-008,LOC-005,31,435,1479.9032,1208,409,0,0,1850,14.0323,0.2939,105.4644,1.0,804750,2737820.9677
2025-03-01,MED-009,LOC-001,31,2247,7307.129,6242,2059,0,0,1200,72.4839,0.3075,100.8104,1.0,2696400,8768554.8387
2025-03-01,MED-009,LOC-002,31,1692,5111.4516,4306,1512,0,0,1200,54.5806,0.331,93.6495,1.0,2030400,6133741.9355
2025-03-01,MED-009,LOC-003,31,1329,5140.7419,4321,1408,0,0,1200,42.871,0.2585,119.912,1.0,1594800,6168890.3226
2025-03-01,MED-009,LOC-004,31,999,3460.5806,2927,994,0,0,1200,32.2258,0.2887,107.3854,1.0,1198800,4152696.7742
2025-03-01,MED-009,LOC-005,31,1159,3358.9032,2719,1223,0,0,1200,37.3871,0.3451,89.8412,1.0,1390800,4030683.871
2025-03-01,MED-010,LOC-001,31,1301,3934.6452,3864,1371,0,0,950,41.9677,0.3307,93.754,1.0,1235950,3737912.9032
2025-03-01,MED-010,LOC-002,31,961,3157.0323,2899,960,0,0,950,31.0,0.3044,101.8398,1.0,912950,2999180.6452
2025-03-01,MED-010,LOC-003,31,731,1733.9032,1699,762,0,0,950,23.5806,0.4216,73.5308,1.0,694450,1647208.0645
2025-03-01,MED-010,LOC-004,31,542,1553.2903,1301,466,0,0,950,17.4839,0.3489,88.8413,1.0,514900,1475625.8065
2025-03-01,MED-010,LOC-005,31,622,2223.0968,1904,678,0,0,950,20.0645,0.2798,110.7974,1.0,590900,2111941.9355
2025-03-01,MED-011,LOC-001,31,1139,3018.4194,2731,1130,0,0,900,36.7419,0.3773,82.1519,1.0,1025100,2716577.4194
2025-03-01,MED-011,LOC-002,31,837,2626.9032,2347,779,0,0,900,27.0,0.3186,97.2927,1.0,753300,2364212.9032
2025-03-01,MED-011,LOC-003,31,644,1953.6452,1698,631,0,0,900,20.7742,0.3296,94.0419,1.0,579600,1758280.6452
2025-03-01,MED-011,LOC-004,31,505,1607.1935,1463,507,0,0,900,16.2903,0.3142,98.6594,1.0,454500,1446474.1935
2025-03-01,MED-011,LOC-005,31,568,1775.8387,1505,533,0,0,900,18.3226,0.3198,96.9208,1.0,511200,1598254.8387
2025-03-01,MED-012,LOC-001,31,1033,2986.5806,2656,894,0,0,3500,33.3226,0.3459,89.6263,1.0,3615500,10453032.2581
2025-03-01,MED-012,LOC-002,31,799,2304.0323,2107,816,0,0,3500,25.7742,0.3468,89.393,1.0,2796500,8064112.9032
2025-03-01,MED-012,LOC-003,31,580,1631.871,1452,590,0,0,3500,18.7097,0.3554,87.2207,1.0,2030000,5711548.3871
2025-03-01,MED-012,LOC-004,31,454,1199.7742,1011,406,0,0,3500,14.6452,0.3784,81.9229,1.0,1589000,4199209.6774
2025-03-01,MED-012,LOC-005,31,511,1426.7419,1274,538,0,0,3500,16.4839,0.3582,86.5538,1.0,1788500,4993596.7742
2025-03-01,MED-013,LOC-001,31,911,2835.0,2391,914,0,0,2100,29.3871,0.3213,96.4709,1.0,1913100,5953500.0
2025-03-01,MED-013,LOC-002,31,656,2293.5484,1926,657,0,0,2100,21.1613,0.286,108.3841,1.0,1377600,4816451.6129
2025-03-01,MED-013,LOC-003,31,537,1724.9677,1596,521,0,0,2100,17.3226,0.3113,99.5791,1.0,1127700,3622432.2581
2025-03-01,MED-013,LOC-004,31,393,1284.3548,1137,375,0,0,2100,12.6774,0.306,101.3104,1.0,825300,2697145.1613
2025-03-01,MED-013,LOC-005,31,473,1485.2258,1237,468,0,0,2100,15.2581,0.3185,97.3404,1.0,993300,3118974.1935
2025-03-01,MED-014,LOC-001,31,552,1931.0,1664,530,0,0,4200,17.8065,0.2859,108.4438,1.0,2318400,8110200.0
2025-03-01,MED-014,LOC-002,31,436,1639.7097,1448,439,0,0,4200,14.0645,0.2659,116.5849,1.0,1831200,6886780.6452
2025-03-01,MED-014,LOC-003,31,333,1163.5484,943,302,0,0,4200,10.7419,0.2862,108.3183,1.0,1398600,4886903.2258
2025-03-01,MED-014,LOC-004,31,254,739.4839,589,250,0,0,4200,8.1935,0.3435,90.252,1.0,1066800,3105832.2581
2025-03-01,MED-014,LOC-005,31,296,959.0968,779,312,0,0,4200,9.5484,0.3086,100.4459,1.0,1243200,4028206.4516
2025-03-01,MED-015,LOC-001,31,663,1980.4194,1627,707,0,0,2600,21.3871,0.3348,92.5988,1.0,1723800,5149090.3226
2025-03-01,MED-015,LOC-002,31,508,1585.9032,1282,563,0,0,2600,16.3871,0.3203,96.7776,1.0,1320800,4123348.3871
2025-03-01,MED-015,LOC-003,31,384,1214.1935,979,418,0,0,2600,12.3871,0.3163,98.0208,1.0,998400,3156903.2258
2025-03-01,MED-015,LOC-004,31,300,949.2258,818,325,0,0,2600,9.6774,0.316,98.0867,1.0,780000,2467987.0968
2025-03-01,MED-015,LOC-005,31,356,1012.6129,833,328,0,0,2600,11.4839,0.3516,88.177,1.0,925600,2632793.5484
2025-04-01,MED-001,LOC-001,30,1985,8983.2333,7550,2363,0,0,450,66.1667,0.221,135.7668,1.0,893250,4042455.0
2025-04-01,MED-001,LOC-002,30,1488,5843.3333,6587,3170,0,0,450,49.6,0.2546,117.8091,1.0,669600,2629500.0
2025-04-01,MED-001,LOC-003,30,1171,4472.4333,3850,1395,0,0,450,39.0333,0.2618,114.5798,1.0,526950,2012595.0
2025-04-01,MED-001,LOC-004,30,908,3666.2,4081,1937,0,0,450,30.2667,0.2477,121.13,1.0,408600,1649790.0
2025-04-01,MED-001,LOC-005,30,977,4442.3667,3572,1049,0,0,450,32.5667,0.2199,136.4084,1.0,439650,1999065.0
2025-04-01,MED-002,LOC-001,30,1570,7020.1667,6080,1644,0,0,470,52.3333,0.2236,134.1433,1.0,737900,3299478.3333
2025-04-01,MED-002,LOC-002,30,1257,4685.9,3903,1271,0,0,470,41.9,0.2683,111.8353,1.0,590790,2202373.0
2025-04-01,MED-002,LOC-003,30,947,3944.1667,3378,964,0,0,470,31.5667,0.2401,124.9472,1.0,445090,1853758.3333
2025-04-01,MED-002,LOC-004,30,738,3553.1667,3148,740,0,0,470,24.6,0.2077,144.4377,1.0,346860,1669988.3333
2025-04-01,MED-002,LOC-005,30,826,3939.2,3263,1047,0,0,470,27.5333,0.2097,143.0702,1.0,388220,1851424.0
2025-04-01,MED-003,LOC-001,30,1311,5749.4667,4999,1553,0,0,380,43.7,0.228,131.5667,1.0,498180,2184797.3333
2025-04-01,MED-003,LOC-002,30,950,4259.0,3667,1141,0,0,380,31.6667,0.2231,134.4947,1.0,361000,1618420.0
2025-04-01,MED-003,LOC-003,30,765,3479.6333,3068,788,0,0,380,25.5,0.2199,136.4562,1.0,290700,1322260.6667
2025-04-01,MED-003,LOC-004,30,582,2599.8333,2373,650,0,0,380,19.4,0.2239,134.012,1.0,221160,987936.6667
2025-04-01,MED-003,LOC-005,30,639,2955.6333,2520,669,0,0,380,21.3,0.2162,138.7621,1.0,242820,1123140.6667
2025-04-01,MED-004,LOC-001,30,1019,4962.4,4527,1309,0,0,520,33.9667,0.2053,146.0962,1.0,529880,2580448.0
2025-04-01,MED-004,LOC-002,30,795,3307.7333,2935,894,0,0,520,26.5,0.2403,124.8201,1.0,413400,1720021.3333
2025-04-01,MED-004,LOC-003,30,594,2564.9333,2221,670,0,0,520,19.8,0.2316,129.5421,1.0,308880,1333765.3333
2025-04-01,MED-004,LOC-004,30,468,1443.0667,1225,593,0,0,520,15.6,0.3243,92.5043,1.0,243360,750394.6667
2025-04-01,MED-004,LOC-005,30,544,2065.7333,1867,633,0,0,520,18.1333,0.2633,113.9191,1.0,282880,1074181.3333
2025-04-01,MED-005,LOC-001,30,370,1473.8,1326,403,0,0,2800,12.3333,0.2511,119.4973,1.0,1036000,4126640.0
2025-04-01,MED-005,LOC-002,30,301,1281.1,1193,315,0,0,2800,10.0333,0.235,127.6844,1.0,842800,3587080.0
2025-04-01,MED-005,LOC-003,30,219,782.6333,744,239,0,0,2800,7.3,0.2798,107.21,1.0,613200,2191373.3333
2025-04-01,MED-005,LOC-004,30,175,708.7667,616,190,0,0,2800,5.8333,0.2469,121.5029,1.0,490000,1984546.6667
2025-04-01,MED-005,LOC-005,30,204,788.2667,713,251,0,0,2800,6.8,0.2588,115.9216,1.0,571200,2207146.6667
2025-04-01,MED-006,LOC-001,30,347,1509.7,1369,373,0,0,2900,11.5667,0.2298,130.5216,1.0,1006300,4378130.0
2025-04-01,MED-006,LOC-002,30,252,1057.9667,947,287,0,0,2900,8.4,0.2382,125.9484,1.0,730800,3068103.3333
2025-04-01,MED-006,LOC-003,30,203,876.0667,810,211,0,0,2900,6.7667,0.2317,129.468,1.0,588700,2540593.3333
2025-04-01,MED-006,LOC-004,30,155,718.2667,685,193,0,0,2900,5.1667,0.2158,139.0194,1.0,449500,2082973.3333
2025-04-01,MED-006,LOC-005,30,177,666.2667,613,207,0,0,2900,5.9,0.2657,112.9266,1.0,513300,1932173.3333
2025-04-01,MED-007,LOC-001,30,1344,5797.9333,6087,2759,0,0,650,44.8,0.2318,129.4182,1.0,873600,3768656.6667
2025-04-01,MED-007,LOC-002,30,1013,4530.8,4666,2385,0,0,650,33.7667,0.2236,134.1797,1.0,658450,2945020.0
2025-04-01,MED-007,LOC-003,30,811,3688.7,3252,1035,0,0,650,27.0333,0.2199,136.4501,1.0,527150,2397655.0
2025-04-01,MED-007,LOC-004,30,606,2862.2,3062,712,0,0,650,20.2,0.2117,141.6931,1.0,393900,1860430.0
2025-04-01,MED-007,LOC-005,30,722,3023.3333,2572,0,0,0,650,24.0667,0.2388,125.6233,1.0,469300,1965166.6667
2025-04-01,MED-008,LOC-001,30,638,2825.6667,2583,722,0,0,1850,21.2667,0.2258,132.8683,1.0,1180300,5227483.3333
2025-04-01,MED-008,LOC-002,30,497,2073.7,1820,528,0,0,1850,16.5667,0.2397,125.173,1.0,919450,3836345.0
2025-04-01,MED-008,LOC-003,30,383,1789.4667,1547,469,0,0,1850,12.7667,0.214,140.1671,1.0,708550,3310513.3333
2025-04-01,MED-008,LOC-004,30,277,1116.8333,998,301,0,0,1850,9.2333,0.248,120.9567,1.0,512450,2066141.6667
2025-04-01,MED-008,LOC-005,30,328,1515.5333,1270,349,0,0,1850,10.9333,0.2164,138.6159,1.0,606800,2803736.6667
2025-04-01,MED-009,LOC-001,30,1728,7582.7,8039,3679,0,0,1200,57.6,0.2279,131.6441,1.0,2073600,9099240.0
2025-04-01,MED-009,LOC-002,30,1281,5367.6333,5811,2904,0,0,1200,42.7,0.2387,125.7057,1.0,1537200,6441160.0
2025-04-01,MED-009,LOC-003,30,992,5143.1667,4309,1101,0,0,1200,33.0667,0.1929,155.5393,1.0,1190400,6171800.0
2025-04-01,MED-009,LOC-004,30,760,3473.4333,2831,854,0,0,1200,25.3333,0.2188,137.1092,1.0,912000,4168120.0
2025-04-01,MED-009,LOC-005,30,850,3418.7,3654,1871,0,0,1200,28.3333,0.2486,120.66,1.0,1020000,4102440.0
2025-04-01,MED-010,LOC-001,30,905,4392.8667,3742,1053,0,0,950,30.1667,0.206,145.6199,1.0,859750,4173223.3333
2025-04-01,MED-010,LOC-002,30,717,3251.6333,3092,886,0,0,950,23.9,0.2205,136.0516,1.0,681150,3089051.6667
2025-04-01,MED-010,LOC-003,30,548,1975.0667,1679,681,0,0,950,18.2667,0.2775,108.1241,1.0,520600,1876313.3333
2025-04-01,MED-010,LOC-004,30,420,1622.9,1492,536,0,0,950,14.0,0.2588,115.9214,1.0,399000,1541755.0
2025-04-01,MED-010,LOC-005,30,469,2191.4333,2009,496,0,0,950,15.6333,0.214,140.177,1.0,445550,2081861.6667
2025-04-01,MED-011,LOC-001,30,842,3191.2333,2764,976,0,0,900,28.0667,0.2638,113.7019,1.0,757800,2872110.0
2025-04-01,MED-011,LOC-002,30,647,2611.1,2276,751,0,0,900,21.5667,0.2478,121.0711,1.0,582300,2349990.0
2025-04-01,MED-011,LOC-003,30,489,1969.5667,1758,508,0,0,900,16.3,0.2483,120.8323,1.0,440100,1772610.0
2025-04-01,MED-011,LOC-004,30,381,1625.0,1428,402,0,0,900,12.7,0.2345,127.9528,1.0,342900,1462500.0
2025-04-01,MED-011,LOC-005,30,446,1867.8,1627,562,0,0,900,14.8667,0.2388,125.6368,1.0,401400,1681020.0
2025-04-01,MED-012,LOC-001,30,787,3121.0,2839,932,0,0,3500,26.2333,0.2522,118.9708,1.0,2754500,10923500.0
2025-04-01,MED-012,LOC-002,30,568,2539.1667,2171,716,0,0,3500,18.9333,0.2237,134.1109,1.0,1988000,8887083.3333
2025-04-01,MED-012,LOC-003,30,465,1716.0667,1534,560,0,0,3500,15.5,0.271,110.714,1.0,1627500,6006233.3333
2025-04-01,MED-012,LOC-004,30,353,1247.8333,1013,348,0,0,3500,11.7667,0.2829,106.0482,1.0,1235500,4367416.6667
2025-04-01,MED-012,LOC-005,30,385,1427.5667,1271,385,0,0,3500,12.8333,0.2697,111.239,1.0,1347500,4996483.3333
2025-04-01,MED-013,LOC-001,30,672,3081.3,2756,821,0,0,2100,22.4,0.2181,137.558,1.0,1411200,6470730.0
2025-04-01,MED-013,LOC-002,30,510,2324.3,2039,562,0,0,2100,17.0,0.2194,136.7235,1.0,1071000,4881030.0
2025-04-01,MED-013,LOC-003,30,408,1917.3,1612,487,0,0,2100,13.6,0.2128,140.9779,1.0,856800,4026330.0
2025-04-01,MED-013,LOC-004,30,303,1329.6,1164,327,0,0,2100,10.1,0.2279,131.6436,1.0,636300,2792160.0
2025-04-01,MED-013,LOC-005,30,352,1527.5333,1326,397,0,0,2100,11.7333,0.2304,130.1875,1.0,739200,3207820.0
2025-04-01,MED-014,LOC-001,30,431,1955.2667,1711,463,0,0,4200,14.3667,0.2204,136.0974,1.0,1810200,8212120.0
2025-04-01,MED-014,LOC-002,30,336,1677.0667,1387,374,0,0,4200,11.2,0.2003,149.7381,1.0,1411200,7043680.0
2025-04-01,MED-014,LOC-003,30,249,1173.2,1032,291,0,0,4200,8.3,0.2122,141.3494,1.0,1045800,4927440.0
2025-04-01,MED-014,LOC-004,30,193,741.5333,604,200,0,0,4200,6.4333,0.2603,115.2642,1.0,810600,3114440.0
2025-04-01,MED-014,LOC-005,30,231,990.5,803,252,0,0,4200,7.7,0.2332,128.6364,1.0,970200,4160100.0
2025-04-01,MED-015,LOC-001,30,525,2090.8667,1714,609,0,0,2600,17.5,0.2511,119.4781,1.0,1365000,5436253.3333
2025-04-01,MED-015,LOC-002,30,393,1577.1667,1357,389,0,0,2600,13.1,0.2492,120.3944,1.0,1021800,4100633.3333
2025-04-01,MED-015,LOC-003,30,298,1274.1667,1052,355,0,0,2600,9.9333,0.2339,128.2718,1.0,774800,3312833.3333
2025-04-01,MED-015,LOC-004,30,231,979.6333,826,283,0,0,2600,7.7,0.2358,127.2251,1.0,600600,2547046.6667
2025-04-01,MED-015,LOC-005,30,265,1081.2,900,315,0,0,2600,8.8333,0.2451,122.4,1.0,689000,2811120.0
2025-05-01,MED-001,LOC-001,31,2066,9123.8065,9701,4659,0,0,450,66.6452,0.2264,136.9013,1.0,929700,4105712.9032
2025-05-01,MED-001,LOC-002,31,1561,6202.2258,6354,1534,0,0,450,50.3548,0.2517,123.1704,1.0,702450,2791001.6129
2025-05-01,MED-001,LOC-003,31,1234,4877.4194,4869,2476,0,0,450,39.8065,0.253,122.5284,1.0,555300,2194838.7097
2025-05-01,MED-001,LOC-004,31,944,3857.0645,4016,1055,0,0,450,30.4516,0.2447,126.6621,1.0,424800,1735679.0323
2025-05-01,MED-001,LOC-005,31,1047,4522.0323,3668,1126,0,0,450,33.7742,0.2315,133.8902,1.0,471150,2034914.5161
2025-05-01,MED-002,LOC-001,31,1724,7290.4194,7835,3317,0,0,470,55.6129,0.2365,131.0922,1.0,810280,3426497.0968
2025-05-01,MED-002,LOC-002,31,1321,4815.6452,4872,2505,0,0,470,42.6129,0.2743,113.0091,1.0,620870,2263353.2258
2025-05-01,MED-002,LOC-003,31,1069,4078.7097,4393,2106,0,0,470,34.4839,0.2621,118.2788,1.0,502430,1916993.5484
2025-05-01,MED-002,LOC-004,31,798,3745.3548,3756,1554,0,0,470,25.7419,0.2131,145.4962,1.0,375060,1760316.7742
2025-05-01,MED-002,LOC-005,31,914,4172.4839,4182,1805,0,0,470,29.4839,0.2191,141.5175,1.0,429580,1961067.4194
2025-05-01,MED-003,LOC-001,31,1400,6167.4839,5016,1586,0,0,380,45.1613,0.227,136.5657,1.0,532000,2343643.871
2025-05-01,MED-003,LOC-002,31,1030,4295.5806,3609,1007,0,0,380,33.2258,0.2398,129.2845,1.0,391400,1632320.6452
2025-05-01,MED-003,LOC-003,31,755,3525.1613,3710,1571,0,0,380,24.3548,0.2142,144.7417,1.0,286900,1339561.2903
2025-05-01,MED-003,LOC-004,31,641,2672.9032,2257,640,0,0,380,20.6774,0.2398,129.2668,1.0,243580,1015703.2258
2025-05-01,MED-003,LOC-005,31,722,3067.871,2580,770,0,0,380,23.2903,0.2353,131.723,1.0,274360,1165790.9677
2025-05-01,MED-004,LOC-001,31,1076,5202.1613,4264,1183,0,0,520,34.7097,0.2068,149.8764,1.0,559520,2705123.871
2025-05-01,MED-004,LOC-002,31,864,3435.6452,3843,1678,0,0,520,27.871,0.2515,123.2697,1.0,449280,1786535.4839
2025-05-01,MED-004,LOC-003,31,630,2814.2581,2468,710,0,0,520,20.3226,0.2239,138.4794,1.0,327600,1463414.1935
2025-05-01,MED-004,LOC-004,31,508,1523.2581,1208,465,0,0,520,16.3871,0.3335,92.9547,1.0,264160,792094.1935
2025-05-01,MED-004,LOC-005,31,566,2156.4839,1758,546,0,0,520,18.2581,0.2625,118.1113,1.0,294320,1121371.6129
2025-05-01,MED-005,LOC-001,31,400,1543.6774,1383,413,0,0,2800,12.9032,0.2591,119.635,1.0,1120000,4322296.7742
2025-05-01,MED-005,LOC-002,31,318,1351.129,1197,338,0,0,2800,10.2581,0.2354,131.7138,1.0,890400,3783161.2903
2025-05-01,MED-005,LOC-003,31,243,819.0968,731,256,0,0,2800,7.8387,0.2967,104.4938,1.0,680400,2293470.9677
2025-05-01,MED-005,LOC-004,31,190,724.4194,649,188,0,0,2800,6.129,0.2623,118.1947,1.0,532000,2028374.1935
2025-05-01,MED-005,LOC-005,31,215,822.7419,739,223,0,0,2800,6.9355,0.2613,118.6279,1.0,602000,2303677.4194
2025-05-01,MED-006,LOC-001,31,361,1534.6129,1312,384,0,0,2900,11.6452,0.2352,131.7812,1.0,1046900,4450377.4194
2025-05-01,MED-006,LOC-002,31,280,1087.5161,971,288,0,0,2900,9.0323,0.2575,120.4036,1.0,812000,3153796.7742
2025-05-01,MED-006,LOC-003,31,221,851.6452,759,201,0,0,2900,7.129,0.2595,119.4615,1.0,640900,2469770.9677
2025-05-01,MED-006,LOC-004,31,162,741.5806,657,150,0,0,2900,5.2258,0.2185,141.9074,1.0,469800,2150583.871
2025-05-01,MED-006,LOC-005,31,195,691.9032,643,188,0,0,2900,6.2903,0.2818,109.9949,1.0,565500,2006519.3548
2025-05-01,MED-007,LOC-001,31,1491,5754.3548,6007,1596,0,0,650,48.0968,0.2591,119.6412,1.0,969150,3740330.6452
2025-05-01,MED-007,LOC-002,31,1141,4782.871,4599,1153,0,0,650,36.8065,0.2386,129.9465,1.0,741650,3108866.129
2025-05-01,MED-007,LOC-003,31,902,3932.3548,4171,1870,0,0,650,29.0968,0.2294,135.1475,1.0,586300,2556030.6452
2025-05-01,MED-007,LOC-004,31,642,3007.8387,3035,700,0,0,650,20.7097,0.2134,145.2383,1.0,417300,1955095.1613
2025-05-01,MED-007,LOC-005,31,773,3185.7419,3235,1694,0,0,650,24.9355,0.2426,127.7594,1.0,502450,2070732.2581
2025-05-01,MED-008,LOC-001,31,668,3050.4516,3244,1465,0,0,1850,21.5484,0.219,141.5629,1.0,1235800,5643335.4839
2025-05-01,MED-008,LOC-002,31,523,2191.9355,1837,575,0,0,1850,16.871,0.2386,129.9235,1.0,967550,4055080.6452
2025-05-01,MED-008,LOC-003,31,405,1810.0645,1566,368,0,0,1850,13.0645,0.2237,138.5481,1.0,749250,3348619.3548
2025-05-01,MED-008,LOC-004,31,309,1135.0645,965,277,0,0,1850,9.9677,0.2722,113.8738,1.0,571650,2099869.3548
2025-05-01,MED-008,LOC-005,31,362,1462.0645,1595,671,0,0,1850,11.6774,0.2476,125.2044,1.0,669700,2704819.3548
2025-05-01,MED-009,LOC-001,31,1792,7837.8065,7880,2047,0,0,1200,57.8065,0.2286,135.5871,1.0,2150400,9405367.7419
2025-05-01,MED-009,LOC-002,31,1389,5579.9032,5672,1440,0,0,1200,44.8065,0.2489,124.5335,1.0,1666800,6695883.871
2025-05-01,MED-009,LOC-003,31,1077,5536.9032,5388,2181,0,0,1200,34.7419,0.1945,159.3723,1.0,1292400,6644283.871
2025-05-01,MED-009,LOC-004,31,802,3631.9677,3633,1634,0,0,1200,25.871,0.2208,140.3878,1.0,962400,4358361.2903
2025-05-01,MED-009,LOC-005,31,929,3652.9355,3624,925,0,0,1200,29.9677,0.2543,121.8956,1.0,1114800,4383522.5806
2025-05-01,MED-010,LOC-001,31,1007,4519.0968,3928,1013,0,0,950,32.4839,0.2228,139.1182,1.0,956650,4293141.9355
2025-05-01,MED-010,LOC-002,31,749,3483.9677,3098,702,0,0,950,24.1613,0.215,144.1963,1.0,711550,3309769.3548
2025-05-01,MED-010,LOC-003,31,572,2023.7419,1744,518,0,0,950,18.4516,0.2826,109.6783,1.0,543400,1922554.8387
2025-05-01,MED-010,LOC-004,31,426,1698.0968,1512,475,0,0,950,13.7419,0.2509,123.5704,1.0,404700,1613191.9355
2025-05-01,MED-010,LOC-005,31,525,2300.0,1878,473,0,0,950,16.9355,0.2283,135.8095,1.0,498750,2185000.0
2025-05-01,MED-011,LOC-001,31,942,3293.9677,2644,857,0,0,900,30.3871,0.286,108.4002,1.0,847800,2964570.9677
2025-05-01,MED-011,LOC-002,31,722,2687.9677,2291,744,0,0,900,23.2903,0.2686,115.4114,1.0,649800,2419170.9677
2025-05-01,MED-011,LOC-003,31,548,2006.4839,1804,531,0,0,900,17.6774,0.2731,113.5055,1.0,493200,1805835.4839
2025-05-01,MED-011,LOC-004,31,399,1615.8065,1507,433,0,0,900,12.871,0.2469,125.5388,1.0,359100,1454225.8065
2025-05-01,MED-011,LOC-005,31,479,1916.7097,1653,426,0,0,900,15.4516,0.2499,124.0459,1.0,431100,1725038.7097
2025-05-01,MED-012,LOC-001,31,801,3234.4516,2959,789,0,0,3500,25.8387,0.2476,125.1785,1.0,2803500,11320580.6452
2025-05-01,MED-012,LOC-002,31,595,2643.9032,2171,621,0,0,3500,19.1935,0.225,137.7496,1.0,2082500,9253661.2903
2025-05-01,MED-012,LOC-003,31,486,1863.6452,1559,542,0,0,3500,15.6774,0.2608,118.8745,1.0,1701000,6522758.0645
2025-05-01,MED-012,LOC-004,31,389,1229.3226,1043,359,0,0,3500,12.5484,0.3164,97.9666,1.0,1361500,4302629.0323
2025-05-01,MED-012,LOC-005,31,434,1520.129,1315,441,0,0,3500,14.0,0.2855,108.5806,1.0,1519000,5320451.6129
2025-05-01,MED-013,LOC-001,31,740,3145.129,2616,785,0,0,2100,23.871,0.2353,131.7554,1.0,1554000,6604770.9677
2025-05-01,MED-013,LOC-002,31,580,2390.8065,1957,550,0,0,2100,18.7097,0.2426,127.7845,1.0,1218000,5020693.5484
2025-05-01,MED-013,LOC-003,31,431,1812.3548,1552,442,0,0,2100,13.9032,0.2378,130.355,1.0,905100,3805945.1613
2025-05-01,MED-013,LOC-004,31,329,1360.1613,1181,333,0,0,2100,10.6129,0.2419,128.1611,1.0,690900,2856338.7097
2025-05-01,MED-013,LOC-005,31,383,1559.4516,1270,400,0,0,2100,12.3548,0.2456,126.2219,1.0,804300,3274848.3871
2025-05-01,MED-014,LOC-001,31,481,2016.9355,2005,898,0,0,4200,15.5161,0.2385,129.9896,1.0,2020200,8471129.0323
2025-05-01,MED-014,LOC-002,31,344,1744.9355,1708,710,0,0,4200,11.0968,0.1971,157.2471,1.0,1444800,7328729.0323
2025-05-01,MED-014,LOC-003,31,272,1249.0323,1257,556,0,0,4200,8.7742,0.2178,142.3529,1.0,1142400,5245935.4839
2025-05-01,MED-014,LOC-004,31,205,741.6774,790,413,0,0,4200,6.6129,0.2764,112.1561,1.0,861000,3115045.1613
2025-05-01,MED-014,LOC-005,31,247,1034.1935,1024,495,0,0,4200,7.9677,0.2388,129.7976,1.0,1037400,4343612.9032
2025-05-01,MED-015,LOC-001,31,539,2147.4516,2247,1067,0,0,2600,17.3871,0.251,123.5083,1.0,1401400,5583374.1935
2025-05-01,MED-015,LOC-002,31,418,1667.2581,1763,860,0,0,2600,13.4839,0.2507,123.6483,1.0,1086800,4334870.9677
2025-05-01,MED-015,LOC-003,31,319,1337.6452,1336,635,0,0,2600,10.2903,0.2385,129.9906,1.0,829400,3477877.4194
2025-05-01,MED-015,LOC-004,31,253,1025.9032,1053,508,0,0,2600,8.1613,0.2466,125.7036,1.0,657800,2667348.3871
2025-05-01,MED-015,LOC-005,31,298,1143.5161,1172,634,0,0,2600,9.6129,0.2606,118.9564,1.0,774800,2973141.9355
2025-06-01,MED-001,LOC-001,30,2131,9911.6333,9702,2155,0,0,450,71.0333,0.215,139.535,1.0,958950,4460235.0
2025-06-01,MED-001,LOC-002,30,1548,6266.2333,6687,1759,0,0,450,51.6,0.247,121.4386,1.0,696600,2819805.0
2025-06-01,MED-001,LOC-003,30,1219,5050.8,4893,1206,0,0,450,40.6333,0.2413,124.3019,1.0,548550,2272860.0
2025-06-01,MED-001,LOC-004,30,927,3992.3333,4230,909,0,0,450,30.9,0.2322,129.2017,1.0,417150,1796550.0
2025-06-01,MED-001,LOC-005,30,1062,4716.8,4946,2088,0,0,450,35.4,0.2252,133.2429,1.0,477900,2122560.0
2025-06-01,MED-002,LOC-001,30,1677,7467.9667,7674,1965,0,0,470,55.9,0.2246,133.5951,1.0,788190,3509944.3333
2025-06-01,MED-002,LOC-002,30,1348,4810.7,4673,1230,0,0,470,44.9333,0.2802,107.0631,1.0,633560,2261029.0
2025-06-01,MED-002,LOC-003,30,1015,4126.5333,4173,1023,0,0,470,33.8333,0.246,121.9665,1.0,477050,1939470.6667
2025-06-01,MED-002,LOC-004,30,733,3753.2667,3686,782,0,0,470,24.4333,0.1953,153.6126,1.0,344510,1764035.3333
2025-06-01,MED-002,LOC-005,30,926,4180.1667,4132,986,0,0,470,30.8667,0.2215,135.4266,1.0,435220,1964678.3333
2025-06-01,MED-003,LOC-001,30,1340,6285.2,6491,2965,0,0,380,44.6667,0.2132,140.7134,1.0,509200,2388376.0
2025-06-01,MED-003,LOC-002,30,1009,4453.7,4683,1999,0,0,380,33.6333,0.2266,132.4192,1.0,383420,1692406.0
2025-06-01,MED-003,LOC-003,30,816,3642.7333,2944,0,0,0,380,27.2,0.224,133.924,1.0,310080,1384238.6667
2025-06-01,MED-003,LOC-004,30,613,2742.9667,2365,589,0,0,380,20.4333,0.2235,134.2398,1.0,232940,1042327.3333
2025-06-01,MED-003,LOC-005,30,716,3142.2,2548,758,0,0,380,23.8667,0.2279,131.6564,1.0,272080,1194036.0
2025-06-01,MED-004,LOC-001,30,1067,5323.4667,4457,1198,0,0,520,35.5667,0.2004,149.6757,1.0,554840,2768202.6667
2025-06-01,MED-004,LOC-002,30,830,3645.2333,4004,965,0,0,520,27.6667,0.2277,131.7554,1.0,431600,1895521.3333
2025-06-01,MED-004,LOC-003,30,634,2887.5333,2483,681,0,0,520,21.1333,0.2196,136.6341,1.0,329680,1501517.3333
2025-06-01,MED-004,LOC-004,30,501,1582.9667,1697,1012,0,0,520,16.7,0.3165,94.7884,1.0,260520,823142.6667
2025-06-01,MED-004,LOC-005,30,546,2230.2667,2357,1124,0,0,520,18.2,0.2448,122.5421,1.0,283920,1159738.6667
2025-06-01,MED-005,LOC-001,30,427,1590.5,1342,421,0,0,2800,14.2333,0.2685,111.7447,1.0,1195600,4453400.0
2025-06-01,MED-005,LOC-002,30,308,1357.6,1178,292,0,0,2800,10.2667,0.2269,132.2338,1.0,862400,3801280.0
2025-06-01,MED-005,LOC-003,30,227,886.3,755,267,0,0,2800,7.5667,0.2561,117.1322,1.0,635600,2481640.0
2025-06-01,MED-005,LOC-004,30,185,738.0333,636,184,0,0,2800,6.1667,0.2507,119.6811,1.0,518000,2066493.3333
2025-06-01,MED-005,LOC-005,30,211,851.1333,739,228,0,0,2800,7.0333,0.2479,121.0142,1.0,590800,2383173.3333
2025-06-01,MED-006,LOC-001,30,364,1617.7,1446,381,0,0,2900,12.1333,0.225,133.3269,1.0,1055600,4691330.0
2025-06-01,MED-006,LOC-002,30,259,1183.0667,1020,296,0,0,2900,8.6333,0.2189,137.0347,1.0,751100,3430893.3333
2025-06-01,MED-006,LOC-003,30,203,860.5,789,217,0,0,2900,6.7667,0.2359,127.1675,1.0,588700,2495450.0
2025-06-01,MED-006,LOC-004,30,163,757.3333,678,183,0,0,2900,5.4333,0.2152,139.3865,1.0,472700,2196266.6667
2025-06-01,MED-006,LOC-005,30,184,709.9667,635,194,0,0,2900,6.1333,0.2592,115.7554,1.0,533600,2058903.3333
2025-06-01,MED-007,LOC-001,30,1433,6026.9333,5762,1396,0,0,650,47.7667,0.2378,126.1745,1.0,931450,3917506.6667
2025-06-01,MED-007,LOC-002,30,1107,4884.7,4809,1146,0,0,650,36.9,0.2266,132.3767,1.0,719550,3175055.0
2025-06-01,MED-007,LOC-003,30,851,4078.4333,4035,939,0,0,650,28.3667,0.2087,143.7756,1.0,553150,2650981.6667
2025-06-01,MED-007,LOC-004,30,646,3086.6667,3062,658,0,0,650,21.5333,0.2093,143.3437,1.0,419900,2006333.3333
2025-06-01,MED-007,LOC-005,30,735,3382.2333,3196,721,0,0,650,24.5,0.2173,138.0503,1.0,477750,2198451.6667
2025-06-01,MED-008,LOC-001,30,686,3170.9333,3318,649,0,0,1850,22.8667,0.2163,138.6706,1.0,1269100,5866226.6667
2025-06-01,MED-008,LOC-002,30,515,2312.8667,2234,1001,0,0,1850,17.1667,0.2227,134.7301,1.0,952750,4278803.3333
2025-06-01,MED-008,LOC-003,30,406,1849.1333,2009,839,0,0,1850,13.5333,0.2196,136.6355,1.0,751100,3420896.6667
2025-06-01,MED-008,LOC-004,30,319,1171.0333,1243,653,0,0,1850,10.6333,0.2724,110.1285,1.0,590150,2166411.6667
2025-06-01,MED-008,LOC-005,30,357,1532.7,1524,408,0,0,1850,11.9,0.2329,128.7983,1.0,660450,2835495.0
2025-06-01,MED-009,LOC-001,30,1809,8072.7,8564,1994,0,0,1200,60.3,0.2241,133.8756,1.0,2170800,9687240.0
2025-06-01,MED-009,LOC-002,30,1351,5726.4333,6117,1566,0,0,1200,45.0333,0.2359,127.1599,1.0,1621200,6871720.0
2025-06-01,MED-009,LOC-003,30,1028,5531.1333,5868,1245,0,0,1200,34.2667,0.1859,161.4144,1.0,1233600,6637360.0
2025-06-01,MED-009,LOC-004,30,836,3745.9667,3855,951,0,0,1200,27.8667,0.2232,134.4246,1.0,1003200,4495160.0
2025-06-01,MED-009,LOC-005,30,939,3674.4333,3878,934,0,0,1200,31.3,0.2555,117.394,1.0,1126800,4409320.0
2025-06-01,MED-010,LOC-001,30,1003,4626.8,5072,2192,0,0,950,33.4333,0.2168,138.3888,1.0,952850,4395460.0
2025-06-01,MED-010,LOC-002,30,748,3585.2333,3152,773,0,0,950,24.9333,0.2086,143.7928,1.0,710600,3405971.6667
2025-06-01,MED-010,LOC-003,30,569,1983.8,2268,1225,0,0,950,18.9667,0.2868,104.594,1.0,540550,1884610.0
2025-06-01,MED-010,LOC-004,30,450,1718.5333,1494,406,0,0,950,15.0,0.2619,114.5689,1.0,427500,1632606.6667
2025-06-01,MED-010,LOC-005,30,516,2266.3333,1999,570,0,0,950,17.2,0.2277,131.7636,1.0,490200,2153016.6667
2025-06-01,MED-011,LOC-001,30,892,3182.4333,2817,929,0,0,900,29.7333,0.2803,107.0325,1.0,802800,2864190.0
2025-06-01,MED-011,LOC-002,30,688,2847.3667,2298,716,0,0,900,22.9333,0.2416,124.1584,1.0,619200,2562630.0
2025-06-01,MED-011,LOC-003,30,543,2019.0,1719,584,0,0,900,18.1,0.2689,111.547,1.0,488700,1817100.0
2025-06-01,MED-011,LOC-004,30,405,1684.0333,1390,355,0,0,900,13.5,0.2405,124.7432,1.0,364500,1515630.0
2025-06-01,MED-011,LOC-005,30,449,2000.2333,1725,503,0,0,900,14.9667,0.2245,133.6459,1.0,404100,1800210.0
2025-06-01,MED-012,LOC-001,30,811,3442.5,3496,1630,0,0,3500,27.0333,0.2356,127.3428,1.0,2838500,12048750.0
2025-06-01,MED-012,LOC-002,30,604,2692.2333,2267,627,0,0,3500,20.1333,0.2243,133.7202,1.0,2114000,9422816.6667
2025-06-01,MED-012,LOC-003,30,469,1918.8,2059,948,0,0,3500,15.6333,0.2444,122.7377,1.0,1641500,6715800.0
2025-06-01,MED-012,LOC-004,30,357,1272.5667,1039,411,0,0,3500,11.9,0.2805,106.9384,1.0,1249500,4453983.3333
2025-06-01,MED-012,LOC-005,30,417,1535.8667,1313,463,0,0,3500,13.9,0.2715,110.494,1.0,1459500,5375533.3333
2025-06-01,MED-013,LOC-001,30,727,3252.4333,2865,797,0,0,2100,24.2333,0.2235,134.2132,1.0,1526700,6830110.0
2025-06-01,MED-013,LOC-002,30,578,2432.8,1996,660,0,0,2100,19.2667,0.2376,126.2699,1.0,1213800,5108880.0
2025-06-01,MED-013,LOC-003,30,424,1918.5333,1933,845,0,0,2100,14.1333,0.221,135.7453,1.0,890400,4028920.0
2025-06-01,MED-013,LOC-004,30,320,1385.5667,1228,328,0,0,2100,10.6667,0.231,129.8969,1.0,672000,2909690.0
2025-06-01,MED-013,LOC-005,30,367,1669.2,1390,417,0,0,2100,12.2333,0.2199,136.4469,1.0,770700,3505320.0
2025-06-01,MED-014,LOC-001,30,436,2005.7,2020,516,0,0,4200,14.5333,0.2174,138.0069,1.0,1831200,8423940.0
2025-06-01,MED-014,LOC-002,30,350,1800.5333,1865,368,0,0,4200,11.6667,0.1944,154.3314,1.0,1470000,7562240.0
2025-06-01,MED-014,LOC-003,30,261,1278.2,1340,267,0,0,4200,8.7,0.2042,146.9195,1.0,1096200,5368440.0
2025-06-01,MED-014,LOC-004,30,203,805.2333,848,233,0,0,4200,6.7667,0.2521,119.0,1.0,852600,3381980.0
2025-06-01,MED-014,LOC-005,30,236,1072.1,1027,262,0,0,4200,7.8667,0.2201,136.2839,1.0,991200,4502820.0
2025-06-01,MED-015,LOC-001,30,534,2166.3667,2204,579,0,0,2600,17.8,0.2465,121.706,1.0,1388400,5632553.3333
2025-06-01,MED-015,LOC-002,30,405,1692.1667,1723,385,0,0,2600,13.5,0.2393,125.3457,1.0,1053000,4399633.3333
2025-06-01,MED-015,LOC-003,30,318,1326.9,1336,328,0,0,2600,10.6,0.2397,125.1792,1.0,826800,3449940.0
2025-06-01,MED-015,LOC-004,30,242,1090.8,1046,239,0,0,2600,8.0667,0.2219,135.2231,1.0,629200,2836080.0
2025-06-01,MED-015,LOC-005,30,286,1218.0333,1249,283,0,0,2600,9.5333,0.2348,127.7657,1.0,743600,3166886.6667
2025-07-01,MED-001,LOC-001,31,2130,9744.0,10022,1943,0,0,450,68.7097,0.2186,141.8141,1.0,958500,4384800.0
2025-07-01,MED-001,LOC-002,31,1610,6623.5161,6695,1558,0,0,450,51.9355,0.2431,127.5335,1.0,724500,2980582.2581
2025-07-01,MED-001,LOC-003,31,1280,5042.6129,5177,1289,0,0,450,41.2903,0.2538,122.1258,1.0,576000,2269175.8065
2025-07-01,MED-001,LOC-004,31,995,4049.1935,3931,987,0,0,450,32.0968,0.2457,126.1558,1.0,447750,1822137.0968
2025-07-01,MED-001,LOC-005,31,1084,4825.6774,4764,1135,0,0,450,34.9677,0.2246,138.0037,1.0,487800,2171554.8387
2025-07-01,MED-002,LOC-001,31,1776,7971.6452,7512,1818,0,0,470,57.2903,0.2228,139.1447,1.0,834720,3746673.2258
2025-07-01,MED-002,LOC-002,31,1363,4946.1935,5089,1434,0,0,470,43.9677,0.2756,112.496,1.0,640610,2324710.9677
2025-07-01,MED-002,LOC-003,31,1095,4207.1613,4264,1079,0,0,470,35.3226,0.2603,119.1068,1.0,514650,1977365.8065
2025-07-01,MED-002,LOC-004,31,812,3911.0645,3753,856,0,0,470,26.1935,0.2076,149.314,1.0,381640,1838200.3226
2025-07-01,MED-002,LOC-005,31,959,4283.3871,4215,977,0,0,470,30.9355,0.2239,138.4619,1.0,450730,2013191.9355
2025-07-01,MED-003,LOC-001,31,1452,6478.4194,6780,1564,0,0,380,46.8387,0.2241,138.3134,1.0,551760,2461799.3548
2025-07-01,MED-003,LOC-002,31,1103,4570.3548,4612,1040,0,0,380,35.5806,0.2413,128.4506,1.0,419140,1736734.8387
2025-07-01,MED-003,LOC-003,31,842,3709.3871,3546,1566,0,0,380,27.1613,0.227,136.5689,1.0,319960,1409567.0968
2025-07-01,MED-003,LOC-004,31,630,2866.6774,2804,1288,0,0,380,20.3226,0.2198,141.0587,1.0,239400,1089337.4194
2025-07-01,MED-003,LOC-005,31,798,3169.0645,3336,1525,0,0,380,25.7419,0.2518,123.109,1.0,303240,1204244.5161
2025-07-01,MED-004,LOC-001,31,1161,5447.6774,5662,2139,0,0,520,37.4516,0.2131,145.4591,1.0,603720,2832792.2581
2025-07-01,MED-004,LOC-002,31,880,3792.0323,3807,914,0,0,520,28.3871,0.2321,133.583,1.0,457600,1971856.7742
2025-07-01,MED-004,LOC-003,31,702,3099.5806,3078,1476,0,0,520,22.6452,0.2265,136.8761,1.0,365040,1611781.9355
2025-07-01,MED-004,LOC-004,31,531,1622.4839,1679,516,0,0,520,17.129,0.3273,94.7213,1.0,276120,843691.6129
2025-07-01,MED-004,LOC-005,31,613,2305.0,2249,552,0,0,520,19.7742,0.2659,116.5661,1.0,318760,1198600.0
2025-07-01,MED-005,LOC-001,31,439,1628.3226,1351,441,0,0,2800,14.1613,0.2696,114.9841,1.0,1229200,4559303.2258
2025-07-01,MED-005,LOC-002,31,328,1365.7742,1217,359,0,0,2800,10.5806,0.2402,129.0823,1.0,918400,3824167.7419
2025-07-01,MED-005,LOC-003,31,253,937.7419,1079,542,0,0,2800,8.1613,0.2698,114.9012,1.0,708400,2625677.4194
2025-07-01,MED-005,LOC-004,31,192,750.0968,626,179,0,0,2800,6.1935,0.256,121.1094,1.0,537600,2100270.9677
2025-07-01,MED-005,LOC-005,31,231,890.7742,931,454,0,0,2800,7.4516,0.2593,119.5411,1.0,646800,2494167.7419
2025-07-01,MED-006,LOC-001,31,396,1621.8387,1840,822,0,0,2900,12.7742,0.2442,126.9621,1.0,1148400,4703332.2581
2025-07-01,MED-006,LOC-002,31,296,1161.9032,984,279,0,0,2900,9.5484,0.2548,121.6858,1.0,858400,3369519.3548
2025-07-01,MED-006,LOC-003,31,222,923.9032,796,226,0,0,2900,7.1613,0.2403,129.0135,1.0,643800,2679319.3548
2025-07-01,MED-006,LOC-004,31,176,790.1613,626,158,0,0,2900,5.6774,0.2227,139.1761,1.0,510400,2291467.7419
2025-07-01,MED-006,LOC-005,31,208,761.7097,648,216,0,0,2900,6.7097,0.2731,113.524,1.0,603200,2208958.0645
2025-07-01,MED-007,LOC-001,31,1544,6143.3226,5879,1597,0,0,650,49.8065,0.2513,123.3439,1.0,1003600,3993159.6774
2025-07-01,MED-007,LOC-002,31,1155,4970.4194,4698,1154,0,0,650,37.2581,0.2324,133.4052,1.0,750750,3230772.5806
2025-07-01,MED-007,LOC-003,31,937,4192.8387,3994,801,0,0,650,30.2258,0.2235,138.7172,1.0,609050,2725345.1613
2025-07-01,MED-007,LOC-004,31,694,3140.3548,2920,667,0,0,650,22.3871,0.221,140.2752,1.0,451100,2041230.6452
2025-07-01,MED-007,LOC-005,31,785,3359.129,3258,726,0,0,650,25.3226,0.2337,132.6535,1.0,510250,2183433.871
2025-07-01,MED-008,LOC-001,31,742,3153.3226,3002,676,0,0,1850,23.9355,0.2353,131.7426,1.0,1372700,5833646.7742
2025-07-01,MED-008,LOC-002,31,538,2284.4516,2230,528,0,0,1850,17.3548,0.2355,131.632,1.0,995300,4226235.4839
2025-07-01,MED-008,LOC-003,31,423,1971.0645,1935,439,0,0,1850,13.6452,0.2146,144.4515,1.0,782550,3646469.3548
2025-07-01,MED-008,LOC-004,31,323,1211.0645,1250,304,0,0,1850,10.4194,0.2667,116.2322,1.0,597550,2240469.3548
2025-07-01,MED-008,LOC-005,31,382,1580.8387,1585,381,0,0,1850,12.3226,0.2416,128.288,1.0,706700,2924551.6129
2025-07-01,MED-009,LOC-001,31,1949,8519.1613,7975,2030,0,0,1200,62.871,0.2288,135.5023,1.0,2338800,10222993.5484
2025-07-01,MED-009,LOC-002,31,1482,6008.0,5634,1366,0,0,1200,47.8065,0.2467,125.6734,1.0,1778400,7209600.0
2025-07-01,MED-009,LOC-003,31,1148,5834.1613,5969,1254,0,0,1200,37.0323,0.1968,157.5427,1.0,1377600,7000993.5484
2025-07-01,MED-009,LOC-004,31,885,3934.1613,3935,947,0,0,1200,28.5484,0.225,137.8068,1.0,1062000,4720993.5484
2025-07-01,MED-009,LOC-005,31,998,3720.871,3813,1035,0,0,1200,32.1935,0.2682,115.5782,1.0,1197600,4465045.1613
2025-07-01,MED-010,LOC-001,31,1073,4895.2903,5048,1001,0,0,950,34.6129,0.2192,141.4296,1.0,1019350,4650525.8065
2025-07-01,MED-010,LOC-002,31,786,3722.6129,3855,1746,0,0,950,25.3548,0.2111,146.8206,1.0,746700,3536482.2581
2025-07-01,MED-010,LOC-003,31,633,2154.4516,1698,0,0,0,950,20.4194,0.2938,105.5103,1.0,601350,2046729.0323
2025-07-01,MED-010,LOC-004,31,477,1797.0323,1911,1030,0,0,950,15.3871,0.2654,116.7883,1.0,453150,1707180.6452
2025-07-01,MED-010,LOC-005,31,556,2331.4516,1853,522,0,0,950,17.9355,0.2385,129.991,1.0,528200,2214879.0323
2025-07-01,MED-011,LOC-001,31,964,3459.0968,3573,1864,0,0,900,31.0968,0.2787,111.2365,1.0,867600,3113187.0968
2025-07-01,MED-011,LOC-002,31,753,2919.1613,3149,1523,0,0,900,24.2903,0.258,120.178,1.0,677700,2627245.1613
2025-07-01,MED-011,LOC-003,31,568,2108.9355,1753,519,0,0,900,18.3226,0.2693,115.1004,1.0,511200,1898041.9355
2025-07-01,MED-011,LOC-004,31,443,1730.1613,1487,481,0,0,900,14.2903,0.256,121.0722,1.0,398700,1557145.1613
2025-07-01,MED-011,LOC-005,31,501,2020.0,1670,508,0,0,900,16.1613,0.248,124.99,1.0,450900,1818000.0
2025-07-01,MED-012,LOC-001,31,832,3493.0,3712,926,0,0,3500,26.8387,0.2382,130.1478,1.0,2912000,12225500.0
2025-07-01,MED-012,LOC-002,31,669,2787.9677,2902,1398,0,0,3500,21.5806,0.24,129.1883,1.0,2341500,9757887.0968
2025-07-01,MED-012,LOC-003,31,507,1965.3226,1535,0,0,0,3500,16.3548,0.258,120.1677,1.0,1774500,6878629.0323
2025-07-01,MED-012,LOC-004,31,387,1305.6129,1096,362,0,0,3500,12.4839,0.2964,104.584,1.0,1354500,4569645.1613
2025-07-01,MED-012,LOC-005,31,448,1643.8065,1750,848,0,0,3500,14.4516,0.2725,113.7455,1.0,1568000,5753322.5806
2025-07-01,MED-013,LOC-001,31,772,3357.2581,3481,1556,0,0,2100,24.9032,0.2299,134.8122,1.0,1621200,7050241.9355
2025-07-01,MED-013,LOC-002,31,576,2648.0645,2764,1199,0,0,2100,18.5806,0.2175,142.5174,1.0,1209600,5560935.4839
2025-07-01,MED-013,LOC-003,31,466,1940.7097,2022,414,0,0,2100,15.0323,0.2401,129.103,1.0,978600,4075490.3226
2025-07-01,MED-013,LOC-004,31,348,1438.6774,1155,353,0,0,2100,11.2258,0.2419,128.158,1.0,730800,3021222.5806
2025-07-01,MED-013,LOC-005,31,399,1738.4516,1671,779,0,0,2100,12.871,0.2295,135.0677,1.0,837900,3650748.3871
2025-07-01,MED-014,LOC-001,31,486,2094.2581,2201,493,0,0,4200,15.6774,0.2321,133.5844,1.0,2041200,8795883.871
2025-07-01,MED-014,LOC-002,31,363,1800.8387,1762,357,0,0,4200,11.7097,0.2016,153.7906,1.0,1524600,7563522.5806
2025-07-01,MED-014,LOC-003,31,282,1314.3226,1238,262,0,0,4200,9.0968,0.2146,144.4823,1.0,1184400,5520154.8387
2025-07-01,MED-014,LOC-004,31,211,844.129,774,189,0,0,4200,6.8065,0.25,124.019,1.0,886200,3545341.9355
2025-07-01,MED-014,LOC-005,31,245,1103.9677,1106,273,0,0,4200,7.9032,0.2219,139.6857,1.0,1029000,4636664.5161
2025-07-01,MED-015,LOC-001,31,586,2244.1613,2327,623,0,0,2600,18.9032,0.2611,118.7184,1.0,1523600,5834819.3548
2025-07-01,MED-015,LOC-002,31,437,1698.3548,1653,410,0,0,2600,14.0968,0.2573,120.4783,1.0,1136200,4415722.5806
2025-07-01,MED-015,LOC-003,31,324,1380.6774,1332,336,0,0,2600,10.4516,0.2347,132.1019,1.0,842400,3589761.2903
2025-07-01,MED-015,LOC-004,31,256,1069.2258,1132,281,0,0,2600,8.2581,0.2394,129.4766,1.0,665600,2779987.0968
2025-07-01,MED-015,LOC-005,31,306,1230.5161,1195,303,0,0,2600,9.871,0.2487,124.6601,1.0,795600,3199341.9355
2025-08-01,MED-001,LOC-001,31,2017,10244.7097,9651,2123,0,0,450,65.0645,0.1969,157.4546,1.0,907650,4610119.3548
2025-08-01,MED-001,LOC-002,31,1592,6588.9355,6197,1454,0,0,450,51.3548,0.2416,128.3021,1.0,716400,2965020.9677
2025-08-01,MED-001,LOC-003,31,1192,5170.7742,4782,1166,0,0,450,38.4516,0.2305,134.4748,1.0,536400,2326848.3871
2025-08-01,MED-001,LOC-004,31,877,4207.2581,4161,849,0,0,450,28.2903,0.2084,148.7172,1.0,394650,1893266.129
2025-08-01,MED-001,LOC-005,31,1093,4962.2258,4949,1056,0,0,450,35.2581,0.2203,140.7402,1.0,491850,2233001.6129
2025-08-01,MED-002,LOC-001,31,1744,8213.5484,8043,2032,0,0,470,56.2581,0.2123,145.9977,1.0,819680,3860367.7419
2025-08-01,MED-002,LOC-002,31,1348,5053.3226,5176,1432,0,0,470,43.4839,0.2668,116.2114,1.0,633560,2375061.6129
2025-08-01,MED-002,LOC-003,31,1066,4297.7742,4229,1074,0,0,470,34.3871,0.248,124.9822,1.0,501020,2019953.871
2025-08-01,MED-002,LOC-004,31,782,4011.0323,4010,799,0,0,470,25.2258,0.195,159.0051,1.0,367540,1885185.1613
2025-08-01,MED-002,LOC-005,31,902,4423.6774,4359,851,0,0,470,29.0968,0.2039,152.0333,1.0,423940,2079128.3871
2025-08-01,MED-003,LOC-001,31,1391,6732.2258,6525,1336,0,0,380,44.871,0.2066,150.0352,1.0,528580,2558245.8065
2025-08-01,MED-003,LOC-002,31,1048,4618.3871,4418,1027,0,0,380,33.8065,0.2269,136.6126,1.0,398240,1754987.0968
2025-08-01,MED-003,LOC-003,31,781,3741.9355,3595,807,0,0,380,25.1935,0.2087,148.5275,1.0,296780,1421935.4839
2025-08-01,MED-003,LOC-004,31,618,3028.6774,2961,575,0,0,380,19.9355,0.204,151.9239,1.0,234840,1150897.4194
2025-08-01,MED-003,LOC-005,31,692,3332.3548,3080,635,0,0,380,22.3226,0.2077,149.2818,1.0,262960,1266294.8387
2025-08-01,MED-004,LOC-001,31,1103,5507.5806,5154,1031,0,0,520,35.5806,0.2003,154.7915,1.0,573560,2863941.9355
2025-08-01,MED-004,LOC-002,31,818,3990.3548,3845,886,0,0,520,26.3871,0.205,151.2237,1.0,425360,2074984.5161
2025-08-01,MED-004,LOC-003,31,649,3262.0323,3097,725,0,0,520,20.9355,0.199,155.8136,1.0,337480,1696256.7742
2025-08-01,MED-004,LOC-004,31,481,1668.7097,1722,532,0,0,520,15.5161,0.2882,107.5468,1.0,250120,867729.0323
2025-08-01,MED-004,LOC-005,31,570,2370.4516,2268,541,0,0,520,18.3871,0.2405,128.9193,1.0,296400,1232634.8387
2025-08-01,MED-005,LOC-001,31,409,1714.9677,1909,912,0,0,2800,13.1935,0.2385,129.9853,1.0,1145200,4801909.6774
2025-08-01,MED-005,LOC-002,31,315,1504.3548,1603,672,0,0,2800,10.1613,0.2094,148.0476,1.0,882000,4212193.5484
2025-08-01,MED-005,LOC-003,31,240,990.7419,841,0,0,0,2800,7.7419,0.2422,127.9708,1.0,672000,2774077.4194
2025-08-01,MED-005,LOC-004,31,187,762.0323,835,396,0,0,2800,6.0323,0.2454,126.3262,1.0,523600,2133690.3226
2025-08-01,MED-005,LOC-005,31,205,941.6129,957,241,0,0,2800,6.6129,0.2177,142.3902,1.0,574000,2636516.129
2025-08-01,MED-006,LOC-001,31,369,1775.3548,1773,376,0,0,2900,11.9032,0.2078,149.1491,1.0,1070100,5148529.0323
2025-08-01,MED-006,LOC-002,31,282,1289.0968,1336,641,0,0,2900,9.0968,0.2188,141.7092,1.0,817800,3738380.6452
2025-08-01,MED-006,LOC-003,31,213,957.3226,988,489,0,0,2900,6.871,0.2225,139.3286,1.0,617700,2776235.4839
2025-08-01,MED-006,LOC-004,31,165,791.4516,804,334,0,0,2900,5.3226,0.2085,148.697,1.0,478500,2295209.6774
2025-08-01,MED-006,LOC-005,31,188,803.1935,658,225,0,0,2900,6.0645,0.2341,132.4415,1.0,545200,2329261.2903
2025-08-01,MED-007,LOC-001,31,1442,6286.2903,5854,1442,0,0,650,46.5161,0.2294,135.1422,1.0,937300,4086088.7097
2025-08-01,MED-007,LOC-002,31,1121,5053.3871,4926,1096,0,0,650,36.1613,0.2218,139.7458,1.0,728650,3284701.6129
2025-08-01,MED-007,LOC-003,31,870,4133.0968,3988,825,0,0,650,28.0645,0.2105,147.2713,1.0,565500,2686512.9032
2025-08-01,MED-007,LOC-004,31,675,3238.0323,3055,751,0,0,650,21.7742,0.2085,148.7096,1.0,438750,2104720.9677
2025-08-01,MED-007,LOC-005,31,764,3445.9355,3304,841,0,0,650,24.6452,0.2217,139.822,1.0,496600,2239858.0645
2025-08-01,MED-008,LOC-001,31,665,3206.8065,3069,665,0,0,1850,21.4516,0.2074,149.4902,1.0,1230250,5932591.9355
2025-08-01,MED-008,LOC-002,31,532,2341.5161,2275,567,0,0,1850,17.1613,0.2272,136.4417,1.0,984200,4331804.8387
2025-08-01,MED-008,LOC-003,31,400,1992.6774,2001,465,0,0,1850,12.9032,0.2007,154.4325,1.0,740000,3686453.2258
2025-08-01,MED-008,LOC-004,31,311,1261.1613,1205,304,0,0,1850,10.0323,0.2466,125.7106,1.0,575350,2333148.3871
2025-08-01,MED-008,LOC-005,31,353,1643.6774,1641,399,0,0,1850,11.3871,0.2148,144.3456,1.0,653050,3040803.2258
2025-08-01,MED-009,LOC-001,31,1869,8815.9032,8804,2146,0,0,1200,60.2903,0.212,146.2242,1.0,2242800,10579083.871
2025-08-01,MED-009,LOC-002,31,1412,6157.0,6171,1510,0,0,1200,45.5484,0.2293,135.1749,1.0,1694400,7388400.0
2025-08-01,MED-009,LOC-003,31,1100,5994.4839,5770,1100,0,0,1200,35.4839,0.1835,168.9355,1.0,1320000,7193380.6452
2025-08-01,MED-009,LOC-004,31,840,4034.4839,3816,834,0,0,1200,27.0968,0.2082,148.8917,1.0,1008000,4841380.6452
2025-08-01,MED-009,LOC-005,31,942,3940.2258,4035,1096,0,0,1200,30.3871,0.2391,129.6677,1.0,1130400,4728270.9677
2025-08-01,MED-010,LOC-001,31,998,4854.0,4898,973,0,0,950,32.1935,0.2056,150.7756,1.0,948100,4611300.0
2025-08-01,MED-010,LOC-002,31,758,4102.9677,4106,871,0,0,950,24.4516,0.1847,167.7995,1.0,720100,3897819.3548
2025-08-01,MED-010,LOC-003,31,587,2191.7419,2202,1196,0,0,950,18.9355,0.2678,115.7479,1.0,557650,2082154.8387
2025-08-01,MED-010,LOC-004,31,455,1956.6774,2027,520,0,0,950,14.6774,0.2325,133.3121,1.0,432250,1858843.5484
2025-08-01,MED-010,LOC-005,31,506,2399.3226,2380,1020,0,0,950,16.3226,0.2109,146.9941,1.0,480700,2279356.4516
2025-08-01,MED-011,LOC-001,31,912,3571.4839,3639,880,0,0,900,29.4194,0.2554,121.3991,1.0,820800,3214335.4839
2025-08-01,MED-011,LOC-002,31,707,3072.3226,3264,709,0,0,900,22.8065,0.2301,134.7129,1.0,636300,2765090.3226
2025-08-01,MED-011,LOC-003,31,535,2211.4516,2127,1085,0,0,900,17.2581,0.2419,128.1402,1.0,481500,1990306.4516
2025-08-01,MED-011,LOC-004,31,412,1883.5484,1966,903,0,0,900,13.2903,0.2187,141.7233,1.0,370800,1695193.5484
2025-08-01,MED-011,LOC-005,31,478,2015.3226,2104,954,0,0,900,15.4194,0.2372,130.7008,1.0,430200,1813790.3226
2025-08-01,MED-012,LOC-001,31,804,3715.871,3711,894,0,0,3500,25.9355,0.2164,143.2736,1.0,2814000,13005548.3871
2025-08-01,MED-012,LOC-002,31,611,3011.129,3074,707,0,0,3500,19.7097,0.2029,152.7741,1.0,2138500,10538951.6129
2025-08-01,MED-012,LOC-003,31,479,2076.7742,2076,950,0,0,3500,15.4516,0.2306,134.405,1.0,1676500,7268709.6774
2025-08-01,MED-012,LOC-004,31,365,1385.7419,1461,754,0,0,3500,11.7742,0.2634,117.6932,1.0,1277500,4850096.7742
2025-08-01,MED-012,LOC-005,31,435,1670.6774,1696,455,0,0,3500,14.0323,0.2604,119.0598,1.0,1522500,5847370.9677
2025-08-01,MED-013,LOC-001,31,742,3568.2581,3390,786,0,0,2100,23.9355,0.2079,149.0782,1.0,1558200,7493341.9355
2025-08-01,MED-013,LOC-002,31,549,2730.0323,2564,570,0,0,2100,17.7097,0.2011,154.1548,1.0,1152900,5733067.7419
2025-08-01,MED-013,LOC-003,31,435,1963.9355,1935,432,0,0,2100,14.0323,0.2215,139.9586,1.0,913500,4124264.5161
2025-08-01,MED-013,LOC-004,31,311,1545.4194,1498,695,0,0,2100,10.0323,0.2012,154.045,1.0,653100,3245380.6452
2025-08-01,MED-013,LOC-005,31,375,1695.2903,1775,360,0,0,2100,12.0968,0.2212,140.144,1.0,787500,3560109.6774
2025-08-01,MED-014,LOC-001,31,443,2218.7419,2223,463,0,0,4200,14.2903,0.1997,155.2619,1.0,1860600,9318716.129
2025-08-01,MED-014,LOC-002,31,337,1832.7419,1856,356,0,0,4200,10.871,0.1839,168.5905,1.0,1415400,7697516.129
2025-08-01,MED-014,LOC-003,31,267,1326.1935,1330,300,0,0,4200,8.6129,0.2013,153.9775,1.0,1121400,5570012.9032
2025-08-01,MED-014,LOC-004,31,210,850.7419,813,239,0,0,4200,6.7742,0.2468,125.5857,1.0,882000,3573116.129
2025-08-01,MED-014,LOC-005,31,237,1139.1613,1172,262,0,0,4200,7.6452,0.208,149.0042,1.0,995400,4784477.4194
2025-08-01,MED-015,LOC-001,31,554,2413.5806,2415,615,0,0,2600,17.871,0.2295,135.056,1.0,1440400,6275309.6774
2025-08-01,MED-015,LOC-002,31,423,1706.0968,1707,403,0,0,2600,13.6452,0.2479,125.0331,1.0,1099800,4435851.6129
2025-08-01,MED-015,LOC-003,31,320,1430.1935,1341,340,0,0,2600,10.3226,0.2237,138.55,1.0,832000,3718503.2258
2025-08-01,MED-015,LOC-004,31,255,1123.0,1104,261,0,0,2600,8.2258,0.2271,136.5216,1.0,663000,2919800.0
2025-08-01,MED-015,LOC-005,31,272,1272.3871,1250,300,0,0,2600,8.7742,0.2138,145.0147,1.0,707200,3308206.4516
2025-09-01,MED-001,LOC-001,30,2136,10430.6,10030,2116,0,0,450,71.2,0.2048,146.4972,1.0,961200,4693770.0
2025-09-01,MED-001,LOC-002,30,1648,6728.7333,6474,1686,0,0,450,54.9333,0.2449,122.4891,1.0,741600,3027930.0
2025-09-01,MED-001,LOC-003,30,1271,5336.8667,5253,1424,0,0,450,42.3667,0.2382,125.9685,1.0,571950,2401590.0
2025-09-01,MED-001,LOC-004,30,963,4173.2667,4044,1038,0,0,450,32.1,0.2308,130.0083,1.0,433350,1877970.0
2025-09-01,MED-001,LOC-005,30,1064,4974.5333,4534,1020,0,0,450,35.4667,0.2139,140.2594,1.0,478800,2238540.0
2025-09-01,MED-002,LOC-001,30,1901,8668.9333,8621,2096,0,0,470,63.3667,0.2193,136.8059,1.0,893470,4074398.6667
2025-09-01,MED-002,LOC-002,30,1368,5273.9,5222,1379,0,0,470,45.6,0.2594,115.6557,1.0,642960,2478733.0
2025-09-01,MED-002,LOC-003,30,1106,4335.4333,4054,1086,0,0,470,36.8667,0.2551,117.5976,1.0,519820,2037653.6667
2025-09-01,MED-002,LOC-004,30,797,4050.5667,3878,827,0,0,470,26.5667,0.1968,152.468,1.0,374590,1903766.3333
2025-09-01,MED-002,LOC-005,30,941,4554.3667,4137,975,0,0,470,31.3667,0.2066,145.1977,1.0,442270,2140552.3333
2025-09-01,MED-003,LOC-001,30,1487,6814.6333,6578,1421,0,0,380,49.5667,0.2182,137.4842,1.0,565060,2589560.6667
2025-09-01,MED-003,LOC-002,30,1085,4507.9,4410,1106,0,0,380,36.1667,0.2407,124.6424,1.0,412300,1713002.0
2025-09-01,MED-003,LOC-003,30,832,3781.9,3572,791,0,0,380,27.7333,0.22,136.3666,1.0,316160,1437122.0
2025-09-01,MED-003,LOC-004,30,621,2900.0,2918,610,0,0,380,20.7,0.2141,140.0966,1.0,235980,1102000.0
2025-09-01,MED-003,LOC-005,30,728,3313.9667,3229,733,0,0,380,24.2667,0.2197,136.5646,1.0,276640,1259307.3333
2025-09-01,MED-004,LOC-001,30,1152,5601.5333,5222,1088,0,0,520,38.4,0.2057,145.8733,1.0,599040,2912797.3333
2025-09-01,MED-004,LOC-002,30,876,4018.1333,4083,869,0,0,520,29.2,0.218,137.6073,1.0,455520,2089429.3333
2025-09-01,MED-004,LOC-003,30,652,3320.7333,3237,625,0,0,520,21.7333,0.1963,152.7945,1.0,339040,1726781.3333
2025-09-01,MED-004,LOC-004,30,496,1680.6,1635,474,0,0,520,16.5333,0.2951,101.6492,1.0,257920,873912.0
2025-09-01,MED-004,LOC-005,30,598,2329.5667,2292,610,0,0,520,19.9333,0.2567,116.8679,1.0,310960,1211374.6667
2025-09-01,MED-005,LOC-001,30,442,1815.2,1931,465,0,0,2800,14.7333,0.2435,123.2036,1.0,1237600,5082560.0
2025-09-01,MED-005,LOC-002,30,329,1543.2333,1506,365,0,0,2800,10.9667,0.2132,140.7204,1.0,921200,4321053.3333
2025-09-01,MED-005,LOC-003,30,257,1098.3333,1110,573,0,0,2800,8.5667,0.234,128.2101,1.0,719600,3075333.3333
2025-09-01,MED-005,LOC-004,30,189,805.4667,846,210,0,0,2800,6.3,0.2346,127.8519,1.0,529200,2255306.6667
2025-09-01,MED-005,LOC-005,30,226,965.8333,1011,226,0,0,2800,7.5333,0.234,128.208,1.0,632800,2704333.3333
2025-09-01,MED-006,LOC-001,30,389,1777.8667,1902,425,0,0,2900,12.9667,0.2188,137.1105,1.0,1128100,5155813.3333
2025-09-01,MED-006,LOC-002,30,289,1335.5333,1269,291,0,0,2900,9.6333,0.2164,138.6367,1.0,838100,3873046.6667
2025-09-01,MED-006,LOC-003,30,228,1030.1,1013,215,0,0,2900,7.6,0.2213,135.5395,1.0,661200,2987290.0
2025-09-01,MED-006,LOC-004,30,166,802.5667,822,158,0,0,2900,5.5333,0.2068,145.0422,1.0,481400,2327443.3333
2025-09-01,MED-006,LOC-005,30,193,839.6,827,405,0,0,2900,6.4333,0.2299,130.5078,1.0,559700,2434840.0
2025-09-01,MED-007,LOC-001,30,1495,6292.5333,5628,1414,0,0,650,49.8333,0.2376,126.2716,1.0,971750,4090146.6667
2025-09-01,MED-007,LOC-002,30,1185,5082.9667,4971,1162,0,0,650,39.5,0.2331,128.6827,1.0,770250,3303928.3333
2025-09-01,MED-007,LOC-003,30,894,4185.0667,3898,957,0,0,650,29.8,0.2136,140.4385,1.0,581100,2720293.3333
2025-09-01,MED-007,LOC-004,30,684,3358.5333,3139,641,0,0,650,22.8,0.2037,147.3041,1.0,444600,2183046.6667
2025-09-01,MED-007,LOC-005,30,782,3604.5,3435,746,0,0,650,26.0667,0.217,138.2801,1.0,508300,2342925.0
2025-09-01,MED-008,LOC-001,30,730,3275.7667,3208,837,0,0,1850,24.3333,0.2228,134.6205,1.0,1350500,6060168.3333
2025-09-01,MED-008,LOC-002,30,546,2366.2667,2244,562,0,0,1850,18.2,0.2307,130.0147,1.0,1010100,4377593.3333
2025-09-01,MED-008,LOC-003,30,427,2075.0,2017,424,0,0,1850,14.2333,0.2058,145.7845,1.0,789950,3838750.0
2025-09-01,MED-008,LOC-004,30,312,1260.2667,1190,347,0,0,1850,10.4,0.2476,121.1795,1.0,577200,2331493.3333
2025-09-01,MED-008,LOC-005,30,378,1692.6333,1648,407,0,0,1850,12.6,0.2233,134.336,1.0,699300,3131371.6667
2025-09-01,MED-009,LOC-001,30,1854,9187.9333,8852,1858,0,0,1200,61.8,0.2018,148.6721,1.0,2224800,11025520.0
2025-09-01,MED-009,LOC-002,30,1415,6511.3,6244,1657,0,0,1200,47.1667,0.2173,138.0488,1.0,1698000,7813560.0
2025-09-01,MED-009,LOC-003,30,1141,6116.8667,5733,1261,0,0,1200,38.0333,0.1865,160.8291,1.0,1369200,7340240.0
2025-09-01,MED-009,LOC-004,30,832,4125.8333,3870,886,0,0,1200,27.7333,0.2017,148.768,1.0,998400,4951000.0
2025-09-01,MED-009,LOC-005,30,970,4086.9333,3722,961,0,0,1200,32.3333,0.2373,126.4,1.0,1164000,4904320.0
2025-09-01,MED-010,LOC-001,30,1064,4933.1333,4689,1003,0,0,950,35.4667,0.2157,139.0921,1.0,1010800,4686476.6667
2025-09-01,MED-010,LOC-002,30,792,4108.3333,4192,883,0,0,950,26.4,0.1928,155.6187,1.0,752400,3902916.6667
2025-09-01,MED-010,LOC-003,30,626,2236.0333,2159,610,0,0,950,20.8667,0.28,107.1581,1.0,594700,2124231.6667
2025-09-01,MED-010,LOC-004,30,475,1975.1,2165,539,0,0,950,15.8333,0.2405,124.7432,1.0,451250,1876345.0
2025-09-01,MED-010,LOC-005,30,533,2339.5,2397,587,0,0,950,17.7667,0.2278,131.6792,1.0,506350,2222525.0
2025-09-01,MED-011,LOC-001,30,974,3637.6667,3771,1061,0,0,900,32.4667,0.2678,112.0431,1.0,876600,3273900.0
2025-09-01,MED-011,LOC-002,30,731,3207.4333,3295,766,0,0,900,24.3667,0.2279,131.632,1.0,657900,2886690.0
2025-09-01,MED-011,LOC-003,30,555,2183.8,2265,630,0,0,900,18.5,0.2541,118.0432,1.0,499500,1965420.0
2025-09-01,MED-011,LOC-004,30,423,1865.4667,2002,471,0,0,900,14.1,0.2268,132.3026,1.0,380700,1678920.0
2025-09-01,MED-011,LOC-005,30,499,2141.2667,2239,551,0,0,900,16.6333,0.233,128.7335,1.0,449100,1927140.0
2025-09-01,MED-012,LOC-001,30,873,3937.2333,3771,978,0,0,3500,29.1,0.2217,135.3001,1.0,3055500,13780316.6667
2025-09-01,MED-012,LOC-002,30,653,3103.5333,2908,607,0,0,3500,21.7667,0.2104,142.5819,1.0,2285500,10862366.6667
2025-09-01,MED-012,LOC-003,30,508,2045.9333,2012,505,0,0,3500,16.9333,0.2483,120.8228,1.0,1778000,7160766.6667
2025-09-01,MED-012,LOC-004,30,371,1440.4333,1470,416,0,0,3500,12.3667,0.2576,116.4771,1.0,1298500,5041516.6667
2025-09-01,MED-012,LOC-005,30,445,1697.0667,1739,507,0,0,3500,14.8333,0.2622,114.409,1.0,1557500,5939733.3333
2025-09-01,MED-013,LOC-001,30,773,3728.9667,3608,895,0,0,2100,25.7667,0.2073,144.7206,1.0,1623300,7830830.0
2025-09-01,MED-013,LOC-002,30,590,2650.0,2537,537,0,0,2100,19.6667,0.2226,134.7458,1.0,1239000,5565000.0
2025-09-01,MED-013,LOC-003,30,467,2002.2333,2020,524,0,0,2100,15.5667,0.2332,128.6231,1.0,980700,4204690.0
2025-09-01,MED-013,LOC-004,30,337,1570.9333,1552,365,0,0,2100,11.2333,0.2145,139.8457,1.0,707700,3298960.0
2025-09-01,MED-013,LOC-005,30,390,1716.2,1813,445,0,0,2100,13.0,0.2272,132.0154,1.0,819000,3604020.0
2025-09-01,MED-014,LOC-001,30,484,2274.1333,2251,502,0,0,4200,16.1333,0.2128,140.9587,1.0,2032800,9551360.0
2025-09-01,MED-014,LOC-002,30,345,1922.5667,1868,357,0,0,4200,11.5,0.1794,167.1797,1.0,1449000,8074780.0
2025-09-01,MED-014,LOC-003,30,273,1375.7333,1254,264,0,0,4200,9.1,0.1984,151.1795,1.0,1146600,5778080.0
2025-09-01,MED-014,LOC-004,30,214,868.3,844,236,0,0,4200,7.1333,0.2465,121.7243,1.0,898800,3646860.0
2025-09-01,MED-014,LOC-005,30,245,1199.9667,1117,260,0,0,4200,8.1667,0.2042,146.9347,1.0,1029000,5039860.0
2025-09-01,MED-015,LOC-001,30,585,2463.4667,2459,619,0,0,2600,19.5,0.2375,126.3316,1.0,1521000,6405013.3333
2025-09-01,MED-015,LOC-002,30,427,1747.5333,1695,419,0,0,2600,14.2333,0.2443,122.7775,1.0,1110200,4543586.6667
2025-09-01,MED-015,LOC-003,30,344,1453.9,1405,327,0,0,2600,11.4667,0.2366,126.7936,1.0,894400,3780140.0
2025-09-01,MED-015,LOC-004,30,253,1170.1,1095,258,0,0,2600,8.4333,0.2162,138.747,1.0,657800,3042260.0
2025-09-01,MED-015,LOC-005,30,294,1298.1333,1224,299,0,0,2600,9.8,0.2265,132.4626,1.0,764400,3375146.6667
2025-10-01,MED-001,LOC-001,31,2280,10550.3871,9792,2093,0,0,450,73.5484,0.2161,143.4482,1.0,1026000,4747674.1935
2025-10-01,MED-001,LOC-002,31,1739,6895.2903,6282,1649,0,0,450,56.0968,0.2522,122.9178,1.0,782550,3102880.6452
2025-10-01,MED-001,LOC-003,31,1334,5498.9677,5314,1417,0,0,450,43.0323,0.2426,127.7871,1.0,600300,2474535.4839
2025-10-01,MED-001,LOC-004,31,1027,4346.3226,3893,985,0,0,450,33.129,0.2363,131.1938,1.0,462150,1955845.1613
2025-10-01,MED-001,LOC-005,31,1183,5204.5161,4631,1241,0,0,450,38.1613,0.2273,136.3821,1.0,532350,2342032.2581
2025-10-01,MED-002,LOC-001,31,1935,8738.7742,8664,1931,0,0,470,62.4194,0.2214,140.001,1.0,909450,4107223.871
2025-10-01,MED-002,LOC-002,31,1395,5388.8387,4975,1368,0,0,470,45.0,0.2589,119.752,1.0,655650,2532754.1935
2025-10-01,MED-002,LOC-003,31,1083,4456.6452,4120,1059,0,0,470,34.9355,0.243,127.5679,1.0,509010,2094623.2258
2025-10-01,MED-002,LOC-004,31,848,4142.3871,4040,910,0,0,470,27.3548,0.2047,151.4316,1.0,398560,1946921.9355
2025-10-01,MED-002,LOC-005,31,973,4527.3548,4244,1041,0,0,470,31.3871,0.2149,144.2425,1.0,457310,2127856.7742
2025-10-01,MED-003,LOC-001,31,1513,6907.0645,6552,1395,0,0,380,48.8065,0.2191,141.5195,1.0,574940,2624684.5161
2025-10-01,MED-003,LOC-002,31,1155,4596.9677,4680,1142,0,0,380,37.2581,0.2513,123.3818,1.0,438900,1746847.7419
2025-10-01,MED-003,LOC-003,31,905,3919.0968,3603,880,0,0,380,29.1935,0.2309,134.2453,1.0,343900,1489256.7742
2025-10-01,MED-003,LOC-004,31,665,2942.3548,2797,642,0,0,380,21.4516,0.226,137.1624,1.0,252700,1118094.8387
2025-10-01,MED-003,LOC-005,31,785,3367.6129,3138,829,0,0,380,25.3226,0.2331,132.9885,1.0,298300,1279692.9032
2025-10-01,MED-004,LOC-001,31,1164,5610.2581,5537,1239,0,0,520,37.5484,0.2075,149.4141,1.0,605280,2917334.1935
2025-10-01,MED-004,LOC-002,31,920,4053.4516,4219,1030,0,0,520,29.6774,0.227,136.5837,1.0,478400,2107794.8387
2025-10-01,MED-004,LOC-003,31,697,3402.2581,3331,727,0,0,520,22.4839,0.2049,151.3199,1.0,362440,1769174.1935
2025-10-01,MED-004,LOC-004,31,554,1792.7097,1652,545,0,0,520,17.871,0.309,100.3141,1.0,288080,932209.0323
2025-10-01,MED-004,LOC-005,31,639,2317.871,2295,570,0,0,520,20.6129,0.2757,112.4476,1.0,332280,1205292.9032
2025-10-01,MED-005,LOC-001,31,453,1836.1613,1959,481,0,0,2800,14.6129,0.2467,125.6534,1.0,1268400,5141251.6129
2025-10-01,MED-005,LOC-002,31,351,1570.3226,1626,348,0,0,2800,11.3226,0.2235,138.6895,1.0,982800,4396903.2258
2025-10-01,MED-005,LOC-003,31,267,1106.9355,1040,247,0,0,2800,8.6129,0.2412,128.5206,1.0,747600,3099419.3548
2025-10-01,MED-005,LOC-004,31,196,857.871,860,213,0,0,2800,6.3226,0.2285,135.6837,1.0,548800,2402038.7097
2025-10-01,MED-005,LOC-005,31,237,999.4839,1029,248,0,0,2800,7.6452,0.2371,130.7342,1.0,663600,2798554.8387
2025-10-01,MED-006,LOC-001,31,391,1809.871,1838,373,0,0,2900,12.6129,0.216,143.4936,1.0,1133900,5248625.8065
2025-10-01,MED-006,LOC-002,31,302,1314.2258,1363,308,0,0,2900,9.7419,0.2298,134.904,1.0,875800,3811254.8387
2025-10-01,MED-006,LOC-003,31,241,1033.3548,977,227,0,0,2900,7.7742,0.2332,132.9212,1.0,698900,2996729.0323
2025-10-01,MED-006,LOC-004,31,179,808.8065,754,161,0,0,2900,5.7742,0.2213,140.0726,1.0,519100,2345538.7097
2025-10-01,MED-006,LOC-005,31,206,860.2258,818,192,0,0,2900,6.6452,0.2395,129.4515,1.0,597400,2494654.8387
2025-10-01,MED-007,LOC-001,31,1644,6324.3226,5615,1540,0,0,650,53.0323,0.2599,119.2543,1.0,1068600,4110809.6774
2025-10-01,MED-007,LOC-002,31,1211,5194.9032,4863,1141,0,0,650,39.0645,0.2331,132.9827,1.0,787150,3376687.0968
2025-10-01,MED-007,LOC-003,31,917,4394.6774,3940,942,0,0,650,29.5806,0.2087,148.566,1.0,596050,2856540.3226
2025-10-01,MED-007,LOC-004,31,676,3334.8065,3115,683,0,0,650,21.8065,0.2027,152.9275,1.0,439400,2167624.1935
2025-10-01,MED-007,LOC-005,31,840,3635.5484,3329,862,0,0,650,27.0968,0.2311,134.169,1.0,546000,2363106.4516
2025-10-01,MED-008,LOC-001,31,769,3395.8387,3100,727,0,0,1850,24.8065,0.2265,136.8934,1.0,1422650,6282301.6129
2025-10-01,MED-008,LOC-002,31,573,2524.4839,2337,580,0,0,1850,18.4839,0.227,136.5777,1.0,1060050,4670295.1613
2025-10-01,MED-008,LOC-003,31,457,2055.2903,1979,419,0,0,1850,14.7419,0.2224,139.4179,1.0,845450,3802287.0968
2025-10-01,MED-008,LOC-004,31,357,1325.871,1217,392,0,0,1850,11.5161,0.2693,115.1317,1.0,660450,2452861.2903
2025-10-01,MED-008,LOC-005,31,388,1763.3548,1644,364,0,0,1850,12.5161,0.22,140.8866,1.0,717800,3262206.4516
2025-10-01,MED-009,LOC-001,31,2035,9239.5806,8576,2032,0,0,1200,65.6452,0.2202,140.7504,1.0,2442000,11087496.7742
2025-10-01,MED-009,LOC-002,31,1530,6776.2258,6151,1604,0,0,1200,49.3548,0.2258,137.2961,1.0,1836000,8131470.9677
2025-10-01,MED-009,LOC-003,31,1124,6315.2258,5968,1089,0,0,1200,36.2581,0.178,174.1744,1.0,1348800,7578270.9677
2025-10-01,MED-009,LOC-004,31,863,4187.8065,3696,798,0,0,1200,27.8387,0.2061,150.4311,1.0,1035600,5025367.7419
2025-10-01,MED-009,LOC-005,31,1054,4226.7742,3918,1065,0,0,1200,34.0,0.2494,124.3169,1.0,1264800,5072129.0323
2025-10-01,MED-010,LOC-001,31,1123,4917.0645,4650,1018,0,0,950,36.2258,0.2284,135.7337,1.0,1066850,4671211.2903
2025-10-01,MED-010,LOC-002,31,823,4293.5161,4153,789,0,0,950,26.5484,0.1917,161.7242,1.0,781850,4078840.3226
2025-10-01,MED-010,LOC-003,31,641,2354.7419,2300,671,0,0,950,20.6774,0.2722,113.8799,1.0,608950,2237004.8387
2025-10-01,MED-010,LOC-004,31,496,2131.9355,2135,514,0,0,950,16.0,0.2327,133.246,1.0,471200,2025338.7097
2025-10-01,MED-010,LOC-005,31,581,2443.9355,2346,555,0,0,950,18.7419,0.2377,130.3993,1.0,551950,2321738.7097
2025-10-01,MED-011,LOC-001,31,1015,3801.871,3893,1142,0,0,900,32.7419,0.267,116.1163,1.0,913500,3421683.871
2025-10-01,MED-011,LOC-002,31,751,3411.0968,3222,841,0,0,900,24.2258,0.2202,140.8043,1.0,675900,3069987.0968
2025-10-01,MED-011,LOC-003,31,590,2388.7419,2233,567,0,0,900,19.0323,0.247,125.5102,1.0,531000,2149867.7419
2025-10-01,MED-011,LOC-004,31,452,2035.4839,1910,415,0,0,900,14.5806,0.2221,139.6018,1.0,406800,1831935.4839
2025-10-01,MED-011,LOC-005,31,532,2184.4839,2212,492,0,0,900,17.1613,0.2435,127.2914,1.0,478800,1966035.4839
2025-10-01,MED-012,LOC-001,31,922,3928.6129,3672,854,0,0,3500,29.7419,0.2347,132.09,1.0,3227000,13750145.1613
2025-10-01,MED-012,LOC-002,31,707,3202.1613,2932,730,0,0,3500,22.8065,0.2208,140.4059,1.0,2474500,11207564.5161
2025-10-01,MED-012,LOC-003,31,544,2061.7097,1963,512,0,0,3500,17.5484,0.2639,117.4871,1.0,1904000,7215983.871
2025-10-01,MED-012,LOC-004,31,402,1504.0645,1462,406,0,0,3500,12.9677,0.2673,115.9851,1.0,1407000,5264225.8065
2025-10-01,MED-012,LOC-005,31,445,1782.4516,1663,425,0,0,3500,14.3548,0.2497,124.1708,1.0,1557500,6238580.6452
2025-10-01,MED-013,LOC-001,31,800,3724.129,3775,817,0,0,2100,25.8065,0.2148,144.31,1.0,1680000,7820670.9677
2025-10-01,MED-013,LOC-002,31,603,2755.3226,2711,568,0,0,2100,19.4516,0.2188,141.6501,1.0,1266300,5786177.4194
2025-10-01,MED-013,LOC-003,31,481,2066.6774,1895,447,0,0,2100,15.5161,0.2327,133.1954,1.0,1010100,4340022.5806
2025-10-01,MED-013,LOC-004,31,365,1640.9032,1463,330,0,0,2100,11.7742,0.2224,139.3644,1.0,766500,3445896.7742
2025-10-01,MED-013,LOC-005,31,410,1824.4516,1701,377,0,0,2100,13.2258,0.2247,137.9463,1.0,861000,3831348.3871
2025-10-01,MED-014,LOC-001,31,495,2282.7419,2244,487,0,0,4200,15.9677,0.2168,142.9596,1.0,2079000,9587516.129
2025-10-01,MED-014,LOC-002,31,364,1946.0323,1864,366,0,0,4200,11.7419,0.187,165.7335,1.0,1528800,8173335.4839
2025-10-01,MED-014,LOC-003,31,293,1418.0645,1282,297,0,0,4200,9.4516,0.2066,150.0341,1.0,1230600,5955870.9677
2025-10-01,MED-014,LOC-004,31,216,950.6129,871,236,0,0,4200,6.9677,0.2272,136.4306,1.0,907200,3992574.1935
2025-10-01,MED-014,LOC-005,31,259,1226.9677,1107,271,0,0,4200,8.3548,0.2111,146.8571,1.0,1087800,5153264.5161
2025-10-01,MED-015,LOC-001,31,595,2589.871,2277,616,0,0,2600,19.1935,0.2297,134.9345,1.0,1547000,6733664.5161
2025-10-01,MED-015,LOC-002,31,464,1759.1613,1651,447,0,0,2600,14.9677,0.2638,117.5302,1.0,1206400,4573819.3548
2025-10-01,MED-015,LOC-003,31,354,1502.3548,1375,340,0,0,2600,11.4194,0.2356,131.5621,1.0,920400,3906122.5806
2025-10-01,MED-015,LOC-004,31,273,1181.1935,1085,253,0,0,2600,8.8065,0.2311,134.1282,1.0,709800,3071103.2258
2025-10-01,MED-015,LOC-005,31,309,1329.2581,1185,326,0,0,2600,9.9677,0.2325,133.356,1.0,803400,3456070.9677
2025-11-01,MED-001,LOC-001,30,2213,10537.1,9233,2353,0,0,450,73.7667,0.21,142.8437,1.0,995850,4741695.0
2025-11-01,MED-001,LOC-002,30,1718,6998.6,6372,1915,0,0,450,57.2667,0.2455,122.2107,1.0,773100,3149370.0
2025-11-01,MED-001,LOC-003,30,1356,5902.0333,5229,1520,0,0,450,45.2,0.2298,130.576,1.0,610200,2655915.0
2025-11-01,MED-001,LOC-004,30,1030,4402.9333,4154,1149,0,0,450,34.3333,0.2339,128.2408,1.0,463500,1981320.0
2025-11-01,MED-001,LOC-005,30,1220,5327.4,4935,1409,0,0,450,40.6667,0.229,131.0016,1.0,549000,2397330.0
2025-11-01,MED-002,LOC-001,30,1913,9174.2333,8841,2189,0,0,470,63.7667,0.2085,143.8719,1.0,899110,4311889.6667
2025-11-01,MED-002,LOC-002,30,1416,5594.1333,5322,1528,0,0,470,47.2,0.2531,118.5198,1.0,665520,2629242.6667
2025-11-01,MED-002,LOC-003,30,1133,4739.4667,4236,1271,0,0,470,37.7667,0.2391,125.4934,1.0,532510,2227549.3333
2025-11-01,MED-002,LOC-004,30,837,4360.9333,4073,954,0,0,470,27.9,0.1919,156.3059,1.0,393390,2049638.6667
2025-11-01,MED-002,LOC-005,30,944,4691.4,4450,969,0,0,470,31.4667,0.2012,149.0911,1.0,443680,2204958.0
2025-11-01,MED-003,LOC-001,30,1448,6763.3333,6271,1552,0,0,380,48.2667,0.2141,140.1243,1.0,550240,2570066.6667
2025-11-01,MED-003,LOC-002,30,1157,4885.3,4476,1273,0,0,380,38.5667,0.2368,126.6716,1.0,439660,1856414.0
2025-11-01,MED-003,LOC-003,30,894,3863.0,3748,1009,0,0,380,29.8,0.2314,129.6309,1.0,339720,1467940.0
2025-11-01,MED-003,LOC-004,30,685,3042.2,2709,731,0,0,380,22.8333,0.2252,133.235,1.0,260300,1156036.0
2025-11-01,MED-003,LOC-005,30,783,3513.6667,3364,867,0,0,380,26.1,0.2228,134.6232,1.0,297540,1335193.3333
2025-11-01,MED-004,LOC-001,30,1229,5896.6667,5368,1379,0,0,520,40.9667,0.2084,143.9382,1.0,639080,3066266.6667
2025-11-01,MED-004,LOC-002,30,929,4210.0667,4043,995,0,0,520,30.9667,0.2207,135.9548,1.0,483080,2189234.6667
2025-11-01,MED-004,LOC-003,30,723,3415.9,3322,709,0,0,520,24.1,0.2117,141.7386,1.0,375960,1776268.0
2025-11-01,MED-004,LOC-004,30,532,1750.6333,1716,627,0,0,520,17.7333,0.3039,98.7199,1.0,276640,910329.3333
2025-11-01,MED-004,LOC-005,30,612,2367.5,2139,607,0,0,520,20.4,0.2585,116.0539,1.0,318240,1231100.0
2025-11-01,MED-005,LOC-001,30,446,1930.5333,2010,531,0,0,2800,14.8667,0.231,129.8565,1.0,1248800,5405493.3333
2025-11-01,MED-005,LOC-002,30,334,1639.8333,1561,343,0,0,2800,11.1333,0.2037,147.2904,1.0,935200,4591533.3333
2025-11-01,MED-005,LOC-003,30,263,1095.6667,1106,258,0,0,2800,8.7667,0.24,124.981,1.0,736400,3067866.6667
2025-11-01,MED-005,LOC-004,30,207,858.8333,823,222,0,0,2800,6.9,0.241,124.4686,1.0,579600,2404733.3333
2025-11-01,MED-005,LOC-005,30,244,1016.5333,947,232,0,0,2800,8.1333,0.24,124.9836,1.0,683200,2846293.3333
2025-11-01,MED-006,LOC-001,30,399,1921.4333,1752,419,0,0,2900,13.3,0.2077,144.4687,1.0,1157100,5572156.6667
2025-11-01,MED-006,LOC-002,30,298,1408.9667,1332,317,0,0,2900,9.9333,0.2115,141.8423,1.0,864200,4086003.3333
2025-11-01,MED-006,LOC-003,30,238,1027.9,993,269,0,0,2900,7.9333,0.2315,129.5672,1.0,690200,2980910.0
2025-11-01,MED-006,LOC-004,30,174,812.9667,741,166,0,0,2900,5.8,0.214,140.1667,1.0,504600,2357603.3333
2025-11-01,MED-006,LOC-005,30,207,870.7667,911,230,0,0,2900,6.9,0.2377,126.1981,1.0,600300,2525223.3333
2025-11-01,MED-007,LOC-001,30,1616,6494.5667,5803,1702,0,0,650,53.8667,0.2488,120.5675,1.0,1050400,4221468.3333
2025-11-01,MED-007,LOC-002,30,1201,5191.6667,4709,1177,0,0,650,40.0333,0.2313,129.6836,1.0,780650,3374583.3333
2025-11-01,MED-007,LOC-003,30,935,4466.3333,4149,898,0,0,650,31.1667,0.2093,143.3048,1.0,607750,2903116.6667
2025-11-01,MED-007,LOC-004,30,707,3425.2667,3232,750,0,0,650,23.5667,0.2064,145.3437,1.0,459550,2226423.3333
2025-11-01,MED-007,LOC-005,30,796,3699.0333,3361,933,0,0,650,26.5333,0.2152,139.4108,1.0,517400,2404371.6667
2025-11-01,MED-008,LOC-001,30,741,3478.2667,3353,790,0,0,1850,24.7,0.213,140.8205,1.0,1370850,6434793.3333
2025-11-01,MED-008,LOC-002,30,575,2565.5667,2516,682,0,0,1850,19.1667,0.2241,133.8557,1.0,1063750,4746298.3333
2025-11-01,MED-008,LOC-003,30,431,2112.2,2118,506,0,0,1850,14.3667,0.2041,147.0209,1.0,797350,3907570.0
2025-11-01,MED-008,LOC-004,30,329,1391.0333,1275,353,0,0,1850,10.9667,0.2365,126.8419,1.0,608650,2573411.6667
2025-11-01,MED-008,LOC-005,30,394,1767.5667,1584,392,0,0,1850,13.1333,0.2229,134.5863,1.0,728900,3269998.3333
2025-11-01,MED-009,LOC-001,30,2026,9773.5667,8846,2378,0,0,1200,67.5333,0.2073,144.7221,1.0,2431200,11728280.0
2025-11-01,MED-009,LOC-002,30,1499,7021.0333,6154,1598,0,0,1200,49.9667,0.2135,140.5143,1.0,1798800,8425240.0
2025-11-01,MED-009,LOC-003,30,1177,6407.9,6007,1285,0,0,1200,39.2333,0.1837,163.328,1.0,1412400,7689480.0
2025-11-01,MED-009,LOC-004,30,948,4415.4667,3923,1119,0,0,1200,31.6,0.2147,139.73,1.0,1137600,5298560.0
2025-11-01,MED-009,LOC-005,30,1095,4373.8,3724,1119,0,0,1200,36.5,0.2504,119.8301,1.0,1314000,5248560.0
2025-11-01,MED-010,LOC-001,30,1088,4790.7667,4923,1143,0,0,950,36.2667,0.2271,132.0983,1.0,1033600,4551228.3333
2025-11-01,MED-010,LOC-002,30,842,4342.2667,3945,865,0,0,950,28.0667,0.1939,154.7126,1.0,799900,4125153.3333
2025-11-01,MED-010,LOC-003,30,654,2356.4667,2397,731,0,0,950,21.8,0.2775,108.0948,1.0,621300,2238643.3333
2025-11-01,MED-010,LOC-004,30,476,2210.3,2148,463,0,0,950,15.8667,0.2154,139.3046,1.0,452200,2099785.0
2025-11-01,MED-010,LOC-005,30,566,2584.3,2389,592,0,0,950,18.8667,0.219,136.977,1.0,537700,2455085.0
2025-11-01,MED-011,LOC-001,30,1014,4099.6,3582,967,0,0,900,33.8,0.2473,121.2899,1.0,912600,3689640.0
2025-11-01,MED-011,LOC-002,30,783,3383.6333,3265,784,0,0,900,26.1,0.2314,129.6411,1.0,704700,3045270.0
2025-11-01,MED-011,LOC-003,30,612,2366.9,2339,591,0,0,900,20.4,0.2586,116.0245,1.0,550800,2130210.0
2025-11-01,MED-011,LOC-004,30,454,1982.5333,1960,461,0,0,900,15.1333,0.229,131.0044,1.0,408600,1784280.0
2025-11-01,MED-011,LOC-005,30,510,2237.5333,2263,547,0,0,900,17.0,0.2279,131.6196,1.0,459000,2013780.0
2025-11-01,MED-012,LOC-001,30,894,3976.5,3728,927,0,0,3500,29.8,0.2248,133.4396,1.0,3129000,13917750.0
2025-11-01,MED-012,LOC-002,30,662,3111.9333,3016,659,0,0,3500,22.0667,0.2127,141.0242,1.0,2317000,10891766.6667
2025-11-01,MED-012,LOC-003,30,527,2116.8667,2103,594,0,0,3500,17.5667,0.249,120.5047,1.0,1844500,7409033.3333
2025-11-01,MED-012,LOC-004,30,403,1559.8667,1434,433,0,0,3500,13.4333,0.2584,116.1191,1.0,1410500,5459533.3333
2025-11-01,MED-012,LOC-005,30,472,1825.3,1795,471,0,0,3500,15.7333,0.2586,116.0148,1.0,1652000,6388550.0
2025-11-01,MED-013,LOC-001,30,789,3949.7,3832,876,0,0,2100,26.3,0.1998,150.1787,1.0,1656900,8294370.0
2025-11-01,MED-013,LOC-002,30,617,2703.9,2702,613,0,0,2100,20.5667,0.2282,131.47,1.0,1295700,5678190.0
2025-11-01,MED-013,LOC-003,30,482,2066.8,2052,484,0,0,2100,16.0667,0.2332,128.639,1.0,1012200,4340280.0
2025-11-01,MED-013,LOC-004,30,355,1627.0333,1521,359,0,0,2100,11.8333,0.2182,137.4958,1.0,745500,3416770.0
2025-11-01,MED-013,LOC-005,30,413,1868.9667,1796,435,0,0,2100,13.7667,0.221,135.7603,1.0,867300,3924830.0
2025-11-01,MED-014,LOC-001,30,517,2361.9333,2084,521,0,0,4200,17.2333,0.2189,137.0561,1.0,2171400,9920120.0
2025-11-01,MED-014,LOC-002,30,376,1971.0,1813,432,0,0,4200,12.5333,0.1908,157.2606,1.0,1579200,8278200.0
2025-11-01,MED-014,LOC-003,30,300,1468.4333,1306,356,0,0,4200,10.0,0.2043,146.8433,1.0,1260000,6167420.0
2025-11-01,MED-014,LOC-004,30,224,975.2667,922,251,0,0,4200,7.4667,0.2297,130.6161,1.0,940800,4096120.0
2025-11-01,MED-014,LOC-005,30,268,1261.1667,1189,279,0,0,4200,8.9333,0.2125,141.1754,1.0,1125600,5296900.0
2025-11-01,MED-015,LOC-001,30,577,2632.2667,2487,586,0,0,2600,19.2333,0.2192,136.8596,1.0,1500200,6843893.3333
2025-11-01,MED-015,LOC-002,30,457,1809.8667,1656,480,0,0,2600,15.2333,0.2525,118.8096,1.0,1188200,4705653.3333
2025-11-01,MED-015,LOC-003,30,348,1546.5,1417,400,0,0,2600,11.6,0.225,133.319,1.0,904800,4020900.0
2025-11-01,MED-015,LOC-004,30,278,1197.8333,1055,263,0,0,2600,9.2667,0.2321,129.2626,1.0,722800,3114366.6667
2025-11-01,MED-015,LOC-005,30,306,1371.4333,1197,306,0,0,2600,10.2,0.2231,134.4542,1.0,795600,3565726.6667
2025-12-01,MED-001,LOC-001,31,1825,10666.9677,10091,1747,0,0,450,58.871,0.1711,181.1923,1.0,821250,4800135.4839
2025-12-01,MED-001,LOC-002,31,1384,7415.9355,6791,1412,0,0,450,44.6452,0.1866,166.1084,1.0,622800,3337170.9677
2025-12-01,MED-001,LOC-003,31,1058,5989.9677,5492,1044,0,0,450,34.129,0.1766,175.5095,1.0,476100,2695485.4839
2025-12-01,MED-001,LOC-004,31,830,4676.8065,4290,863,0,0,450,26.7742,0.1775,174.6759,1.0,373500,2104562.9032
2025-12-01,MED-001,LOC-005,31,974,5506.2581,4957,916,0,0,450,31.4194,0.1769,175.2505,1.0,438300,2477816.129
2025-12-01,MED-002,LOC-001,31,1597,9109.0,8568,1447,0,0,470,51.5161,0.1753,176.8184,1.0,750590,4281230.0
2025-12-01,MED-002,LOC-002,31,1240,5796.0645,5298,1347,0,0,470,40.0,0.2139,144.9016,1.0,582800,2724150.3226
2025-12-01,MED-002,LOC-003,31,949,4804.4516,4430,926,0,0,470,30.6129,0.1975,156.942,1.0,446030,2258092.2581
2025-12-01,MED-002,LOC-004,31,696,4441.9032,3848,690,0,0,470,22.4516,0.1567,197.8434,1.0,327120,2087694.5161
2025-12-01,MED-002,LOC-005,31,841,4816.4194,4394,842,0,0,470,27.129,0.1746,177.5375,1.0,395270,2263717.0968
2025-12-01,MED-003,LOC-001,31,1293,7270.6452,6843,1363,0,0,380,41.7097,0.1778,174.3155,1.0,491340,2762845.1613
2025-12-01,MED-003,LOC-002,31,922,5006.0323,4610,965,0,0,380,29.7419,0.1842,168.3156,1.0,350360,1902292.2581
2025-12-01,MED-003,LOC-003,31,725,4067.6129,3504,645,0,0,380,23.3871,0.1782,173.9255,1.0,275500,1545692.9032
2025-12-01,MED-003,LOC-004,31,546,3136.4839,2811,558,0,0,380,17.6129,0.1741,178.0788,1.0,207480,1191863.871
2025-12-01,MED-003,LOC-005,31,639,3617.1935,3417,702,0,0,380,20.6129,0.1767,175.482,1.0,242820,1374533.5484
2025-12-01,MED-004,LOC-001,31,939,6124.0968,5867,1016,0,0,520,30.2903,0.1533,202.18,1.0,488280,3184530.3226
2025-12-01,MED-004,LOC-002,31,743,4391.8065,3888,699,0,0,520,23.9677,0.1692,183.2382,1.0,386360,2283739.3548
2025-12-01,MED-004,LOC-003,31,564,3434.7097,3093,600,0,0,520,18.1935,0.1642,188.7872,1.0,293280,1786049.0323
2025-12-01,MED-004,LOC-004,31,444,1956.2903,1736,400,0,0,520,14.3226,0.227,136.5878,1.0,230880,1017270.9677
2025-12-01,MED-004,LOC-005,31,512,2425.3226,2262,545,0,0,520,16.5161,0.2111,146.8457,1.0,266240,1261167.7419
2025-12-01,MED-005,LOC-001,31,368,2018.2903,1987,360,0,0,2800,11.871,0.1823,170.019,1.0,1030400,5651212.9032
2025-12-01,MED-005,LOC-002,31,280,1652.9032,1621,289,0,0,2800,9.0323,0.1694,183.0,1.0,784000,4628129.0323
2025-12-01,MED-005,LOC-003,31,217,1129.5484,1041,210,0,0,2800,7.0,0.1921,161.3641,1.0,607600,3162735.4839
2025-12-01,MED-005,LOC-004,31,166,890.2258,821,168,0,0,2800,5.3548,0.1865,166.247,1.0,464800,2492632.2581
2025-12-01,MED-005,LOC-005,31,190,1029.9032,999,212,0,0,2800,6.129,0.1845,168.0368,1.0,532000,2883729.0323
2025-12-01,MED-006,LOC-001,31,350,1968.0,1907,350,0,0,2900,11.2903,0.1778,174.3086,1.0,1015000,5707200.0
2025-12-01,MED-006,LOC-002,31,247,1428.8387,1371,257,0,0,2900,7.9677,0.1729,179.3279,1.0,716300,4143632.2581
2025-12-01,MED-006,LOC-003,31,183,1122.1613,995,175,0,0,2900,5.9032,0.1631,190.0929,1.0,530700,3254267.7419
2025-12-01,MED-006,LOC-004,31,146,823.3226,796,146,0,0,2900,4.7097,0.1773,174.8151,1.0,423400,2387635.4839
2025-12-01,MED-006,LOC-005,31,177,897.3226,892,169,0,0,2900,5.7097,0.1973,157.1582,1.0,513300,2602235.4839
2025-12-01,MED-007,LOC-001,31,1318,6499.0645,5583,1237,0,0,650,42.5161,0.2028,152.8612,1.0,856700,4224391.9355
2025-12-01,MED-007,LOC-002,31,1000,5354.4194,4781,1092,0,0,650,32.2581,0.1868,165.987,1.0,650000,3480372.5806
2025-12-01,MED-007,LOC-003,31,802,4485.3226,3991,843,0,0,650,25.871,0.1788,173.3728,1.0,521300,2915459.6774
2025-12-01,MED-007,LOC-004,31,557,3528.6452,3063,585,0,0,650,17.9677,0.1579,196.3878,1.0,362050,2293619.3548
2025-12-01,MED-007,LOC-005,31,700,3797.0645,3442,713,0,0,650,22.5806,0.1844,168.1557,1.0,455000,2468091.9355
2025-12-01,MED-008,LOC-001,31,618,3572.4194,3287,687,0,0,1850,19.9355,0.173,179.199,1.0,1143300,6608975.8065
2025-12-01,MED-008,LOC-002,31,464,2662.7097,2545,465,0,0,1850,14.9677,0.1743,177.8966,1.0,858400,4926012.9032
2025-12-01,MED-008,LOC-003,31,360,2186.3226,1940,332,0,0,1850,11.6129,0.1647,188.2667,1.0,666000,4044696.7742
2025-12-01,MED-008,LOC-004,31,281,1438.3548,1271,296,0,0,1850,9.0645,0.1954,158.6797,1.0,519850,2660956.4516
2025-12-01,MED-008,LOC-005,31,319,1817.2258,1603,342,0,0,1850,10.2903,0.1755,176.5956,1.0,590150,3361867.7419
2025-12-01,MED-009,LOC-001,31,1639,9792.7419,8970,1561,0,0,1200,52.871,0.1674,185.2196,1.0,1966800,11751290.3226
2025-12-01,MED-009,LOC-002,31,1314,7177.0968,6289,1397,0,0,1200,42.3871,0.1831,169.3227,1.0,1576800,8612516.129
2025-12-01,MED-009,LOC-003,31,956,6606.5161,6019,995,0,0,1200,30.8387,0.1447,214.228,1.0,1147200,7927819.3548
2025-12-01,MED-009,LOC-004,31,755,4554.1613,4000,829,0,0,1200,24.3548,0.1658,186.9921,1.0,906000,5464993.5484
2025-12-01,MED-009,LOC-005,31,849,4422.0968,3903,870,0,0,1200,27.3871,0.192,161.4664,1.0,1018800,5306516.129
2025-12-01,MED-010,LOC-001,31,920,5076.5806,5049,982,0,0,950,29.6774,0.1812,171.0587,1.0,874000,4822751.6129
2025-12-01,MED-010,LOC-002,31,697,4432.2581,4282,716,0,0,950,22.4839,0.1573,197.1306,1.0,662150,4210645.1613
2025-12-01,MED-010,LOC-003,31,532,2562.1935,2395,550,0,0,950,17.1613,0.2076,149.3008,1.0,505400,2434083.871
2025-12-01,MED-010,LOC-004,31,407,2213.3871,2147,443,0,0,950,13.129,0.1839,168.5872,1.0,386650,2102717.7419
2025-12-01,MED-010,LOC-005,31,458,2577.871,2481,491,0,0,950,14.7742,0.1777,174.4847,1.0,435100,2448977.4194
2025-12-01,MED-011,LOC-001,31,824,3959.7742,3679,854,0,0,900,26.5806,0.2081,148.9721,1.0,741600,3563796.7742
2025-12-01,MED-011,LOC-002,31,611,3430.0645,3308,595,0,0,900,19.7097,0.1781,174.0295,1.0,549900,3087058.0645
2025-12-01,MED-011,LOC-003,31,481,2352.0645,2192,446,0,0,900,15.5161,0.2045,151.5884,1.0,432900,2116858.0645
2025-12-01,MED-011,LOC-004,31,365,2025.9677,2012,364,0,0,900,11.7742,0.1802,172.0685,1.0,328500,1823370.9677
2025-12-01,MED-011,LOC-005,31,436,2341.129,2145,416,0,0,900,14.0645,0.1862,166.4564,1.0,392400,2107016.129
2025-12-01,MED-012,LOC-001,31,733,4110.3871,3830,713,0,0,3500,23.6452,0.1783,173.8363,1.0,2565500,14386354.8387
2025-12-01,MED-012,LOC-002,31,553,3223.3548,3221,605,0,0,3500,17.8387,0.1716,180.6944,1.0,1935500,11281741.9355
2025-12-01,MED-012,LOC-003,31,426,2241.5806,2028,428,0,0,3500,13.7419,0.19,163.1197,1.0,1491000,7845532.2581
2025-12-01,MED-012,LOC-004,31,329,1591.6129,1457,363,0,0,3500,10.6129,0.2067,149.9696,1.0,1151500,5570645.1613
2025-12-01,MED-012,LOC-005,31,373,1889.4194,1781,340,0,0,3500,12.0323,0.1974,157.0295,1.0,1305500,6612967.7419
2025-12-01,MED-013,LOC-001,31,666,3965.2903,3669,680,0,0,2100,21.4839,0.168,184.5706,1.0,1398600,8327109.6774
2025-12-01,MED-013,LOC-002,31,496,2759.871,2493,488,0,0,2100,16.0,0.1797,172.4919,1.0,1041600,5795729.0323
2025-12-01,MED-013,LOC-003,31,392,2160.4839,1918,393,0,0,2100,12.6452,0.1814,170.8546,1.0,823200,4537016.129
2025-12-01,MED-013,LOC-004,31,296,1641.9677,1491,298,0,0,2100,9.5484,0.1803,171.9628,1.0,621600,3448132.2581
2025-12-01,MED-013,LOC-005,31,324,1897.1935,1854,360,0,0,2100,10.4516,0.1708,181.5216,1.0,680400,3984106.4516
2025-12-01,MED-014,LOC-001,31,417,2408.5161,2160,451,0,0,4200,13.4516,0.1731,179.0504,1.0,1751400,10115767.7419
2025-12-01,MED-014,LOC-002,31,316,2090.8387,1966,337,0,0,4200,10.1935,0.1511,205.1139,1.0,1327200,8781522.5806
2025-12-01,MED-014,LOC-003,31,231,1462.8065,1361,209,0,0,4200,7.4516,0.1579,196.3074,1.0,970200,6143787.0968
2025-12-01,MED-014,LOC-004,31,183,992.4194,919,188,0,0,4200,5.9032,0.1844,168.1148,1.0,768600,4168161.2903
2025-12-01,MED-014,LOC-005,31,220,1287.4839,1128,234,0,0,4200,7.0968,0.1709,181.4182,1.0,924000,5407432.2581
2025-12-01,MED-015,LOC-001,31,492,2628.6452,2408,481,0,0,2600,15.871,0.1872,165.626,1.0,1279200,6834477.4194
2025-12-01,MED-015,LOC-002,31,389,1856.2903,1679,394,0,0,2600,12.5484,0.2096,147.9306,1.0,1011400,4826354.8387
2025-12-01,MED-015,LOC-003,31,291,1541.9355,1377,264,0,0,2600,9.3871,0.1887,164.2612,1.0,756600,4009032.2581
2025-12-01,MED-015,LOC-004,31,222,1196.5806,1031,212,0,0,2600,7.1613,0.1855,167.0901,1.0,577200,3111109.6774
2025-12-01,MED-015,LOC-005,31,258,1425.0323,1224,284,0,0,2600,8.3226,0.181,171.2248,1.0,670800,3705083.871
