fecha,producto_id,ubicacion_id,yhat,yhat_inf,yhat_sup,modelo
2026-01-01,MED-001,LOC-001,78.4424,66.3395,90.8453,RandomForest
2026-01-02,MED-001,LOC-001,78.1054,66.0025,90.5084,RandomForest
2026-01-03,MED-001,LOC-001,49.1896,37.0866,61.5925,RandomForest
2026-01-04,MED-001,LOC-001,47.1041,35.0012,59.5071,RandomForest
2026-01-05,MED-001,LOC-001,83.4285,71.3256,95.8315,RandomForest
2026-01-06,MED-001,LOC-001,80.9173,68.8144,93.3203,RandomForest
2026-01-07,MED-001,LOC-001,79.3036,67.2006,91.7065,RandomForest
2026-01-08,MED-001,LOC-001,77.6088,65.5058,90.0117,RandomForest
2026-01-09,MED-001,LOC-001,77.2302,65.1273,89.6332,RandomForest
2026-01-10,MED-001,LOC-001,53.0459,40.943,65.4489,RandomForest
2026-01-11,MED-001,LOC-001,49.1828,37.0798,61.5857,RandomForest
2026-01-12,MED-001,LOC-001,82.667,70.564,95.0699,RandomForest
2026-01-13,MED-001,LOC-001,76.0837,63.9808,88.4867,RandomForest
2026-01-14,MED-001,LOC-001,74.5981,62.4952,87.001,RandomForest
2026-01-15,MED-001,LOC-001,74.7189,62.616,87.1219,RandomForest
2026-01-16,MED-001,LOC-001,74.2679,62.165,86.6709,RandomForest
2026-01-17,MED-001,LOC-001,50.3496,38.2466,62.7525,RandomForest
2026-01-18,MED-001,LOC-001,45.0847,32.9817,57.4876,RandomForest
2026-01-19,MED-001,LOC-001,81.9842,69.8812,94.3871,RandomForest
2026-01-20,MED-001,LOC-001,75.9761,63.8731,88.379,RandomForest
2026-01-21,MED-001,LOC-001,74.6771,62.5741,87.08,RandomForest
2026-01-22,MED-001,LOC-001,75.718,63.6151,88.121,RandomForest
2026-01-23,MED-001,LOC-001,75.4336,63.3307,87.8365,RandomForest
2026-01-24,MED-001,LOC-001,47.9628,35.8599,60.3658,RandomForest
2026-01-25,MED-001,LOC-001,42.3036,30.2007,54.7066,RandomForest
2026-01-26,MED-001,LOC-001,80.123,68.0201,92.5259,RandomForest
2026-01-27,MED-001,LOC-001,74.8611,62.7582,87.264,RandomForest
2026-01-28,MED-001,LOC-001,69.4895,57.3866,81.8925,RandomForest
2026-01-01,MED-001,LOC-002,65.5124,58.713,73.7694,RandomForest
2026-01-02,MED-001,LOC-002,64.3955,57.5961,72.6525,RandomForest
2026-01-03,MED-001,LOC-002,42.0996,35.3002,50.3566,RandomForest
2026-01-04,MED-001,LOC-002,39.1952,32.3958,47.4522,RandomForest
2026-01-05,MED-001,LOC-002,61.4689,54.6696,69.7259,RandomForest
2026-01-06,MED-001,LOC-002,60.5175,53.7182,68.7745,RandomForest
2026-01-07,MED-001,LOC-002,58.8682,52.0689,67.1252,RandomForest
2026-01-08,MED-001,LOC-002,58.4654,51.6661,66.7224,RandomForest
2026-01-09,MED-001,LOC-002,58.6938,51.8944,66.9508,RandomForest
2026-01-10,MED-001,LOC-002,41.8238,35.0245,50.0809,RandomForest
2026-01-11,MED-001,LOC-002,32.6424,25.8431,40.8994,RandomForest
2026-01-12,MED-001,LOC-002,60.1824,53.3831,68.4394,RandomForest
2026-01-13,MED-001,LOC-002,60.2157,53.4164,68.4727,RandomForest
2026-01-14,MED-001,LOC-002,59.0278,52.2284,67.2848,RandomForest
2026-01-15,MED-001,LOC-002,59.2703,52.471,67.5273,RandomForest
2026-01-16,MED-001,LOC-002,59.4247,52.6254,67.6817,RandomForest
2026-01-17,MED-001,LOC-002,41.5595,34.7602,49.8165,RandomForest
2026-01-18,MED-001,LOC-002,31.453,24.6536,39.71,RandomForest
2026-01-19,MED-001,LOC-002,61.5436,54.7443,69.8006,RandomForest
2026-01-20,MED-001,LOC-002,59.9484,53.1491,68.2055,RandomForest
2026-01-21,MED-001,LOC-002,53.986,47.1866,62.243,RandomForest
2026-01-22,MED-001,LOC-002,60.7121,53.9127,68.9691,RandomForest
2026-01-23,MED-001,LOC-002,58.7105,51.9112,66.9676,RandomForest
2026-01-24,MED-001,LOC-002,34.6493,27.85,42.9063,RandomForest
2026-01-25,MED-001,LOC-002,30.4655,23.6661,38.7225,RandomForest
2026-01-26,MED-001,LOC-002,61.3397,54.5404,69.5967,RandomForest
2026-01-27,MED-001,LOC-002,60.7847,53.9854,69.0417,RandomForest
2026-01-28,MED-001,LOC-002,58.3359,51.5366,66.5929,RandomForest
2026-01-01,MED-001,LOC-003,46.5173,40.618,53.9905,RandomForest
2026-01-02,MED-001,LOC-003,46.1254,40.2261,53.5986,RandomForest
2026-01-03,MED-001,LOC-003,32.5238,26.6245,39.997,RandomForest
2026-01-04,MED-001,LOC-003,26.8655,20.9662,34.3387,RandomForest
2026-01-05,MED-001,LOC-003,49.0756,43.1764,56.5489,RandomForest
2026-01-06,MED-001,LOC-003,47.6432,41.7439,55.1164,RandomForest
2026-01-07,MED-001,LOC-003,43.5774,37.6781,51.0506,RandomForest
2026-01-08,MED-001,LOC-003,47.6211,41.7219,55.0943,RandomForest
2026-01-09,MED-001,LOC-003,42.1138,36.2145,49.587,RandomForest
2026-01-10,MED-001,LOC-003,31.3439,25.4446,38.8171,RandomForest
2026-01-11,MED-001,LOC-003,27.8503,21.951,35.3235,RandomForest
2026-01-12,MED-001,LOC-003,46.6897,40.7904,54.1629,RandomForest
2026-01-13,MED-001,LOC-003,45.3399,39.4406,52.8131,RandomForest
2026-01-14,MED-001,LOC-003,44.4974,38.5982,51.9706,RandomForest
2026-01-15,MED-001,LOC-003,44.6581,38.7588,52.1313,RandomForest
2026-01-16,MED-001,LOC-003,44.2191,38.3199,51.6923,RandomForest
2026-01-17,MED-001,LOC-003,31.8623,25.963,39.3355,RandomForest
2026-01-18,MED-001,LOC-003,26.9963,21.097,34.4695,RandomForest
2026-01-19,MED-001,LOC-003,44.5333,38.634,52.0065,RandomForest
2026-01-20,MED-001,LOC-003,46.006,40.1067,53.4792,RandomForest
2026-01-21,MED-001,LOC-003,44.4568,38.5575,51.93,RandomForest
2026-01-22,MED-001,LOC-003,46.6432,40.7439,54.1164,RandomForest
2026-01-23,MED-001,LOC-003,41.3699,35.4706,48.8431,RandomForest
2026-01-24,MED-001,LOC-003,31.1968,25.2975,38.67,RandomForest
2026-01-25,MED-001,LOC-003,24.1968,18.2975,31.67,RandomForest
2026-01-26,MED-001,LOC-003,48.3036,42.4044,55.7768,RandomForest
2026-01-27,MED-001,LOC-003,47.4968,41.5975,54.97,RandomForest
2026-01-28,MED-001,LOC-003,44.5804,38.6811,52.0536,RandomForest
2026-01-01,MED-001,LOC-004,36.2847,31.0019,40.9067,RandomForest
2026-01-02,MED-001,LOC-004,35.0476,29.7647,39.6696,RandomForest
2026-01-03,MED-001,LOC-004,23.8473,18.5645,28.4693,RandomForest
2026-01-04,MED-001,LOC-004,20.5119,15.229,25.1339,RandomForest
2026-01-05,MED-001,LOC-004,36.6198,31.3369,41.2418,RandomForest
2026-01-06,MED-001,LOC-004,35.2721,29.9892,39.8941,RandomForest
2026-01-07,MED-001,LOC-004,35.7921,30.5092,40.4141,RandomForest
2026-01-08,MED-001,LOC-004,36.384,31.1012,41.006,RandomForest
2026-01-09,MED-001,LOC-004,33.0863,27.8034,37.7083,RandomForest
2026-01-10,MED-001,LOC-004,23.3869,18.1041,28.0089,RandomForest
2026-01-11,MED-001,LOC-004,21.575,16.2921,26.197,RandomForest
2026-01-12,MED-001,LOC-004,35.0064,29.7236,39.6284,RandomForest
2026-01-13,MED-001,LOC-004,34.274,28.9911,38.8959,RandomForest
2026-01-14,MED-001,LOC-004,35.4511,30.1682,40.0731,RandomForest
2026-01-15,MED-001,LOC-004,35.095,29.8122,39.717,RandomForest
2026-01-16,MED-001,LOC-004,31.9999,26.717,36.6219,RandomForest
2026-01-17,MED-001,LOC-004,24.7183,19.4355,29.3403,RandomForest
2026-01-18,MED-001,LOC-004,21.2889,16.006,25.9109,RandomForest
2026-01-19,MED-001,LOC-004,34.2884,29.0055,38.9104,RandomForest
2026-01-20,MED-001,LOC-004,34.7046,29.4217,39.3265,RandomForest
2026-01-21,MED-001,LOC-004,34.4518,29.1689,39.0738,RandomForest
2026-01-22,MED-001,LOC-004,34.8926,29.6098,39.5146,RandomForest
2026-01-23,MED-001,LOC-004,32.9589,27.676,37.5809,RandomForest
2026-01-24,MED-001,LOC-004,22.7351,17.4522,27.3571,RandomForest
2026-01-25,MED-001,LOC-004,20.7265,15.4436,25.3485,RandomForest
2026-01-26,MED-001,LOC-004,34.9804,29.6975,39.6024,RandomForest
2026-01-27,MED-001,LOC-004,36.0782,30.7953,40.7002,RandomForest
2026-01-28,MED-001,LOC-004,36.1322,30.8493,40.7542,RandomForest
2026-01-01,MED-001,LOC-005,42.7084,38.3496,47.9052,RandomForest
2026-01-02,MED-001,LOC-005,39.2054,34.8466,44.4021,RandomForest
2026-01-03,MED-001,LOC-005,26.964,22.6052,32.1608,RandomForest
2026-01-04,MED-001,LOC-005,25.8724,21.5136,31.0691,RandomForest
2026-01-05,MED-001,LOC-005,42.8263,38.4675,48.0231,RandomForest
2026-01-06,MED-001,LOC-005,39.5049,35.1461,44.7016,RandomForest
2026-01-07,MED-001,LOC-005,39.71,35.3512,44.9067,RandomForest
2026-01-08,MED-001,LOC-005,41.0093,36.6505,46.2061,RandomForest
2026-01-09,MED-001,LOC-005,39.3254,34.9666,44.5221,RandomForest
2026-01-10,MED-001,LOC-005,28.0709,23.7121,33.2676,RandomForest
2026-01-11,MED-001,LOC-005,25.7814,21.4226,30.9781,RandomForest
2026-01-12,MED-001,LOC-005,40.9001,36.5413,46.0969,RandomForest
2026-01-13,MED-001,LOC-005,40.7482,36.3894,45.9449,RandomForest
2026-01-14,MED-001,LOC-005,39.5182,35.1594,44.715,RandomForest
2026-01-15,MED-001,LOC-005,40.5377,36.1789,45.7345,RandomForest
2026-01-16,MED-001,LOC-005,38.2483,33.8896,43.4451,RandomForest
2026-01-17,MED-001,LOC-005,29.7011,25.3423,34.8978,RandomForest
2026-01-18,MED-001,LOC-005,24.4646,20.1059,29.6614,RandomForest
2026-01-19,MED-001,LOC-005,42.548,38.1892,47.7447,RandomForest
2026-01-20,MED-001,LOC-005,39.5551,35.1963,44.7519,RandomForest
2026-01-21,MED-001,LOC-005,40.9694,36.6106,46.1662,RandomForest
2026-01-22,MED-001,LOC-005,42.1349,37.7761,47.3316,RandomForest
2026-01-23,MED-001,LOC-005,38.3543,33.9955,43.5511,RandomForest
2026-01-24,MED-001,LOC-005,28.2741,23.9153,33.4708,RandomForest
2026-01-25,MED-001,LOC-005,21.672,17.3132,26.8687,RandomForest
2026-01-26,MED-001,LOC-005,42.6788,38.32,47.8755,RandomForest
2026-01-27,MED-001,LOC-005,42.8662,38.5074,48.0629,RandomForest
2026-01-28,MED-001,LOC-005,41.672,37.3132,46.8687,RandomForest
2026-01-01,MED-002,LOC-001,70.3004,58.1549,82.755,RandomForest
2026-01-02,MED-002,LOC-001,67.4448,55.2993,79.8995,RandomForest
2026-01-03,MED-002,LOC-001,48.381,36.2355,60.8357,RandomForest
2026-01-04,MED-002,LOC-001,38.9675,26.822,51.4221,RandomForest
2026-01-05,MED-002,LOC-001,73.34,61.1945,85.7947,RandomForest
2026-01-06,MED-002,LOC-001,69.8137,57.6682,82.2684,RandomForest
2026-01-07,MED-002,LOC-001,65.5264,53.3809,77.9811,RandomForest
2026-01-08,MED-002,LOC-001,67.8916,55.7462,80.3463,RandomForest
2026-01-09,MED-002,LOC-001,65.7601,53.6146,78.2147,RandomForest
2026-01-10,MED-002,LOC-001,48.7211,36.5757,61.1758,RandomForest
2026-01-11,MED-002,LOC-001,38.6698,26.5243,51.1245,RandomForest
2026-01-12,MED-002,LOC-001,70.0095,57.864,82.4642,RandomForest
2026-01-13,MED-002,LOC-001,67.9745,55.829,80.4291,RandomForest
2026-01-14,MED-002,LOC-001,64.3872,52.2418,76.8419,RandomForest
2026-01-15,MED-002,LOC-001,67.5677,55.4223,80.0224,RandomForest
2026-01-16,MED-002,LOC-001,65.6658,53.5204,78.1205,RandomForest
2026-01-17,MED-002,LOC-001,48.0588,35.9133,60.5135,RandomForest
2026-01-18,MED-002,LOC-001,33.3875,21.242,45.8421,RandomForest
2026-01-19,MED-002,LOC-001,68.8791,56.7337,81.3338,RandomForest
2026-01-20,MED-002,LOC-001,67.649,55.5035,80.1037,RandomForest
2026-01-21,MED-002,LOC-001,65.396,53.2505,77.8506,RandomForest
2026-01-22,MED-002,LOC-001,66.3061,54.1606,78.7607,RandomForest
2026-01-23,MED-002,LOC-001,63.3403,51.1949,75.795,RandomForest
2026-01-24,MED-002,LOC-001,41.7873,29.6418,54.242,RandomForest
2026-01-25,MED-002,LOC-001,35.7887,23.6432,48.2434,RandomForest
2026-01-26,MED-002,LOC-001,67.9955,55.85,80.4502,RandomForest
2026-01-27,MED-002,LOC-001,64.4842,52.3387,76.9389,RandomForest
2026-01-28,MED-002,LOC-001,64.3458,52.2004,76.8005,RandomForest
2026-01-01,MED-002,LOC-002,51.6585,42.9782,59.0702,RandomForest
2026-01-02,MED-002,LOC-002,51.21,42.5298,58.6217,RandomForest
2026-01-03,MED-002,LOC-002,40.3049,31.6246,47.7166,RandomForest
2026-01-04,MED-002,LOC-002,29.4519,20.7716,36.8636,RandomForest
2026-01-05,MED-002,LOC-002,54.7174,46.0371,62.1291,RandomForest
2026-01-06,MED-002,LOC-002,52.9076,44.2273,60.3193,RandomForest
2026-01-07,MED-002,LOC-002,51.543,42.8628,58.9547,RandomForest
2026-01-08,MED-002,LOC-002,51.6016,42.9214,59.0133,RandomForest
2026-01-09,MED-002,LOC-002,52.2127,43.5324,59.6244,RandomForest
2026-01-10,MED-002,LOC-002,37.4018,28.7216,44.8135,RandomForest
2026-01-11,MED-002,LOC-002,28.0836,19.4034,35.4953,RandomForest
2026-01-12,MED-002,LOC-002,53.2388,44.5586,60.6505,RandomForest
2026-01-13,MED-002,LOC-002,53.7256,45.0453,61.1373,RandomForest
2026-01-14,MED-002,LOC-002,51.539,42.8587,58.9507,RandomForest
2026-01-15,MED-002,LOC-002,52.1762,43.4959,59.5878,RandomForest
2026-01-16,MED-002,LOC-002,47.9808,39.3005,55.3924,RandomForest
2026-01-17,MED-002,LOC-002,35.103,26.4228,42.5147,RandomForest
2026-01-18,MED-002,LOC-002,27.7161,19.0359,35.1278,RandomForest
2026-01-19,MED-002,LOC-002,53.2361,44.5558,60.6478,RandomForest
2026-01-20,MED-002,LOC-002,50.3206,41.6404,57.7323,RandomForest
2026-01-21,MED-002,LOC-002,52.5104,43.8301,59.9221,RandomForest
2026-01-22,MED-002,LOC-002,51.2523,42.572,58.664,RandomForest
2026-01-23,MED-002,LOC-002,49.7551,41.0748,57.1668,RandomForest
2026-01-24,MED-002,LOC-002,30.9404,22.2601,38.352,RandomForest
2026-01-25,MED-002,LOC-002,27.4668,18.7866,34.8785,RandomForest
2026-01-26,MED-002,LOC-002,54.4896,45.8094,61.9013,RandomForest
2026-01-27,MED-002,LOC-002,53.7756,45.0954,61.1873,RandomForest
2026-01-28,MED-002,LOC-002,47.2064,38.5262,54.6181,RandomForest
2026-01-01,MED-002,LOC-003,40.3203,33.0017,45.3513,RandomForest
2026-01-02,MED-002,LOC-003,39.0863,31.7677,44.1174,RandomForest
2026-01-03,MED-002,LOC-003,26.4424,19.1238,31.4734,RandomForest
2026-01-04,MED-002,LOC-003,23.2474,15.9288,28.2784,RandomForest
2026-01-05,MED-002,LOC-003,43.487,36.1684,48.518,RandomForest
2026-01-06,MED-002,LOC-003,41.0555,33.7369,46.0865,RandomForest
2026-01-07,MED-002,LOC-003,38.3215,31.003,43.3526,RandomForest
2026-01-08,MED-002,LOC-003,38.9996,31.681,44.0307,RandomForest
2026-01-09,MED-002,LOC-003,39.2349,31.9163,44.266,RandomForest
2026-01-10,MED-002,LOC-003,28.2042,20.8856,33.2352,RandomForest
2026-01-11,MED-002,LOC-003,22.6378,15.3192,27.6689,RandomForest
2026-01-12,MED-002,LOC-003,42.0437,34.7251,47.0747,RandomForest
2026-01-13,MED-002,LOC-003,39.6788,32.3602,44.7098,RandomForest
2026-01-14,MED-002,LOC-003,39.008,31.6894,44.039,RandomForest
2026-01-15,MED-002,LOC-003,40.2363,32.9177,45.2673,RandomForest
2026-01-16,MED-002,LOC-003,37.4406,30.122,42.4717,RandomForest
2026-01-17,MED-002,LOC-003,26.531,19.2124,31.562,RandomForest
2026-01-18,MED-002,LOC-003,20.9475,13.6289,25.9785,RandomForest
2026-01-19,MED-002,LOC-003,41.7903,34.4717,46.8213,RandomForest
2026-01-20,MED-002,LOC-003,41.0243,33.7057,46.0554,RandomForest
2026-01-21,MED-002,LOC-003,40.9047,33.5862,45.9358,RandomForest
2026-01-22,MED-002,LOC-003,41.5951,34.2765,46.6261,RandomForest
2026-01-23,MED-002,LOC-003,35.052,27.7334,40.083,RandomForest
2026-01-24,MED-002,LOC-003,28.0129,20.6943,33.044,RandomForest
2026-01-25,MED-002,LOC-003,20.4365,13.1179,25.4675,RandomForest
2026-01-26,MED-002,LOC-003,42.5164,35.1978,47.5475,RandomForest
2026-01-27,MED-002,LOC-003,40.9842,33.6656,46.0153,RandomForest
2026-01-28,MED-002,LOC-003,38.4556,31.137,43.4867,RandomForest
2026-01-01,MED-002,LOC-004,29.1019,24.4667,33.2736,RandomForest
2026-01-02,MED-002,LOC-004,28.9171,24.2819,33.0888,RandomForest
2026-01-03,MED-002,LOC-004,19.8711,15.2359,24.0427,RandomForest
2026-01-04,MED-002,LOC-004,18.5114,13.8762,22.683,RandomForest
2026-01-05,MED-002,LOC-004,31.6125,26.9774,35.7842,RandomForest
2026-01-06,MED-002,LOC-004,30.1266,25.4915,34.2983,RandomForest
2026-01-07,MED-002,LOC-004,29.5263,24.8911,33.698,RandomForest
2026-01-08,MED-002,LOC-004,29.5096,24.8745,33.6813,RandomForest
2026-01-09,MED-002,LOC-004,27.6864,23.0512,31.858,RandomForest
2026-01-10,MED-002,LOC-004,20.4354,15.8003,24.6071,RandomForest
2026-01-11,MED-002,LOC-004,17.7328,13.0976,21.9044,RandomForest
2026-01-12,MED-002,LOC-004,31.2019,26.5667,35.3736,RandomForest
2026-01-13,MED-002,LOC-004,29.7664,25.1312,33.938,RandomForest
2026-01-14,MED-002,LOC-004,29.885,25.2499,34.0567,RandomForest
2026-01-15,MED-002,LOC-004,30.6394,26.0043,34.8111,RandomForest
2026-01-16,MED-002,LOC-004,27.518,22.8828,31.6896,RandomForest
2026-01-17,MED-002,LOC-004,19.856,15.2209,24.0277,RandomForest
2026-01-18,MED-002,LOC-004,17.5198,12.8847,21.6915,RandomForest
2026-01-19,MED-002,LOC-004,31.3823,26.7471,35.5539,RandomForest
2026-01-20,MED-002,LOC-004,28.9465,24.3114,33.1182,RandomForest
2026-01-21,MED-002,LOC-004,30.6923,26.0571,34.864,RandomForest
2026-01-22,MED-002,LOC-004,31.3448,26.7096,35.5164,RandomForest
2026-01-23,MED-002,LOC-004,27.1899,22.5548,31.3616,RandomForest
2026-01-24,MED-002,LOC-004,20.1112,15.4761,24.2829,RandomForest
2026-01-25,MED-002,LOC-004,17.8011,13.1659,21.9728,RandomForest
2026-01-26,MED-002,LOC-004,32.3605,27.7253,36.5322,RandomForest
2026-01-27,MED-002,LOC-004,29.0837,24.4485,33.2554,RandomForest
2026-01-28,MED-002,LOC-004,29.4342,24.799,33.6058,RandomForest
2026-01-01,MED-002,LOC-005,37.2312,31.18,41.8712,RandomForest
2026-01-02,MED-002,LOC-005,34.6479,28.5967,39.288,RandomForest
2026-01-03,MED-002,LOC-005,23.8799,17.8287,28.5199,RandomForest
2026-01-04,MED-002,LOC-005,19.5301,13.4789,24.1701,RandomForest
2026-01-05,MED-002,LOC-005,37.7854,31.7342,42.4255,RandomForest
2026-01-06,MED-002,LOC-005,35.9367,29.8855,40.5768,RandomForest
2026-01-07,MED-002,LOC-005,34.5322,28.481,39.1722,RandomForest
2026-01-08,MED-002,LOC-005,35.4185,29.3673,40.0585,RandomForest
2026-01-09,MED-002,LOC-005,32.005,25.9538,36.645,RandomForest
2026-01-10,MED-002,LOC-005,24.4326,18.3814,29.0727,RandomForest
2026-01-11,MED-002,LOC-005,19.1287,13.0775,23.7687,RandomForest
2026-01-12,MED-002,LOC-005,35.334,29.2828,39.974,RandomForest
2026-01-13,MED-002,LOC-005,34.2462,28.195,38.8863,RandomForest
2026-01-14,MED-002,LOC-005,33.8151,27.7639,38.4552,RandomForest
2026-01-15,MED-002,LOC-005,33.7266,27.6754,38.3666,RandomForest
2026-01-16,MED-002,LOC-005,33.9796,27.9284,38.6196,RandomForest
2026-01-17,MED-002,LOC-005,21.8044,15.7532,26.4445,RandomForest
2026-01-18,MED-002,LOC-005,19.8963,13.8451,24.5364,RandomForest
2026-01-19,MED-002,LOC-005,35.0226,28.9714,39.6626,RandomForest
2026-01-20,MED-002,LOC-005,33.7801,27.7289,38.4202,RandomForest
2026-01-21,MED-002,LOC-005,33.1441,27.0929,37.7842,RandomForest
2026-01-22,MED-002,LOC-005,34.4527,28.4015,39.0928,RandomForest
2026-01-23,MED-002,LOC-005,33.19,27.1388,37.83,RandomForest
2026-01-24,MED-002,LOC-005,24.7555,18.7043,29.3955,RandomForest
2026-01-25,MED-002,LOC-005,19.2996,13.2484,23.9396,RandomForest
2026-01-26,MED-002,LOC-005,36.2364,30.1852,40.8765,RandomForest
2026-01-27,MED-002,LOC-005,34.2485,28.1973,38.8886,RandomForest
2026-01-28,MED-002,LOC-005,34.0744,28.0231,38.7144,RandomForest
2026-01-01,MED-003,LOC-001,52.8597,43.9486,62.4206,RandomForest
2026-01-02,MED-003,LOC-001,54.6224,45.7113,64.1834,RandomForest
2026-01-03,MED-003,LOC-001,37.9443,29.0332,47.5053,RandomForest
2026-01-04,MED-003,LOC-001,30.2145,21.3034,39.7754,RandomForest
2026-01-05,MED-003,LOC-001,59.5575,50.6464,69.1185,RandomForest
2026-01-06,MED-003,LOC-001,55.1741,46.2631,64.7351,RandomForest
2026-01-07,MED-003,LOC-001,52.2331,43.322,61.7941,RandomForest
2026-01-08,MED-003,LOC-001,53.975,45.0639,63.536,RandomForest
2026-01-09,MED-003,LOC-001,51.9451,43.0341,61.5061,RandomForest
2026-01-10,MED-003,LOC-001,38.8229,29.9118,48.3838,RandomForest
2026-01-11,MED-003,LOC-001,30.8886,21.9775,40.4495,RandomForest
2026-01-12,MED-003,LOC-001,57.2256,48.3145,66.7866,RandomForest
2026-01-13,MED-003,LOC-001,53.1881,44.2771,62.7491,RandomForest
2026-01-14,MED-003,LOC-001,49.7958,40.8847,59.3568,RandomForest
2026-01-15,MED-003,LOC-001,53.1735,44.2624,62.7344,RandomForest
2026-01-16,MED-003,LOC-001,52.2021,43.291,61.7631,RandomForest
2026-01-17,MED-003,LOC-001,36.7892,27.8781,46.3502,RandomForest
2026-01-18,MED-003,LOC-001,29.4492,20.5381,39.0101,RandomForest
2026-01-19,MED-003,LOC-001,55.7492,46.8381,65.3102,RandomForest
2026-01-20,MED-003,LOC-001,53.3196,44.4085,62.8806,RandomForest
2026-01-21,MED-003,LOC-001,48.7141,39.803,58.2751,RandomForest
2026-01-22,MED-003,LOC-001,52.1472,43.2361,61.7082,RandomForest
2026-01-23,MED-003,LOC-001,50.2933,41.3822,59.8542,RandomForest
2026-01-24,MED-003,LOC-001,33.8218,24.9107,43.3827,RandomForest
2026-01-25,MED-003,LOC-001,31.5101,22.599,41.0711,RandomForest
2026-01-26,MED-003,LOC-001,54.7413,45.8302,64.3023,RandomForest
2026-01-27,MED-003,LOC-001,51.7385,42.8274,61.2994,RandomForest
2026-01-28,MED-003,LOC-001,49.1838,40.2727,58.7447,RandomForest
2026-01-01,MED-003,LOC-002,41.4272,35.3402,47.1035,RandomForest
2026-01-02,MED-003,LOC-002,38.8955,32.8084,44.5718,RandomForest
2026-01-03,MED-003,LOC-002,26.4726,20.3856,32.1489,RandomForest
2026-01-04,MED-003,LOC-002,22.7161,16.6291,28.3924,RandomForest
2026-01-05,MED-003,LOC-002,43.0897,37.0026,48.7659,RandomForest
2026-01-06,MED-003,LOC-002,39.5506,33.4635,45.2268,RandomForest
2026-01-07,MED-003,LOC-002,39.7391,33.652,45.4154,RandomForest
2026-01-08,MED-003,LOC-002,39.8803,33.7932,45.5565,RandomForest
2026-01-09,MED-003,LOC-002,37.3105,31.2235,42.9868,RandomForest
2026-01-10,MED-003,LOC-002,27.3565,21.2695,33.0328,RandomForest
2026-01-11,MED-003,LOC-002,22.3141,16.2271,27.9904,RandomForest
2026-01-12,MED-003,LOC-002,41.3158,35.2287,46.9921,RandomForest
2026-01-13,MED-003,LOC-002,38.5626,32.4756,44.2389,RandomForest
2026-01-14,MED-003,LOC-002,38.1549,32.0678,43.8312,RandomForest
2026-01-15,MED-003,LOC-002,40.8867,34.7997,46.563,RandomForest
2026-01-16,MED-003,LOC-002,36.9783,30.8913,42.6546,RandomForest
2026-01-17,MED-003,LOC-002,27.918,21.831,33.5943,RandomForest
2026-01-18,MED-003,LOC-002,23.5964,17.5093,29.2726,RandomForest
2026-01-19,MED-003,LOC-002,41.4419,35.3549,47.1182,RandomForest
2026-01-20,MED-003,LOC-002,39.7985,33.7115,45.4748,RandomForest
2026-01-21,MED-003,LOC-002,40.1596,34.0725,45.8358,RandomForest
2026-01-22,MED-003,LOC-002,39.3749,33.2879,45.0512,RandomForest
2026-01-23,MED-003,LOC-002,38.2964,32.2094,43.9727,RandomForest
2026-01-24,MED-003,LOC-002,24.225,18.138,29.9013,RandomForest
2026-01-25,MED-003,LOC-002,23.0008,16.9137,28.6771,RandomForest
2026-01-26,MED-003,LOC-002,42.8312,36.7442,48.5075,RandomForest
2026-01-27,MED-003,LOC-002,39.6477,33.5606,45.3239,RandomForest
2026-01-28,MED-003,LOC-002,40.4443,34.3572,46.1205,RandomForest
2026-01-01,MED-003,LOC-003,31.9348,27.287,36.4594,RandomForest
2026-01-02,MED-003,LOC-003,29.297,24.6492,33.8217,RandomForest
2026-01-03,MED-003,LOC-003,20.3745,15.7267,24.8992,RandomForest
2026-01-04,MED-003,LOC-003,18.5416,13.8937,23.0662,RandomForest
2026-01-05,MED-003,LOC-003,33.4045,28.7566,37.9291,RandomForest
2026-01-06,MED-003,LOC-003,30.9956,26.3478,35.5203,RandomForest
2026-01-07,MED-003,LOC-003,30.7756,26.1277,35.3002,RandomForest
2026-01-08,MED-003,LOC-003,30.704,26.0562,35.2287,RandomForest
2026-01-09,MED-003,LOC-003,29.8229,25.1751,34.3476,RandomForest
2026-01-10,MED-003,LOC-003,20.9817,16.3339,25.5064,RandomForest
2026-01-11,MED-003,LOC-003,18.7141,14.0662,23.2387,RandomForest
2026-01-12,MED-003,LOC-003,32.5865,27.9387,37.1112,RandomForest
2026-01-13,MED-003,LOC-003,30.6042,25.9563,35.1288,RandomForest
2026-01-14,MED-003,LOC-003,30.7718,26.1239,35.2964,RandomForest
2026-01-15,MED-003,LOC-003,30.4857,25.8378,35.0103,RandomForest
2026-01-16,MED-003,LOC-003,29.8702,25.2223,34.3948,RandomForest
2026-01-17,MED-003,LOC-003,20.1428,15.495,24.6675,RandomForest
2026-01-18,MED-003,LOC-003,18.7749,14.1271,23.2996,RandomForest
2026-01-19,MED-003,LOC-003,32.2933,27.6454,36.8179,RandomForest
2026-01-20,MED-003,LOC-003,30.9494,26.3015,35.474,RandomForest
2026-01-21,MED-003,LOC-003,31.5008,26.853,36.0254,RandomForest
2026-01-22,MED-003,LOC-003,29.7793,25.1314,34.3039,RandomForest
2026-01-23,MED-003,LOC-003,30.8747,26.2268,35.3993,RandomForest
2026-01-24,MED-003,LOC-003,18.6729,14.0251,23.1976,RandomForest
2026-01-25,MED-003,LOC-003,17.3782,12.7304,21.9029,RandomForest
2026-01-26,MED-003,LOC-003,33.2126,28.5648,37.7373,RandomForest
2026-01-27,MED-003,LOC-003,30.1877,25.5399,34.7124,RandomForest
2026-01-28,MED-003,LOC-003,31.6951,27.0472,36.2197,RandomForest
2026-01-01,MED-003,LOC-004,24.6094,21.009,27.3901,RandomForest
2026-01-02,MED-003,LOC-004,24.1373,20.5369,26.918,RandomForest
2026-01-03,MED-003,LOC-004,16.8514,13.251,19.6321,RandomForest
2026-01-04,MED-003,LOC-004,13.6564,10.056,16.4371,RandomForest
2026-01-05,MED-003,LOC-004,24.84,21.2395,27.6206,RandomForest
2026-01-06,MED-003,LOC-004,24.3076,20.7072,27.0882,RandomForest
2026-01-07,MED-003,LOC-004,24.8589,21.2584,27.6395,RandomForest
2026-01-08,MED-003,LOC-004,23.9905,20.39,26.7711,RandomForest
2026-01-09,MED-003,LOC-004,23.8882,20.2877,26.6688,RandomForest
2026-01-10,MED-003,LOC-004,17.4574,13.857,20.2381,RandomForest
2026-01-11,MED-003,LOC-004,13.9715,10.3711,16.7522,RandomForest
2026-01-12,MED-003,LOC-004,23.9684,20.368,26.7491,RandomForest
2026-01-13,MED-003,LOC-004,23.5595,19.9591,26.3402,RandomForest
2026-01-14,MED-003,LOC-004,25.18,21.5796,27.9607,RandomForest
2026-01-15,MED-003,LOC-004,24.173,20.5726,26.9537,RandomForest
2026-01-16,MED-003,LOC-004,23.1019,19.5015,25.8826,RandomForest
2026-01-17,MED-003,LOC-004,16.3174,12.717,19.0981,RandomForest
2026-01-18,MED-003,LOC-004,13.1102,9.5098,15.8909,RandomForest
2026-01-19,MED-003,LOC-004,23.705,20.1046,26.4857,RandomForest
2026-01-20,MED-003,LOC-004,24.1938,20.5933,26.9744,RandomForest
2026-01-21,MED-003,LOC-004,23.5101,19.9096,26.2907,RandomForest
2026-01-22,MED-003,LOC-004,23.7512,20.1507,26.5318,RandomForest
2026-01-23,MED-003,LOC-004,23.4029,19.8025,26.1836,RandomForest
2026-01-24,MED-003,LOC-004,15.1359,11.5355,17.9165,RandomForest
2026-01-25,MED-003,LOC-004,13.7655,10.1651,16.5462,RandomForest
2026-01-26,MED-003,LOC-004,25.1259,21.5254,27.9065,RandomForest
2026-01-27,MED-003,LOC-004,23.7265,20.126,26.5071,RandomForest
2026-01-28,MED-003,LOC-004,24.7155,21.115,27.4961,RandomForest
2026-01-01,MED-003,LOC-005,28.733,24.3211,32.12,RandomForest
2026-01-02,MED-003,LOC-005,27.4594,23.0475,30.8464,RandomForest
2026-01-03,MED-003,LOC-005,17.2202,12.8083,20.6073,RandomForest
2026-01-04,MED-003,LOC-005,15.8616,11.4497,19.2487,RandomForest
2026-01-05,MED-003,LOC-005,28.1847,23.7728,31.5718,RandomForest
2026-01-06,MED-003,LOC-005,27.4791,23.0672,30.8661,RandomForest
2026-01-07,MED-003,LOC-005,27.0675,22.6556,30.4545,RandomForest
2026-01-08,MED-003,LOC-005,27.8229,23.411,31.2099,RandomForest
2026-01-09,MED-003,LOC-005,26.7904,22.3785,30.1774,RandomForest
2026-01-10,MED-003,LOC-005,18.4301,14.0183,21.8172,RandomForest
2026-01-11,MED-003,LOC-005,15.898,11.4861,19.285,RandomForest
2026-01-12,MED-003,LOC-005,27.2429,22.831,30.6299,RandomForest
2026-01-13,MED-003,LOC-005,28.4324,24.0205,31.8194,RandomForest
2026-01-14,MED-003,LOC-005,25.5984,21.1865,28.9854,RandomForest
2026-01-15,MED-003,LOC-005,29.1578,24.7459,32.5448,RandomForest
2026-01-16,MED-003,LOC-005,26.6298,22.2179,30.0168,RandomForest
2026-01-17,MED-003,LOC-005,17.1942,12.7824,20.5813,RandomForest
2026-01-18,MED-003,LOC-005,15.9242,11.5123,19.3112,RandomForest
2026-01-19,MED-003,LOC-005,28.1295,23.7177,31.5166,RandomForest
2026-01-20,MED-003,LOC-005,28.3185,23.9066,31.7056,RandomForest
2026-01-21,MED-003,LOC-005,26.6934,22.2815,30.0804,RandomForest
2026-01-22,MED-003,LOC-005,27.6846,23.2727,31.0716,RandomForest
2026-01-23,MED-003,LOC-005,26.7721,22.3602,30.1591,RandomForest
2026-01-24,MED-003,LOC-005,19.1506,14.7387,22.5376,RandomForest
2026-01-25,MED-003,LOC-005,16.2218,11.8099,19.6089,RandomForest
2026-01-26,MED-003,LOC-005,27.6274,23.2156,31.0145,RandomForest
2026-01-27,MED-003,LOC-005,27.4157,23.0038,30.8027,RandomForest
2026-01-28,MED-003,LOC-005,27.4091,22.9972,30.7962,RandomForest
2026-01-01,MED-004,LOC-001,43.2174,37.6921,49.174,RandomForest
2026-01-02,MED-004,LOC-001,40.7039,35.1786,46.6605,RandomForest
2026-01-03,MED-004,LOC-001,27.6297,22.1044,33.5863,RandomForest
2026-01-04,MED-004,LOC-001,24.1666,18.6412,30.1232,RandomForest
2026-01-05,MED-004,LOC-001,42.612,37.0867,48.5686,RandomForest
2026-01-06,MED-004,LOC-001,42.3676,36.8423,48.3242,RandomForest
2026-01-07,MED-004,LOC-001,39.9443,34.419,45.9009,RandomForest
2026-01-08,MED-004,LOC-001,40.5311,35.0058,46.4877,RandomForest
2026-01-09,MED-004,LOC-001,40.7444,35.2191,46.701,RandomForest
2026-01-10,MED-004,LOC-001,27.5755,22.0501,33.5321,RandomForest
2026-01-11,MED-004,LOC-001,26.4282,20.9029,32.3848,RandomForest
2026-01-12,MED-004,LOC-001,41.8058,36.2805,47.7624,RandomForest
2026-01-13,MED-004,LOC-001,40.1954,34.6701,46.152,RandomForest
2026-01-14,MED-004,LOC-001,39.165,33.6397,45.1216,RandomForest
2026-01-15,MED-004,LOC-001,39.8571,34.3317,45.8137,RandomForest
2026-01-16,MED-004,LOC-001,39.2323,33.707,45.1889,RandomForest
2026-01-17,MED-004,LOC-001,27.623,22.0977,33.5796,RandomForest
2026-01-18,MED-004,LOC-001,24.1506,18.6252,30.1072,RandomForest
2026-01-19,MED-004,LOC-001,41.9561,36.4308,47.9127,RandomForest
2026-01-20,MED-004,LOC-001,41.2764,35.7511,47.233,RandomForest
2026-01-21,MED-004,LOC-001,38.717,33.1917,44.6736,RandomForest
2026-01-22,MED-004,LOC-001,41.509,35.9837,47.4656,RandomForest
2026-01-23,MED-004,LOC-001,40.4166,34.8913,46.3732,RandomForest
2026-01-24,MED-004,LOC-001,27.413,21.8877,33.3696,RandomForest
2026-01-25,MED-004,LOC-001,23.1628,17.6375,29.1194,RandomForest
2026-01-26,MED-004,LOC-001,43.199,37.6737,49.1556,RandomForest
2026-01-27,MED-004,LOC-001,42.0582,36.5329,48.0148,RandomForest
2026-01-28,MED-004,LOC-001,38.0774,32.5521,44.034,RandomForest
2026-01-01,MED-004,LOC-002,34.098,29.6678,38.339,RandomForest
2026-01-02,MED-004,LOC-002,34.648,30.2178,38.889,RandomForest
2026-01-03,MED-004,LOC-002,22.6961,18.2659,26.9372,RandomForest
2026-01-04,MED-004,LOC-002,20.1873,15.7571,24.4283,RandomForest
2026-01-05,MED-004,LOC-002,37.2068,32.7766,41.4479,RandomForest
2026-01-06,MED-004,LOC-002,34.3811,29.9509,38.6221,RandomForest
2026-01-07,MED-004,LOC-002,34.9153,30.4851,39.1564,RandomForest
2026-01-08,MED-004,LOC-002,34.1248,29.6946,38.3658,RandomForest
2026-01-09,MED-004,LOC-002,31.9374,27.5072,36.1784,RandomForest
2026-01-10,MED-004,LOC-002,23.4601,19.0299,27.7011,RandomForest
2026-01-11,MED-004,LOC-002,18.8901,14.46,23.1312,RandomForest
2026-01-12,MED-004,LOC-002,33.9035,29.4733,38.1445,RandomForest
2026-01-13,MED-004,LOC-002,33.0511,28.6209,37.2922,RandomForest
2026-01-14,MED-004,LOC-002,30.967,26.5369,35.2081,RandomForest
2026-01-15,MED-004,LOC-002,30.6563,26.2262,34.8974,RandomForest
2026-01-16,MED-004,LOC-002,29.397,24.9668,33.638,RandomForest
2026-01-17,MED-004,LOC-002,21.1795,16.7493,25.4205,RandomForest
2026-01-18,MED-004,LOC-002,18.8906,14.4604,23.1317,RandomForest
2026-01-19,MED-004,LOC-002,31.8298,27.3996,36.0709,RandomForest
2026-01-20,MED-004,LOC-002,30.7814,26.3512,35.0224,RandomForest
2026-01-21,MED-004,LOC-002,31.4494,27.0193,35.6905,RandomForest
2026-01-22,MED-004,LOC-002,32.0071,27.577,36.2482,RandomForest
2026-01-23,MED-004,LOC-002,28.9357,24.5056,33.1768,RandomForest
2026-01-24,MED-004,LOC-002,22.0532,17.6231,26.2943,RandomForest
2026-01-25,MED-004,LOC-002,18.0332,13.603,22.2742,RandomForest
2026-01-26,MED-004,LOC-002,32.0632,27.633,36.3042,RandomForest
2026-01-27,MED-004,LOC-002,31.8317,27.4015,36.0727,RandomForest
2026-01-28,MED-004,LOC-002,29.3725,24.9424,33.6136,RandomForest
2026-01-01,MED-004,LOC-003,25.1643,20.6374,28.6026,RandomForest
2026-01-02,MED-004,LOC-003,25.262,20.7351,28.7003,RandomForest
2026-01-03,MED-004,LOC-003,17.2029,12.676,20.6412,RandomForest
2026-01-04,MED-004,LOC-003,15.1667,10.6398,18.6051,RandomForest
2026-01-05,MED-004,LOC-003,25.9062,21.3793,29.3446,RandomForest
2026-01-06,MED-004,LOC-003,24.6258,20.0989,28.0642,RandomForest
2026-01-07,MED-004,LOC-003,24.5012,19.9743,27.9396,RandomForest
2026-01-08,MED-004,LOC-003,24.7174,20.1905,28.1557,RandomForest
2026-01-09,MED-004,LOC-003,23.8632,19.3363,27.3016,RandomForest
2026-01-10,MED-004,LOC-003,17.1565,12.6296,20.5948,RandomForest
2026-01-11,MED-004,LOC-003,14.4888,9.9619,17.9272,RandomForest
2026-01-12,MED-004,LOC-003,24.6108,20.0839,28.0492,RandomForest
2026-01-13,MED-004,LOC-003,24.6181,20.0912,28.0565,RandomForest
2026-01-14,MED-004,LOC-003,24.7795,20.2526,28.2179,RandomForest
2026-01-15,MED-004,LOC-003,24.2086,19.6817,27.6469,RandomForest
2026-01-16,MED-004,LOC-003,23.9328,19.4059,27.3711,RandomForest
2026-01-17,MED-004,LOC-003,15.7605,11.2336,19.1989,RandomForest
2026-01-18,MED-004,LOC-003,14.4242,9.8973,17.8626,RandomForest
2026-01-19,MED-004,LOC-003,26.2549,21.728,29.6932,RandomForest
2026-01-20,MED-004,LOC-003,25.4434,20.9165,28.8817,RandomForest
2026-01-21,MED-004,LOC-003,23.3124,18.7855,26.7508,RandomForest
2026-01-22,MED-004,LOC-003,23.8717,19.3448,27.3101,RandomForest
2026-01-23,MED-004,LOC-003,24.3895,19.8626,27.8278,RandomForest
2026-01-24,MED-004,LOC-003,16.6371,12.1102,20.0754,RandomForest
2026-01-25,MED-004,LOC-003,14.755,10.2281,18.1933,RandomForest
2026-01-26,MED-004,LOC-003,25.5854,21.0585,29.0238,RandomForest
2026-01-27,MED-004,LOC-003,24.5633,20.0364,28.0016,RandomForest
2026-01-28,MED-004,LOC-003,24.0704,19.5435,27.5087,RandomForest
2026-01-01,MED-004,LOC-004,19.3621,16.2936,22.0709,RandomForest
2026-01-02,MED-004,LOC-004,18.8923,15.8238,21.601,RandomForest
2026-01-03,MED-004,LOC-004,13.1461,10.0776,15.8549,RandomForest
2026-01-04,MED-004,LOC-004,11.0547,7.9862,13.7635,RandomForest
2026-01-05,MED-004,LOC-004,19.765,16.6965,22.4737,RandomForest
2026-01-06,MED-004,LOC-004,20.0473,16.9788,22.756,RandomForest
2026-01-07,MED-004,LOC-004,19.4434,16.3748,22.1521,RandomForest
2026-01-08,MED-004,LOC-004,19.8019,16.7334,22.5106,RandomForest
2026-01-09,MED-004,LOC-004,19.6817,16.6131,22.3904,RandomForest
2026-01-10,MED-004,LOC-004,13.9325,10.864,16.6413,RandomForest
2026-01-11,MED-004,LOC-004,10.7424,7.6739,13.4511,RandomForest
2026-01-12,MED-004,LOC-004,20.5652,17.4967,23.274,RandomForest
2026-01-13,MED-004,LOC-004,19.5705,16.502,22.2792,RandomForest
2026-01-14,MED-004,LOC-004,19.7907,16.7222,22.4994,RandomForest
2026-01-15,MED-004,LOC-004,19.9984,16.9299,22.7071,RandomForest
2026-01-16,MED-004,LOC-004,18.9377,15.8692,21.6465,RandomForest
2026-01-17,MED-004,LOC-004,13.0619,9.9934,15.7707,RandomForest
2026-01-18,MED-004,LOC-004,10.4866,7.418,13.1953,RandomForest
2026-01-19,MED-004,LOC-004,20.309,17.2405,23.0178,RandomForest
2026-01-20,MED-004,LOC-004,18.7215,15.653,21.4303,RandomForest
2026-01-21,MED-004,LOC-004,19.9201,16.8516,22.6288,RandomForest
2026-01-22,MED-004,LOC-004,19.0494,15.9809,21.7582,RandomForest
2026-01-23,MED-004,LOC-004,17.8708,14.8023,20.5796,RandomForest
2026-01-24,MED-004,LOC-004,13.4728,10.4043,16.1815,RandomForest
2026-01-25,MED-004,LOC-004,10.1204,7.0518,12.8291,RandomForest
2026-01-26,MED-004,LOC-004,19.2323,16.1638,21.9411,RandomForest
2026-01-27,MED-004,LOC-004,18.7545,15.686,21.4633,RandomForest
2026-01-28,MED-004,LOC-004,19.299,16.2305,22.0077,RandomForest
2026-01-01,MED-004,LOC-005,24.7388,20.2624,27.7657,RandomForest
2026-01-02,MED-004,LOC-005,22.3313,17.8549,25.3582,RandomForest
2026-01-03,MED-004,LOC-005,14.9588,10.4823,17.9856,RandomForest
2026-01-04,MED-004,LOC-005,12.846,8.3696,15.8729,RandomForest
2026-01-05,MED-004,LOC-005,23.8214,19.345,26.8483,RandomForest
2026-01-06,MED-004,LOC-005,23.0482,18.5718,26.0751,RandomForest
2026-01-07,MED-004,LOC-005,22.4008,17.9243,25.4277,RandomForest
2026-01-08,MED-004,LOC-005,22.828,18.3516,25.8549,RandomForest
2026-01-09,MED-004,LOC-005,20.0521,15.5757,23.079,RandomForest
2026-01-10,MED-004,LOC-005,14.1937,9.7172,17.2205,RandomForest
2026-01-11,MED-004,LOC-005,12.0903,7.6138,15.1171,RandomForest
2026-01-12,MED-004,LOC-005,23.2962,18.8198,26.3231,RandomForest
2026-01-13,MED-004,LOC-005,22.897,18.4206,25.9239,RandomForest
2026-01-14,MED-004,LOC-005,22.282,17.8056,25.3089,RandomForest
2026-01-15,MED-004,LOC-005,21.5245,17.048,24.5514,RandomForest
2026-01-16,MED-004,LOC-005,21.1887,16.7122,24.2156,RandomForest
2026-01-17,MED-004,LOC-005,15.9052,11.4288,18.9321,RandomForest
2026-01-18,MED-004,LOC-005,12.8769,8.4005,15.9038,RandomForest
2026-01-19,MED-004,LOC-005,22.3661,17.8897,25.393,RandomForest
2026-01-20,MED-004,LOC-005,22.0558,17.5794,25.0827,RandomForest
2026-01-21,MED-004,LOC-005,21.8901,17.4136,24.917,RandomForest
2026-01-22,MED-004,LOC-005,22.3142,17.8378,25.3411,RandomForest
2026-01-23,MED-004,LOC-005,20.7562,16.2798,23.7831,RandomForest
2026-01-24,MED-004,LOC-005,14.8341,10.3577,17.861,RandomForest
2026-01-25,MED-004,LOC-005,13.1701,8.6937,16.197,RandomForest
2026-01-26,MED-004,LOC-005,22.1193,17.6429,25.1462,RandomForest
2026-01-27,MED-004,LOC-005,20.7836,16.3072,23.8105,RandomForest
2026-01-28,MED-004,LOC-005,20.8929,16.4165,23.9198,RandomForest
2026-01-01,MED-005,LOC-001,16.702,14.2755,18.6846,RandomForest
2026-01-02,MED-005,LOC-001,15.8274,13.4009,17.81,RandomForest
2026-01-03,MED-005,LOC-001,11.2008,8.7744,13.1834,RandomForest
2026-01-04,MED-005,LOC-001,9.4161,6.9896,11.3986,RandomForest
2026-01-05,MED-005,LOC-001,16.581,14.1545,18.5635,RandomForest
2026-01-06,MED-005,LOC-001,15.696,13.2695,17.6785,RandomForest
2026-01-07,MED-005,LOC-001,16.0148,13.5883,17.9974,RandomForest
2026-01-08,MED-005,LOC-001,16.0184,13.5919,18.0009,RandomForest
2026-01-09,MED-005,LOC-001,15.3362,12.9097,17.3188,RandomForest
2026-01-10,MED-005,LOC-001,10.7004,8.2739,12.683,RandomForest
2026-01-11,MED-005,LOC-001,9.4399,7.0134,11.4224,RandomForest
2026-01-12,MED-005,LOC-001,16.3302,13.9037,18.3127,RandomForest
2026-01-13,MED-005,LOC-001,16.3401,13.9136,18.3226,RandomForest
2026-01-14,MED-005,LOC-001,15.4058,12.9793,17.3883,RandomForest
2026-01-15,MED-005,LOC-001,15.9709,13.5444,17.9534,RandomForest
2026-01-16,MED-005,LOC-001,15.7296,13.3031,17.7122,RandomForest
2026-01-17,MED-005,LOC-001,10.066,7.6396,12.0486,RandomForest
2026-01-18,MED-005,LOC-001,8.9079,6.4814,10.8905,RandomForest
2026-01-19,MED-005,LOC-001,16.6477,14.2212,18.6303,RandomForest
2026-01-20,MED-005,LOC-001,16.3148,13.8883,18.2973,RandomForest
2026-01-21,MED-005,LOC-001,15.8663,13.4398,17.8488,RandomForest
2026-01-22,MED-005,LOC-001,16.3536,13.9271,18.3362,RandomForest
2026-01-23,MED-005,LOC-001,15.5053,13.0788,17.4879,RandomForest
2026-01-24,MED-005,LOC-001,10.2321,7.8056,12.2147,RandomForest
2026-01-25,MED-005,LOC-001,8.159,5.7325,10.1416,RandomForest
2026-01-26,MED-005,LOC-001,16.2046,13.7781,18.1871,RandomForest
2026-01-27,MED-005,LOC-001,15.2813,12.8548,17.2638,RandomForest
2026-01-28,MED-005,LOC-001,15.9717,13.5452,17.9543,RandomForest
2026-01-01,MED-005,LOC-002,12.3376,9.834,13.7018,RandomForest
2026-01-02,MED-005,LOC-002,11.9359,9.4323,13.3002,RandomForest
2026-01-03,MED-005,LOC-002,8.0259,5.5223,9.3902,RandomForest
2026-01-04,MED-005,LOC-002,6.9867,4.4831,8.3509,RandomForest
2026-01-05,MED-005,LOC-002,13.3547,10.8511,14.719,RandomForest
2026-01-06,MED-005,LOC-002,11.5991,9.0955,12.9634,RandomForest
2026-01-07,MED-005,LOC-002,11.9613,9.4577,13.3255,RandomForest
2026-01-08,MED-005,LOC-002,13.3802,10.8766,14.7444,RandomForest
2026-01-09,MED-005,LOC-002,12.5679,10.0643,13.9321,RandomForest
2026-01-10,MED-005,LOC-002,7.6687,5.1651,9.0329,RandomForest
2026-01-11,MED-005,LOC-002,7.3411,4.8375,8.7054,RandomForest
2026-01-12,MED-005,LOC-002,13.3253,10.8217,14.6895,RandomForest
2026-01-13,MED-005,LOC-002,12.7257,10.2221,14.0899,RandomForest
2026-01-14,MED-005,LOC-002,11.6126,9.109,12.9769,RandomForest
2026-01-15,MED-005,LOC-002,11.705,9.2014,13.0692,RandomForest
2026-01-16,MED-005,LOC-002,11.3352,8.8316,12.6994,RandomForest
2026-01-17,MED-005,LOC-002,8.1534,5.6498,9.5176,RandomForest
2026-01-18,MED-005,LOC-002,6.6261,4.1225,7.9903,RandomForest
2026-01-19,MED-005,LOC-002,12.952,10.4485,14.3163,RandomForest
2026-01-20,MED-005,LOC-002,11.5855,9.082,12.9498,RandomForest
2026-01-21,MED-005,LOC-002,10.2148,7.7112,11.579,RandomForest
2026-01-22,MED-005,LOC-002,11.4783,8.9747,12.8425,RandomForest
2026-01-23,MED-005,LOC-002,11.1604,8.6569,12.5247,RandomForest
2026-01-24,MED-005,LOC-002,8.0485,5.5449,9.4127,RandomForest
2026-01-25,MED-005,LOC-002,6.8507,4.3472,8.215,RandomForest
2026-01-26,MED-005,LOC-002,12.041,9.5374,13.4052,RandomForest
2026-01-27,MED-005,LOC-002,11.7203,9.2167,13.0845,RandomForest
2026-01-28,MED-005,LOC-002,11.7684,9.2648,13.1326,RandomForest
2026-01-01,MED-005,LOC-003,9.3566,7.75,11.0583,RandomForest
2026-01-02,MED-005,LOC-003,9.2992,7.6926,11.0009,RandomForest
2026-01-03,MED-005,LOC-003,6.6001,4.9935,8.3018,RandomForest
2026-01-04,MED-005,LOC-003,5.8339,4.2273,7.5356,RandomForest
2026-01-05,MED-005,LOC-003,10.136,8.5294,11.8377,RandomForest
2026-01-06,MED-005,LOC-003,9.4627,7.856,11.1643,RandomForest
2026-01-07,MED-005,LOC-003,10.034,8.4274,11.7357,RandomForest
2026-01-08,MED-005,LOC-003,9.4591,7.8525,11.1608,RandomForest
2026-01-09,MED-005,LOC-003,9.9123,8.3056,11.6139,RandomForest
2026-01-10,MED-005,LOC-003,6.1576,4.551,7.8593,RandomForest
2026-01-11,MED-005,LOC-003,5.5072,3.9006,7.2089,RandomForest
2026-01-12,MED-005,LOC-003,10.2925,8.6859,11.9942,RandomForest
2026-01-13,MED-005,LOC-003,8.9849,7.3783,10.6866,RandomForest
2026-01-14,MED-005,LOC-003,9.1836,7.577,10.8853,RandomForest
2026-01-15,MED-005,LOC-003,9.3851,7.7785,11.0868,RandomForest
2026-01-16,MED-005,LOC-003,9.2975,7.6909,10.9992,RandomForest
2026-01-17,MED-005,LOC-003,5.9951,4.3885,7.6968,RandomForest
2026-01-18,MED-005,LOC-003,5.5525,3.9459,7.2542,RandomForest
2026-01-19,MED-005,LOC-003,10.0886,8.482,11.7903,RandomForest
2026-01-20,MED-005,LOC-003,8.8135,7.2069,10.5152,RandomForest
2026-01-21,MED-005,LOC-003,9.0999,7.4933,10.8016,RandomForest
2026-01-22,MED-005,LOC-003,8.3475,6.7409,10.0492,RandomForest
2026-01-23,MED-005,LOC-003,8.7353,7.1287,10.437,RandomForest
2026-01-24,MED-005,LOC-003,5.9441,4.3375,7.6458,RandomForest
2026-01-25,MED-005,LOC-003,4.8422,3.2356,6.5439,RandomForest
2026-01-26,MED-005,LOC-003,9.4538,7.8472,11.1555,RandomForest
2026-01-27,MED-005,LOC-003,8.5657,6.9591,10.2674,RandomForest
2026-01-28,MED-005,LOC-003,8.8308,7.2242,10.5325,RandomForest
2026-01-01,MED-005,LOC-004,7.1147,6.0495,8.0051,RandomForest
2026-01-02,MED-005,LOC-004,7.3944,6.3292,8.2848,RandomForest
2026-01-03,MED-005,LOC-004,5.0723,4.0071,5.9627,RandomForest
2026-01-04,MED-005,LOC-004,3.9554,2.8901,4.8457,RandomForest
2026-01-05,MED-005,LOC-004,7.5293,6.464,8.4196,RandomForest
2026-01-06,MED-005,LOC-004,7.3339,6.2687,8.2243,RandomForest
2026-01-07,MED-005,LOC-004,6.8735,5.8082,7.7638,RandomForest
2026-01-08,MED-005,LOC-004,7.0755,6.0103,7.9659,RandomForest
2026-01-09,MED-005,LOC-004,6.6751,5.6099,7.5655,RandomForest
2026-01-10,MED-005,LOC-004,4.9861,3.9209,5.8765,RandomForest
2026-01-11,MED-005,LOC-004,4.0527,2.9875,4.9431,RandomForest
2026-01-12,MED-005,LOC-004,7.6203,6.5551,8.5107,RandomForest
2026-01-13,MED-005,LOC-004,7.47,6.4048,8.3603,RandomForest
2026-01-14,MED-005,LOC-004,7.3214,6.2562,8.2118,RandomForest
2026-01-15,MED-005,LOC-004,7.2698,6.2046,8.1602,RandomForest
2026-01-16,MED-005,LOC-004,7.1008,6.0356,7.9911,RandomForest
2026-01-17,MED-005,LOC-004,5.1186,4.0534,6.009,RandomForest
2026-01-18,MED-005,LOC-004,3.9508,2.8856,4.8412,RandomForest
2026-01-19,MED-005,LOC-004,7.6351,6.5699,8.5255,RandomForest
2026-01-20,MED-005,LOC-004,6.9871,5.9219,7.8775,RandomForest
2026-01-21,MED-005,LOC-004,6.9941,5.9288,7.8844,RandomForest
2026-01-22,MED-005,LOC-004,6.9509,5.8856,7.8412,RandomForest
2026-01-23,MED-005,LOC-004,6.7988,5.7336,7.6892,RandomForest
2026-01-24,MED-005,LOC-004,4.8047,3.7395,5.695,RandomForest
2026-01-25,MED-005,LOC-004,3.9298,2.8646,4.8202,RandomForest
2026-01-26,MED-005,LOC-004,7.4999,6.4346,8.3902,RandomForest
2026-01-27,MED-005,LOC-004,7.0842,6.019,7.9745,RandomForest
2026-01-28,MED-005,LOC-004,6.8499,5.7847,7.7402,RandomForest
2026-01-01,MED-005,LOC-005,9.193,8.0945,10.4137,RandomForest
2026-01-02,MED-005,LOC-005,8.6882,7.5898,9.9089,RandomForest
2026-01-03,MED-005,LOC-005,5.929,4.8306,7.1497,RandomForest
2026-01-04,MED-005,LOC-005,5.0378,3.9394,6.2585,RandomForest
2026-01-05,MED-005,LOC-005,9.0054,7.907,10.2261,RandomForest
2026-01-06,MED-005,LOC-005,8.593,7.4946,9.8137,RandomForest
2026-01-07,MED-005,LOC-005,9.039,7.9406,10.2597,RandomForest
2026-01-08,MED-005,LOC-005,8.1188,7.0204,9.3395,RandomForest
2026-01-09,MED-005,LOC-005,8.2845,7.186,9.5052,RandomForest
2026-01-10,MED-005,LOC-005,5.4782,4.3798,6.6989,RandomForest
2026-01-11,MED-005,LOC-005,4.9122,3.8138,6.1329,RandomForest
2026-01-12,MED-005,LOC-005,8.8096,7.7112,10.0303,RandomForest
2026-01-13,MED-005,LOC-005,8.7346,7.6361,9.9553,RandomForest
2026-01-14,MED-005,LOC-005,8.2119,7.1135,9.4326,RandomForest
2026-01-15,MED-005,LOC-005,8.1214,7.023,9.3421,RandomForest
2026-01-16,MED-005,LOC-005,8.268,7.1696,9.4887,RandomForest
2026-01-17,MED-005,LOC-005,5.8082,4.7097,7.0289,RandomForest
2026-01-18,MED-005,LOC-005,4.881,3.7826,6.1018,RandomForest
2026-01-19,MED-005,LOC-005,8.4241,7.3257,9.6449,RandomForest
2026-01-20,MED-005,LOC-005,7.9911,6.8927,9.2118,RandomForest
2026-01-21,MED-005,LOC-005,8.2493,7.1508,9.47,RandomForest
2026-01-22,MED-005,LOC-005,7.6285,6.5301,8.8492,RandomForest
2026-01-23,MED-005,LOC-005,7.2677,6.1693,8.4885,RandomForest
2026-01-24,MED-005,LOC-005,5.2314,4.1329,6.4521,RandomForest
2026-01-25,MED-005,LOC-005,4.4799,3.3814,5.7006,RandomForest
2026-01-26,MED-005,LOC-005,8.1455,7.0471,9.3663,RandomForest
2026-01-27,MED-005,LOC-005,8.2155,7.1171,9.4363,RandomForest
2026-01-28,MED-005,LOC-005,8.0793,6.9809,9.3,RandomForest
2026-01-01,MED-006,LOC-001,14.7157,12.3631,16.6991,RandomForest
2026-01-02,MED-006,LOC-001,13.8112,11.4587,15.7946,RandomForest
2026-01-03,MED-006,LOC-001,9.8451,7.4926,11.8285,RandomForest
2026-01-04,MED-006,LOC-001,8.516,6.1634,10.4994,RandomForest
2026-01-05,MED-006,LOC-001,15.2,12.8474,17.1834,RandomForest
2026-01-06,MED-006,LOC-001,14.7916,12.439,16.775,RandomForest
2026-01-07,MED-006,LOC-001,14.3314,11.9788,16.3148,RandomForest
2026-01-08,MED-006,LOC-001,14.3395,11.9869,16.3228,RandomForest
2026-01-09,MED-006,LOC-001,14.1664,11.8138,16.1498,RandomForest
2026-01-10,MED-006,LOC-001,10.7044,8.3518,12.6878,RandomForest
2026-01-11,MED-006,LOC-001,8.1407,5.7881,10.1241,RandomForest
2026-01-12,MED-006,LOC-001,14.5375,12.185,16.5209,RandomForest
2026-01-13,MED-006,LOC-001,14.1319,11.7794,16.1153,RandomForest
2026-01-14,MED-006,LOC-001,14.0923,11.7397,16.0756,RandomForest
2026-01-15,MED-006,LOC-001,14.2069,11.8543,16.1903,RandomForest
2026-01-16,MED-006,LOC-001,13.18,10.8274,15.1634,RandomForest
2026-01-17,MED-006,LOC-001,9.6292,7.2766,11.6126,RandomForest
2026-01-18,MED-006,LOC-001,8.5546,6.2021,10.538,RandomForest
2026-01-19,MED-006,LOC-001,14.938,12.5854,16.9214,RandomForest
2026-01-20,MED-006,LOC-001,14.2856,11.933,16.269,RandomForest
2026-01-21,MED-006,LOC-001,14.0486,11.6961,16.032,RandomForest
2026-01-22,MED-006,LOC-001,13.9928,11.6402,15.9762,RandomForest
2026-01-23,MED-006,LOC-001,13.4572,11.1046,15.4406,RandomForest
2026-01-24,MED-006,LOC-001,9.8346,7.482,11.818,RandomForest
2026-01-25,MED-006,LOC-001,7.9983,5.6457,9.9817,RandomForest
2026-01-26,MED-006,LOC-001,14.3768,12.0242,16.3602,RandomForest
2026-01-27,MED-006,LOC-001,14.5791,12.2266,16.5625,RandomForest
2026-01-28,MED-006,LOC-001,14.0607,11.7081,16.0441,RandomForest
2026-01-01,MED-006,LOC-002,11.6813,9.9755,12.9039,RandomForest
2026-01-02,MED-006,LOC-002,10.96,9.2541,12.1826,RandomForest
2026-01-03,MED-006,LOC-002,7.4421,5.7362,8.6647,RandomForest
2026-01-04,MED-006,LOC-002,6.3506,4.6447,7.5732,RandomForest
2026-01-05,MED-006,LOC-002,11.0711,9.3652,12.2937,RandomForest
2026-01-06,MED-006,LOC-002,10.8415,9.1356,12.0641,RandomForest
2026-01-07,MED-006,LOC-002,10.8017,9.0958,12.0243,RandomForest
2026-01-08,MED-006,LOC-002,11.0946,9.3888,12.3172,RandomForest
2026-01-09,MED-006,LOC-002,10.7912,9.0853,12.0138,RandomForest
2026-01-10,MED-006,LOC-002,7.5512,5.8453,8.7738,RandomForest
2026-01-11,MED-006,LOC-002,6.0652,4.3593,7.2878,RandomForest
2026-01-12,MED-006,LOC-002,11.0003,9.2944,12.2229,RandomForest
2026-01-13,MED-006,LOC-002,10.6464,8.9405,11.869,RandomForest
2026-01-14,MED-006,LOC-002,9.8276,8.1217,11.0502,RandomForest
2026-01-15,MED-006,LOC-002,10.7865,9.0806,12.0091,RandomForest
2026-01-16,MED-006,LOC-002,10.3308,8.625,11.5534,RandomForest
2026-01-17,MED-006,LOC-002,7.5595,5.8536,8.7821,RandomForest
2026-01-18,MED-006,LOC-002,6.1033,4.3975,7.3259,RandomForest
2026-01-19,MED-006,LOC-002,11.1757,9.4698,12.3983,RandomForest
2026-01-20,MED-006,LOC-002,8.7586,7.0528,9.9812,RandomForest
2026-01-21,MED-006,LOC-002,9.3656,7.6597,10.5882,RandomForest
2026-01-22,MED-006,LOC-002,10.9008,9.1949,12.1234,RandomForest
2026-01-23,MED-006,LOC-002,9.9636,8.2578,11.1862,RandomForest
2026-01-24,MED-006,LOC-002,6.9957,5.2898,8.2183,RandomForest
2026-01-25,MED-006,LOC-002,5.7449,4.039,6.9675,RandomForest
2026-01-26,MED-006,LOC-002,11.0587,9.3528,12.2813,RandomForest
2026-01-27,MED-006,LOC-002,8.6141,6.9082,9.8367,RandomForest
2026-01-28,MED-006,LOC-002,9.1744,7.4685,10.397,RandomForest
2026-01-01,MED-006,LOC-003,8.6049,7.2666,10.0359,RandomForest
2026-01-02,MED-006,LOC-003,8.57,7.2317,10.001,RandomForest
2026-01-03,MED-006,LOC-003,6.1605,4.8222,7.5914,RandomForest
2026-01-04,MED-006,LOC-003,5.2133,3.875,6.6442,RandomForest
2026-01-05,MED-006,LOC-003,8.7537,7.4153,10.1846,RandomForest
2026-01-06,MED-006,LOC-003,8.3076,6.9693,9.7385,RandomForest
2026-01-07,MED-006,LOC-003,7.1847,5.8463,8.6156,RandomForest
2026-01-08,MED-006,LOC-003,7.8911,6.5528,9.322,RandomForest
2026-01-09,MED-006,LOC-003,8.0049,6.6666,9.4359,RandomForest
2026-01-10,MED-006,LOC-003,5.5544,4.2161,6.9853,RandomForest
2026-01-11,MED-006,LOC-003,4.7387,3.4004,6.1696,RandomForest
2026-01-12,MED-006,LOC-003,8.426,7.0876,9.8569,RandomForest
2026-01-13,MED-006,LOC-003,8.0128,6.6744,9.4437,RandomForest
2026-01-14,MED-006,LOC-003,7.4532,6.1149,8.8842,RandomForest
2026-01-15,MED-006,LOC-003,7.7058,6.3675,9.1367,RandomForest
2026-01-16,MED-006,LOC-003,7.7376,6.3993,9.1685,RandomForest
2026-01-17,MED-006,LOC-003,5.6326,4.2943,7.0635,RandomForest
2026-01-18,MED-006,LOC-003,4.4277,3.0894,5.8586,RandomForest
2026-01-19,MED-006,LOC-003,8.3925,7.0542,9.8235,RandomForest
2026-01-20,MED-006,LOC-003,8.1132,6.7749,9.5441,RandomForest
2026-01-21,MED-006,LOC-003,7.4404,6.1021,8.8713,RandomForest
2026-01-22,MED-006,LOC-003,7.2254,5.887,8.6563,RandomForest
2026-01-23,MED-006,LOC-003,7.5418,6.2035,8.9727,RandomForest
2026-01-24,MED-006,LOC-003,5.2266,3.8883,6.6575,RandomForest
2026-01-25,MED-006,LOC-003,4.2232,2.8849,5.6542,RandomForest
2026-01-26,MED-006,LOC-003,7.9933,6.655,9.4242,RandomForest
2026-01-27,MED-006,LOC-003,8.1472,6.8089,9.5782,RandomForest
2026-01-28,MED-006,LOC-003,7.7361,6.3978,9.1671,RandomForest
2026-01-01,MED-006,LOC-004,6.4584,5.2415,7.3861,RandomForest
2026-01-02,MED-006,LOC-004,6.0875,4.8705,7.0151,RandomForest
2026-01-03,MED-006,LOC-004,4.4641,3.2471,5.3918,RandomForest
2026-01-04,MED-006,LOC-004,3.8602,2.6432,4.7879,RandomForest
2026-01-05,MED-006,LOC-004,6.3996,5.1826,7.3272,RandomForest
2026-01-06,MED-006,LOC-004,6.5156,5.2986,7.4432,RandomForest
2026-01-07,MED-006,LOC-004,6.7929,5.5759,7.7206,RandomForest
2026-01-08,MED-006,LOC-004,6.1585,4.9415,7.0862,RandomForest
2026-01-09,MED-006,LOC-004,5.9497,4.7327,6.8773,RandomForest
2026-01-10,MED-006,LOC-004,4.5291,3.3121,5.4567,RandomForest
2026-01-11,MED-006,LOC-004,3.6101,2.3931,4.5377,RandomForest
2026-01-12,MED-006,LOC-004,6.5696,5.3526,7.4972,RandomForest
2026-01-13,MED-006,LOC-004,6.8278,5.6108,7.7554,RandomForest
2026-01-14,MED-006,LOC-004,6.832,5.615,7.7596,RandomForest
2026-01-15,MED-006,LOC-004,6.6315,5.4145,7.5592,RandomForest
2026-01-16,MED-006,LOC-004,6.3194,5.1024,7.2471,RandomForest
2026-01-17,MED-006,LOC-004,4.0126,2.7956,4.9403,RandomForest
2026-01-18,MED-006,LOC-004,3.5067,2.2897,4.4344,RandomForest
2026-01-19,MED-006,LOC-004,6.6916,5.4746,7.6192,RandomForest
2026-01-20,MED-006,LOC-004,6.6982,5.4812,7.6258,RandomForest
2026-01-21,MED-006,LOC-004,6.7205,5.5035,7.6482,RandomForest
2026-01-22,MED-006,LOC-004,6.6594,5.4424,7.5871,RandomForest
2026-01-23,MED-006,LOC-004,6.3669,5.1499,7.2946,RandomForest
2026-01-24,MED-006,LOC-004,3.9931,2.7761,4.9207,RandomForest
2026-01-25,MED-006,LOC-004,3.5517,2.3347,4.4793,RandomForest
2026-01-26,MED-006,LOC-004,6.7096,5.4926,7.6372,RandomForest
2026-01-27,MED-006,LOC-004,6.5092,5.2922,7.4368,RandomForest
2026-01-28,MED-006,LOC-004,5.7873,4.5703,6.7149,RandomForest
2026-01-01,MED-006,LOC-005,7.3708,6.2451,8.5001,RandomForest
2026-01-02,MED-006,LOC-005,7.5525,6.4268,8.6818,RandomForest
2026-01-03,MED-006,LOC-005,5.5185,4.3929,6.6478,RandomForest
2026-01-04,MED-006,LOC-005,4.1345,3.0089,5.2638,RandomForest
2026-01-05,MED-006,LOC-005,7.7314,6.6058,8.8607,RandomForest
2026-01-06,MED-006,LOC-005,7.4256,6.3,8.5549,RandomForest
2026-01-07,MED-006,LOC-005,7.201,6.0754,8.3304,RandomForest
2026-01-08,MED-006,LOC-005,7.3458,6.2202,8.4751,RandomForest
2026-01-09,MED-006,LOC-005,7.481,6.3554,8.6103,RandomForest
2026-01-10,MED-006,LOC-005,5.2703,4.1447,6.3996,RandomForest
2026-01-11,MED-006,LOC-005,3.9813,2.8557,5.1106,RandomForest
2026-01-12,MED-006,LOC-005,7.6742,6.5486,8.8035,RandomForest
2026-01-13,MED-006,LOC-005,7.7731,6.6474,8.9024,RandomForest
2026-01-14,MED-006,LOC-005,7.5328,6.4072,8.6621,RandomForest
2026-01-15,MED-006,LOC-005,7.4683,6.3426,8.5976,RandomForest
2026-01-16,MED-006,LOC-005,7.2566,6.131,8.386,RandomForest
2026-01-17,MED-006,LOC-005,5.205,4.0794,6.3343,RandomForest
2026-01-18,MED-006,LOC-005,4.0524,2.9268,5.1817,RandomForest
2026-01-19,MED-006,LOC-005,7.7902,6.6646,8.9195,RandomForest
2026-01-20,MED-006,LOC-005,7.5516,6.4259,8.6809,RandomForest
2026-01-21,MED-006,LOC-005,7.1765,6.0509,8.3058,RandomForest
2026-01-22,MED-006,LOC-005,6.869,5.7433,7.9983,RandomForest
2026-01-23,MED-006,LOC-005,6.8653,5.7397,7.9946,RandomForest
2026-01-24,MED-006,LOC-005,4.8664,3.7407,5.9957,RandomForest
2026-01-25,MED-006,LOC-005,4.0093,2.8837,5.1386,RandomForest
2026-01-26,MED-006,LOC-005,7.7693,6.6437,8.8986,RandomForest
2026-01-27,MED-006,LOC-005,7.4122,6.2866,8.5415,RandomForest
2026-01-28,MED-006,LOC-005,7.6172,6.4916,8.7465,RandomForest
2026-01-01,MED-007,LOC-001,58.3119,52.0773,67.18,RandomForest
2026-01-02,MED-007,LOC-001,57.456,51.2215,66.3241,RandomForest
2026-01-03,MED-007,LOC-001,40.9368,34.7023,49.8049,RandomForest
2026-01-04,MED-007,LOC-001,32.1069,25.8723,40.975,RandomForest
2026-01-05,MED-007,LOC-001,59.8618,53.6273,68.7299,RandomForest
2026-01-06,MED-007,LOC-001,57.3863,51.1517,66.2544,RandomForest
2026-01-07,MED-007,LOC-001,56.306,50.0715,65.1741,RandomForest
2026-01-08,MED-007,LOC-001,56.359,50.1244,65.2271,RandomForest
2026-01-09,MED-007,LOC-001,55.7175,49.4829,64.5856,RandomForest
2026-01-10,MED-007,LOC-001,40.6731,34.4385,49.5412,RandomForest
2026-01-11,MED-007,LOC-001,31.4092,25.1747,40.2773,RandomForest
2026-01-12,MED-007,LOC-001,57.4567,51.2222,66.3248,RandomForest
2026-01-13,MED-007,LOC-001,55.5303,49.2957,64.3984,RandomForest
2026-01-14,MED-007,LOC-001,55.6493,49.4148,64.5174,RandomForest
2026-01-15,MED-007,LOC-001,55.7109,49.4763,64.579,RandomForest
2026-01-16,MED-007,LOC-001,55.1213,48.8867,63.9894,RandomForest
2026-01-17,MED-007,LOC-001,39.5176,33.283,48.3857,RandomForest
2026-01-18,MED-007,LOC-001,29.8617,23.6271,38.7298,RandomForest
2026-01-19,MED-007,LOC-001,52.5692,46.3347,61.4373,RandomForest
2026-01-20,MED-007,LOC-001,56.0862,49.8516,64.9543,RandomForest
2026-01-21,MED-007,LOC-001,56.9073,50.6727,65.7754,RandomForest
2026-01-22,MED-007,LOC-001,57.2246,50.99,66.0927,RandomForest
2026-01-23,MED-007,LOC-001,56.816,50.5814,65.6841,RandomForest
2026-01-24,MED-007,LOC-001,37.388,31.1535,46.2561,RandomForest
2026-01-25,MED-007,LOC-001,28.3402,22.1057,37.2083,RandomForest
2026-01-26,MED-007,LOC-001,55.8267,49.5921,64.6948,RandomForest
2026-01-27,MED-007,LOC-001,57.4387,51.2041,66.3068,RandomForest
2026-01-28,MED-007,LOC-001,56.2557,50.0211,65.1238,RandomForest
2026-01-01,MED-007,LOC-002,43.3773,37.3185,48.7012,RandomForest
2026-01-02,MED-007,LOC-002,43.333,37.2741,48.6569,RandomForest
2026-01-03,MED-007,LOC-002,28.3115,22.2527,33.6354,RandomForest
2026-01-04,MED-007,LOC-002,28.5589,22.5001,33.8828,RandomForest
2026-01-05,MED-007,LOC-002,44.1876,38.1287,49.5115,RandomForest
2026-01-06,MED-007,LOC-002,42.3848,36.326,47.7087,RandomForest
2026-01-07,MED-007,LOC-002,40.5405,34.4817,45.8644,RandomForest
2026-01-08,MED-007,LOC-002,41.6361,35.5772,46.96,RandomForest
2026-01-09,MED-007,LOC-002,41.7599,35.701,47.0838,RandomForest
2026-01-10,MED-007,LOC-002,29.2741,23.2153,34.5981,RandomForest
2026-01-11,MED-007,LOC-002,24.6596,18.6008,29.9836,RandomForest
2026-01-12,MED-007,LOC-002,41.4712,35.4124,46.7951,RandomForest
2026-01-13,MED-007,LOC-002,41.3552,35.2964,46.6791,RandomForest
2026-01-14,MED-007,LOC-002,39.7409,33.682,45.0648,RandomForest
2026-01-15,MED-007,LOC-002,40.4026,34.3438,45.7266,RandomForest
2026-01-16,MED-007,LOC-002,39.6651,33.6062,44.989,RandomForest
2026-01-17,MED-007,LOC-002,27.4554,21.3966,32.7793,RandomForest
2026-01-18,MED-007,LOC-002,26.074,20.0151,31.3979,RandomForest
2026-01-19,MED-007,LOC-002,41.2626,35.2038,46.5866,RandomForest
2026-01-20,MED-007,LOC-002,41.615,35.5562,46.9389,RandomForest
2026-01-21,MED-007,LOC-002,40.3654,34.3066,45.6893,RandomForest
2026-01-22,MED-007,LOC-002,41.2614,35.2025,46.5853,RandomForest
2026-01-23,MED-007,LOC-002,41.5406,35.4817,46.8645,RandomForest
2026-01-24,MED-007,LOC-002,27.0849,21.0261,32.4088,RandomForest
2026-01-25,MED-007,LOC-002,23.4849,17.426,28.8088,RandomForest
2026-01-26,MED-007,LOC-002,43.566,37.5072,48.8899,RandomForest
2026-01-27,MED-007,LOC-002,42.6829,36.6241,48.0068,RandomForest
2026-01-28,MED-007,LOC-002,42.5842,36.5254,47.9082,RandomForest
2026-01-01,MED-007,LOC-003,35.5657,30.4568,40.5494,RandomForest
2026-01-02,MED-007,LOC-003,33.189,28.0801,38.1727,RandomForest
2026-01-03,MED-007,LOC-003,23.4247,18.3157,28.4084,RandomForest
2026-01-04,MED-007,LOC-003,19.0133,13.9044,23.997,RandomForest
2026-01-05,MED-007,LOC-003,37.1262,32.0172,42.1099,RandomForest
2026-01-06,MED-007,LOC-003,35.5994,30.4904,40.5831,RandomForest
2026-01-07,MED-007,LOC-003,31.9124,26.8034,36.8961,RandomForest
2026-01-08,MED-007,LOC-003,33.522,28.4131,38.5057,RandomForest
2026-01-09,MED-007,LOC-003,32.3063,27.1973,37.2899,RandomForest
2026-01-10,MED-007,LOC-003,21.7416,16.6326,26.7252,RandomForest
2026-01-11,MED-007,LOC-003,18.1048,12.9958,23.0885,RandomForest
2026-01-12,MED-007,LOC-003,35.1027,29.9937,40.0863,RandomForest
2026-01-13,MED-007,LOC-003,32.6535,27.5445,37.6372,RandomForest
2026-01-14,MED-007,LOC-003,31.571,26.462,36.5547,RandomForest
2026-01-15,MED-007,LOC-003,33.201,28.092,38.1847,RandomForest
2026-01-16,MED-007,LOC-003,30.5973,25.4884,35.581,RandomForest
2026-01-17,MED-007,LOC-003,23.2272,18.1183,28.2109,RandomForest
2026-01-18,MED-007,LOC-003,18.866,13.757,23.8497,RandomForest
2026-01-19,MED-007,LOC-003,33.5171,28.4081,38.5008,RandomForest
2026-01-20,MED-007,LOC-003,32.9413,27.8324,37.925,RandomForest
2026-01-21,MED-007,LOC-003,31.8862,26.7772,36.8699,RandomForest
2026-01-22,MED-007,LOC-003,32.4804,27.3714,37.464,RandomForest
2026-01-23,MED-007,LOC-003,32.6241,27.5151,37.6078,RandomForest
2026-01-24,MED-007,LOC-003,23.7652,18.6562,28.7489,RandomForest
2026-01-25,MED-007,LOC-003,18.9847,13.8758,23.9684,RandomForest
2026-01-26,MED-007,LOC-003,33.3567,28.2478,38.3404,RandomForest
2026-01-27,MED-007,LOC-003,33.4451,28.3362,38.4288,RandomForest
2026-01-28,MED-007,LOC-003,31.7212,26.6122,36.7049,RandomForest
2026-01-01,MED-007,LOC-004,26.2302,21.3635,29.0793,RandomForest
2026-01-02,MED-007,LOC-004,24.2029,19.3362,27.052,RandomForest
2026-01-03,MED-007,LOC-004,19.7124,14.8457,22.5616,RandomForest
2026-01-04,MED-007,LOC-004,15.9635,11.0968,18.8126,RandomForest
2026-01-05,MED-007,LOC-004,25.5319,20.6652,28.3811,RandomForest
2026-01-06,MED-007,LOC-004,25.124,20.2573,27.9731,RandomForest
2026-01-07,MED-007,LOC-004,23.9664,19.0997,26.8156,RandomForest
2026-01-08,MED-007,LOC-004,23.613,18.7464,26.4622,RandomForest
2026-01-09,MED-007,LOC-004,22.2821,17.4154,25.1313,RandomForest
2026-01-10,MED-007,LOC-004,17.3972,12.5306,20.2464,RandomForest
2026-01-11,MED-007,LOC-004,15.8024,10.9357,18.6516,RandomForest
2026-01-12,MED-007,LOC-004,25.417,20.5503,28.2661,RandomForest
2026-01-13,MED-007,LOC-004,25.4365,20.5698,28.2856,RandomForest
2026-01-14,MED-007,LOC-004,23.103,18.2363,25.9522,RandomForest
2026-01-15,MED-007,LOC-004,23.28,18.4133,26.1291,RandomForest
2026-01-16,MED-007,LOC-004,22.4764,17.6097,25.3255,RandomForest
2026-01-17,MED-007,LOC-004,17.4539,12.5872,20.303,RandomForest
2026-01-18,MED-007,LOC-004,13.8457,8.979,16.6949,RandomForest
2026-01-19,MED-007,LOC-004,24.7463,19.8797,27.5955,RandomForest
2026-01-20,MED-007,LOC-004,25.3294,20.4627,28.1785,RandomForest
2026-01-21,MED-007,LOC-004,25.171,20.3043,28.0201,RandomForest
2026-01-22,MED-007,LOC-004,24.1022,19.2355,26.9513,RandomForest
2026-01-23,MED-007,LOC-004,21.3338,16.4671,24.183,RandomForest
2026-01-24,MED-007,LOC-004,16.7764,11.9098,19.6256,RandomForest
2026-01-25,MED-007,LOC-004,15.4407,10.574,18.2899,RandomForest
2026-01-26,MED-007,LOC-004,25.0022,20.1355,27.8514,RandomForest
2026-01-27,MED-007,LOC-004,23.6725,18.8058,26.5216,RandomForest
2026-01-28,MED-007,LOC-004,24.4874,19.6207,27.3365,RandomForest
2026-01-01,MED-007,LOC-005,29.2672,24.2949,33.7071,RandomForest
2026-01-02,MED-007,LOC-005,28.0596,23.0873,32.4995,RandomForest
2026-01-03,MED-007,LOC-005,20.3662,15.3939,24.8061,RandomForest
2026-01-04,MED-007,LOC-005,16.9903,12.0179,21.4302,RandomForest
2026-01-05,MED-007,LOC-005,31.1247,26.1523,35.5646,RandomForest
2026-01-06,MED-007,LOC-005,27.1751,22.2028,31.615,RandomForest
2026-01-07,MED-007,LOC-005,29.9659,24.9935,34.4058,RandomForest
2026-01-08,MED-007,LOC-005,28.5818,23.6095,33.0217,RandomForest
2026-01-09,MED-007,LOC-005,28.2014,23.2291,32.6413,RandomForest
2026-01-10,MED-007,LOC-005,19.8664,14.894,24.3063,RandomForest
2026-01-11,MED-007,LOC-005,16.6635,11.6912,21.1034,RandomForest
2026-01-12,MED-007,LOC-005,30.1808,25.2085,34.6207,RandomForest
2026-01-13,MED-007,LOC-005,29.0715,24.0992,33.5114,RandomForest
2026-01-14,MED-007,LOC-005,29.6547,24.6824,34.0946,RandomForest
2026-01-15,MED-007,LOC-005,29.3212,24.3488,33.7611,RandomForest
2026-01-16,MED-007,LOC-005,27.6009,22.6286,32.0408,RandomForest
2026-01-17,MED-007,LOC-005,20.0485,15.0762,24.4884,RandomForest
2026-01-18,MED-007,LOC-005,17.7182,12.7458,22.1581,RandomForest
2026-01-19,MED-007,LOC-005,30.1275,25.1552,34.5674,RandomForest
2026-01-20,MED-007,LOC-005,29.8558,24.8835,34.2957,RandomForest
2026-01-21,MED-007,LOC-005,27.4346,22.4622,31.8745,RandomForest
2026-01-22,MED-007,LOC-005,27.9049,22.9325,32.3448,RandomForest
2026-01-23,MED-007,LOC-005,28.7188,23.7465,33.1587,RandomForest
2026-01-24,MED-007,LOC-005,20.427,15.4547,24.8669,RandomForest
2026-01-25,MED-007,LOC-005,16.7889,11.8166,21.2288,RandomForest
2026-01-26,MED-007,LOC-005,30.4295,25.4571,34.8694,RandomForest
2026-01-27,MED-007,LOC-005,29.3564,24.3841,33.7963,RandomForest
2026-01-28,MED-007,LOC-005,29.0917,24.1194,33.5316,RandomForest
2026-01-01,MED-008,LOC-001,27.9253,22.6498,31.5885,RandomForest
2026-01-02,MED-008,LOC-001,26.9197,21.6443,30.5829,RandomForest
2026-01-03,MED-008,LOC-001,19.2342,13.9588,22.8975,RandomForest
2026-01-04,MED-008,LOC-001,14.79,9.5146,18.4532,RandomForest
2026-01-05,MED-008,LOC-001,28.6691,23.3936,32.3323,RandomForest
2026-01-06,MED-008,LOC-001,27.0994,21.8239,30.7626,RandomForest
2026-01-07,MED-008,LOC-001,26.6622,21.3868,30.3255,RandomForest
2026-01-08,MED-008,LOC-001,27.6434,22.3679,31.3066,RandomForest
2026-01-09,MED-008,LOC-001,24.2224,18.947,27.8856,RandomForest
2026-01-10,MED-008,LOC-001,18.2694,12.994,21.9326,RandomForest
2026-01-11,MED-008,LOC-001,16.1455,10.87,19.8087,RandomForest
2026-01-12,MED-008,LOC-001,28.1828,22.9073,31.846,RandomForest
2026-01-13,MED-008,LOC-001,26.8329,21.5574,30.4961,RandomForest
2026-01-14,MED-008,LOC-001,25.4704,20.1949,29.1336,RandomForest
2026-01-15,MED-008,LOC-001,25.9056,20.6301,29.5688,RandomForest
2026-01-16,MED-008,LOC-001,23.8236,18.5481,27.4868,RandomForest
2026-01-17,MED-008,LOC-001,20.3219,15.0464,23.9851,RandomForest
2026-01-18,MED-008,LOC-001,16.881,11.6055,20.5442,RandomForest
2026-01-19,MED-008,LOC-001,27.9805,22.705,31.6437,RandomForest
2026-01-20,MED-008,LOC-001,26.5412,21.2657,30.2044,RandomForest
2026-01-21,MED-008,LOC-001,26.2965,21.021,29.9597,RandomForest
2026-01-22,MED-008,LOC-001,25.6769,20.4014,29.3401,RandomForest
2026-01-23,MED-008,LOC-001,24.8947,19.6193,28.5579,RandomForest
2026-01-24,MED-008,LOC-001,17.4535,12.178,21.1167,RandomForest
2026-01-25,MED-008,LOC-001,15.5848,10.3093,19.248,RandomForest
2026-01-26,MED-008,LOC-001,27.8669,22.5914,31.5301,RandomForest
2026-01-27,MED-008,LOC-001,25.4897,20.2143,29.1529,RandomForest
2026-01-28,MED-008,LOC-001,26.7857,21.5102,30.4489,RandomForest
2026-01-01,MED-008,LOC-002,21.1111,17.6165,23.8616,RandomForest
2026-01-02,MED-008,LOC-002,19.9399,16.4453,22.6904,RandomForest
2026-01-03,MED-008,LOC-002,13.9133,10.4187,16.6638,RandomForest
2026-01-04,MED-008,LOC-002,12.0527,8.558,14.8032,RandomForest
2026-01-05,MED-008,LOC-002,20.5044,17.0098,23.2549,RandomForest
2026-01-06,MED-008,LOC-002,20.135,16.6404,22.8855,RandomForest
2026-01-07,MED-008,LOC-002,20.5281,17.0335,23.2786,RandomForest
2026-01-08,MED-008,LOC-002,20.3461,16.8515,23.0966,RandomForest
2026-01-09,MED-008,LOC-002,19.6866,16.1919,22.437,RandomForest
2026-01-10,MED-008,LOC-002,14.3531,10.8585,17.1036,RandomForest
2026-01-11,MED-008,LOC-002,11.7891,8.2945,14.5396,RandomForest
2026-01-12,MED-008,LOC-002,20.5205,17.0259,23.271,RandomForest
2026-01-13,MED-008,LOC-002,20.1085,16.6139,22.859,RandomForest
2026-01-14,MED-008,LOC-002,19.7167,16.2221,22.4672,RandomForest
2026-01-15,MED-008,LOC-002,20.4377,16.9431,23.1882,RandomForest
2026-01-16,MED-008,LOC-002,20.3598,16.8652,23.1103,RandomForest
2026-01-17,MED-008,LOC-002,13.6544,10.1598,16.4049,RandomForest
2026-01-18,MED-008,LOC-002,11.747,8.2523,14.4975,RandomForest
2026-01-19,MED-008,LOC-002,20.276,16.7814,23.0265,RandomForest
2026-01-20,MED-008,LOC-002,20.4611,16.9665,23.2116,RandomForest
2026-01-21,MED-008,LOC-002,18.633,15.1383,21.3834,RandomForest
2026-01-22,MED-008,LOC-002,19.6749,16.1802,22.4254,RandomForest
2026-01-23,MED-008,LOC-002,19.6552,16.1606,22.4057,RandomForest
2026-01-24,MED-008,LOC-002,13.1949,9.7002,15.9453,RandomForest
2026-01-25,MED-008,LOC-002,12.188,8.6934,14.9385,RandomForest
2026-01-26,MED-008,LOC-002,20.8434,17.3487,23.5938,RandomForest
2026-01-27,MED-008,LOC-002,20.1231,16.6285,22.8736,RandomForest
2026-01-28,MED-008,LOC-002,18.2913,14.7967,21.0418,RandomForest
2026-01-01,MED-008,LOC-003,16.1084,13.2016,18.1042,RandomForest
2026-01-02,MED-008,LOC-003,15.9313,13.0245,17.9271,RandomForest
2026-01-03,MED-008,LOC-003,10.3576,7.4509,12.3535,RandomForest
2026-01-04,MED-008,LOC-003,9.0808,6.1741,11.0767,RandomForest
2026-01-05,MED-008,LOC-003,16.0901,13.1833,18.0859,RandomForest
2026-01-06,MED-008,LOC-003,15.5066,12.5998,17.5024,RandomForest
2026-01-07,MED-008,LOC-003,14.6101,11.7034,16.6059,RandomForest
2026-01-08,MED-008,LOC-003,15.8217,12.915,17.8176,RandomForest
2026-01-09,MED-008,LOC-003,15.1259,12.2191,17.1217,RandomForest
2026-01-10,MED-008,LOC-003,10.7466,7.8398,12.7424,RandomForest
2026-01-11,MED-008,LOC-003,8.9371,6.0303,10.9329,RandomForest
2026-01-12,MED-008,LOC-003,16.155,13.2482,18.1508,RandomForest
2026-01-13,MED-008,LOC-003,15.9016,12.9948,17.8974,RandomForest
2026-01-14,MED-008,LOC-003,15.8287,12.9219,17.8245,RandomForest
2026-01-15,MED-008,LOC-003,15.9114,13.0046,17.9072,RandomForest
2026-01-16,MED-008,LOC-003,14.7447,11.838,16.7406,RandomForest
2026-01-17,MED-008,LOC-003,9.8252,6.9184,11.821,RandomForest
2026-01-18,MED-008,LOC-003,8.6939,5.7871,10.6897,RandomForest
2026-01-19,MED-008,LOC-003,16.0718,13.165,18.0676,RandomForest
2026-01-20,MED-008,LOC-003,16.0979,13.1911,18.0937,RandomForest
2026-01-21,MED-008,LOC-003,15.7513,12.8445,17.7471,RandomForest
2026-01-22,MED-008,LOC-003,15.7858,12.879,17.7816,RandomForest
2026-01-23,MED-008,LOC-003,13.9522,11.0454,15.948,RandomForest
2026-01-24,MED-008,LOC-003,10.3857,7.479,12.3815,RandomForest
2026-01-25,MED-008,LOC-003,8.5536,5.6468,10.5494,RandomForest
2026-01-26,MED-008,LOC-003,16.3956,13.4888,18.3914,RandomForest
2026-01-27,MED-008,LOC-003,15.7337,12.827,17.7295,RandomForest
2026-01-28,MED-008,LOC-003,14.7088,11.802,16.7046,RandomForest
2026-01-01,MED-008,LOC-004,12.3901,10.1081,13.9682,RandomForest
2026-01-02,MED-008,LOC-004,11.2516,8.9695,12.8296,RandomForest
2026-01-03,MED-008,LOC-004,8.2785,5.9964,9.8565,RandomForest
2026-01-04,MED-008,LOC-004,7.4904,5.2083,9.0684,RandomForest
2026-01-05,MED-008,LOC-004,13.086,10.8039,14.664,RandomForest
2026-01-06,MED-008,LOC-004,11.4413,9.1593,13.0193,RandomForest
2026-01-07,MED-008,LOC-004,11.8207,9.5386,13.3987,RandomForest
2026-01-08,MED-008,LOC-004,12.0444,9.7623,13.6224,RandomForest
2026-01-09,MED-008,LOC-004,11.3154,9.0334,12.8935,RandomForest
2026-01-10,MED-008,LOC-004,8.0169,5.7348,9.5949,RandomForest
2026-01-11,MED-008,LOC-004,6.705,4.4229,8.283,RandomForest
2026-01-12,MED-008,LOC-004,12.4161,10.1341,13.9942,RandomForest
2026-01-13,MED-008,LOC-004,12.4624,10.1803,14.0404,RandomForest
2026-01-14,MED-008,LOC-004,11.3786,9.0965,12.9566,RandomForest
2026-01-15,MED-008,LOC-004,11.7497,9.4676,13.3277,RandomForest
2026-01-16,MED-008,LOC-004,11.0961,8.814,12.6741,RandomForest
2026-01-17,MED-008,LOC-004,7.7524,5.4703,9.3304,RandomForest
2026-01-18,MED-008,LOC-004,6.513,4.2309,8.091,RandomForest
2026-01-19,MED-008,LOC-004,12.973,10.6909,14.551,RandomForest
2026-01-20,MED-008,LOC-004,11.5786,9.2966,13.1566,RandomForest
2026-01-21,MED-008,LOC-004,11.2985,9.0165,12.8766,RandomForest
2026-01-22,MED-008,LOC-004,11.5802,9.2981,13.1582,RandomForest
2026-01-23,MED-008,LOC-004,11.0354,8.7534,12.6134,RandomForest
2026-01-24,MED-008,LOC-004,8.2394,5.9573,9.8174,RandomForest
2026-01-25,MED-008,LOC-004,6.4055,4.1235,7.9835,RandomForest
2026-01-26,MED-008,LOC-004,12.0163,9.7342,13.5943,RandomForest
2026-01-27,MED-008,LOC-004,11.498,9.2159,13.076,RandomForest
2026-01-28,MED-008,LOC-004,11.6674,9.3853,13.2454,RandomForest
2026-01-01,MED-008,LOC-005,14.348,12.0354,16.0967,RandomForest
2026-01-02,MED-008,LOC-005,13.2997,10.9871,15.0484,RandomForest
2026-01-03,MED-008,LOC-005,10.5054,8.1928,12.2541,RandomForest
2026-01-04,MED-008,LOC-005,8.2067,5.8941,9.9554,RandomForest
2026-01-05,MED-008,LOC-005,14.9018,12.5892,16.6505,RandomForest
2026-01-06,MED-008,LOC-005,14.5914,12.2788,16.3401,RandomForest
2026-01-07,MED-008,LOC-005,14.0909,11.7783,15.8396,RandomForest
2026-01-08,MED-008,LOC-005,14.3014,11.9888,16.0501,RandomForest
2026-01-09,MED-008,LOC-005,13.7222,11.4096,15.471,RandomForest
2026-01-10,MED-008,LOC-005,10.4369,8.1243,12.1856,RandomForest
2026-01-11,MED-008,LOC-005,8.1668,5.8542,9.9155,RandomForest
2026-01-12,MED-008,LOC-005,14.5781,12.2655,16.3268,RandomForest
2026-01-13,MED-008,LOC-005,14.3767,12.0641,16.1254,RandomForest
2026-01-14,MED-008,LOC-005,13.6728,11.3602,15.4215,RandomForest
2026-01-15,MED-008,LOC-005,14.2,11.8874,15.9487,RandomForest
2026-01-16,MED-008,LOC-005,13.6469,11.3343,15.3956,RandomForest
2026-01-17,MED-008,LOC-005,9.1806,6.868,10.9293,RandomForest
2026-01-18,MED-008,LOC-005,7.7909,5.4783,9.5396,RandomForest
2026-01-19,MED-008,LOC-005,14.7476,12.435,16.4963,RandomForest
2026-01-20,MED-008,LOC-005,14.6471,12.3345,16.3958,RandomForest
2026-01-21,MED-008,LOC-005,11.9397,9.6271,13.6884,RandomForest
2026-01-22,MED-008,LOC-005,13.3665,11.0539,15.1152,RandomForest
2026-01-23,MED-008,LOC-005,13.6036,11.291,15.3523,RandomForest
2026-01-24,MED-008,LOC-005,8.6187,6.3061,10.3674,RandomForest
2026-01-25,MED-008,LOC-005,7.5872,5.2746,9.3359,RandomForest
2026-01-26,MED-008,LOC-005,13.9963,11.6837,15.745,RandomForest
2026-01-27,MED-008,LOC-005,14.642,12.3294,16.3907,RandomForest
2026-01-28,MED-008,LOC-005,12.3909,10.0783,14.1396,RandomForest
2026-01-01,MED-009,LOC-001,69.7188,58.8196,80.3825,RandomForest
2026-01-02,MED-009,LOC-001,70.0243,59.1252,80.6881,RandomForest
2026-01-03,MED-009,LOC-001,49.0846,38.1855,59.7484,RandomForest
2026-01-04,MED-009,LOC-001,43.3298,32.4307,53.9936,RandomForest
2026-01-05,MED-009,LOC-001,74.3719,63.4727,85.0356,RandomForest
2026-01-06,MED-009,LOC-001,68.6849,57.7857,79.3486,RandomForest
2026-01-07,MED-009,LOC-001,68.0169,57.1178,78.6807,RandomForest
2026-01-08,MED-009,LOC-001,67.0182,56.1191,77.682,RandomForest
2026-01-09,MED-009,LOC-001,68.0171,57.1179,78.6808,RandomForest
2026-01-10,MED-009,LOC-001,49.0676,38.1684,59.7313,RandomForest
2026-01-11,MED-009,LOC-001,38.7079,27.8088,49.3717,RandomForest
2026-01-12,MED-009,LOC-001,71.9274,61.0282,82.5912,RandomForest
2026-01-13,MED-009,LOC-001,70.6323,59.7332,81.2961,RandomForest
2026-01-14,MED-009,LOC-001,68.5127,57.6136,79.1765,RandomForest
2026-01-15,MED-009,LOC-001,65.0631,54.1639,75.7269,RandomForest
2026-01-16,MED-009,LOC-001,67.0873,56.1881,77.7511,RandomForest
2026-01-17,MED-009,LOC-001,47.2624,36.3632,57.9261,RandomForest
2026-01-18,MED-009,LOC-001,36.6019,25.7028,47.2657,RandomForest
2026-01-19,MED-009,LOC-001,69.318,58.4189,79.9818,RandomForest
2026-01-20,MED-009,LOC-001,68.1717,57.2726,78.8355,RandomForest
2026-01-21,MED-009,LOC-001,66.8685,55.9694,77.5323,RandomForest
2026-01-22,MED-009,LOC-001,63.864,52.9649,74.5278,RandomForest
2026-01-23,MED-009,LOC-001,67.8532,56.954,78.517,RandomForest
2026-01-24,MED-009,LOC-001,43.5018,32.6026,54.1655,RandomForest
2026-01-25,MED-009,LOC-001,37.653,26.7538,48.3167,RandomForest
2026-01-26,MED-009,LOC-001,68.3632,57.464,79.0269,RandomForest
2026-01-27,MED-009,LOC-001,67.1876,56.2884,77.8513,RandomForest
2026-01-28,MED-009,LOC-001,66.3729,55.4737,77.0366,RandomForest
2026-01-01,MED-009,LOC-002,54.9124,47.3174,64.4703,RandomForest
2026-01-02,MED-009,LOC-002,51.0794,43.4844,60.6372,RandomForest
2026-01-03,MED-009,LOC-002,37.0089,29.414,46.5668,RandomForest
2026-01-04,MED-009,LOC-002,31.3228,23.7279,40.8807,RandomForest
2026-01-05,MED-009,LOC-002,58.9318,51.3369,68.4897,RandomForest
2026-01-06,MED-009,LOC-002,53.9915,46.3966,63.5494,RandomForest
2026-01-07,MED-009,LOC-002,54.7049,47.1099,64.2627,RandomForest
2026-01-08,MED-009,LOC-002,55.2121,47.6172,64.77,RandomForest
2026-01-09,MED-009,LOC-002,52.1179,44.523,61.6758,RandomForest
2026-01-10,MED-009,LOC-002,35.2815,27.6866,44.8394,RandomForest
2026-01-11,MED-009,LOC-002,28.9186,21.3236,38.4764,RandomForest
2026-01-12,MED-009,LOC-002,59.1131,51.5181,68.671,RandomForest
2026-01-13,MED-009,LOC-002,54.5594,46.9645,64.1173,RandomForest
2026-01-14,MED-009,LOC-002,54.1703,46.5753,63.7282,RandomForest
2026-01-15,MED-009,LOC-002,53.9254,46.3304,63.4832,RandomForest
2026-01-16,MED-009,LOC-002,53.1195,45.5246,62.6774,RandomForest
2026-01-17,MED-009,LOC-002,35.91,28.3151,45.4679,RandomForest
2026-01-18,MED-009,LOC-002,28.4532,20.8583,38.0111,RandomForest
2026-01-19,MED-009,LOC-002,56.8995,49.3046,66.4574,RandomForest
2026-01-20,MED-009,LOC-002,52.006,44.4111,61.5639,RandomForest
2026-01-21,MED-009,LOC-002,52.4659,44.8709,62.0238,RandomForest
2026-01-22,MED-009,LOC-002,54.2679,46.6729,63.8257,RandomForest
2026-01-23,MED-009,LOC-002,50.4173,42.8224,59.9752,RandomForest
2026-01-24,MED-009,LOC-002,32.8377,25.2428,42.3956,RandomForest
2026-01-25,MED-009,LOC-002,29.667,22.072,39.2249,RandomForest
2026-01-26,MED-009,LOC-002,57.6042,50.0093,67.1621,RandomForest
2026-01-27,MED-009,LOC-002,52.5787,44.9837,62.1365,RandomForest
2026-01-28,MED-009,LOC-002,52.6609,45.066,62.2188,RandomForest
2026-01-01,MED-009,LOC-003,40.0357,34.2274,45.2294,RandomForest
2026-01-02,MED-009,LOC-003,40.2586,34.4502,45.4522,RandomForest
2026-01-03,MED-009,LOC-003,29.1553,23.3469,34.3489,RandomForest
2026-01-04,MED-009,LOC-003,25.1951,19.3867,30.3888,RandomForest
2026-01-05,MED-009,LOC-003,42.9578,37.1494,48.1515,RandomForest
2026-01-06,MED-009,LOC-003,41.5404,35.732,46.734,RandomForest
2026-01-07,MED-009,LOC-003,41.3235,35.5151,46.5171,RandomForest
2026-01-08,MED-009,LOC-003,40.0709,34.2625,45.2645,RandomForest
2026-01-09,MED-009,LOC-003,39.1682,33.3598,44.3619,RandomForest
2026-01-10,MED-009,LOC-003,27.1478,21.3394,32.3415,RandomForest
2026-01-11,MED-009,LOC-003,24.1705,18.3621,29.3641,RandomForest
2026-01-12,MED-009,LOC-003,41.9744,36.1661,47.1681,RandomForest
2026-01-13,MED-009,LOC-003,40.5839,34.7755,45.7776,RandomForest
2026-01-14,MED-009,LOC-003,39.8451,34.0367,45.0387,RandomForest
2026-01-15,MED-009,LOC-003,41.7879,35.9795,46.9816,RandomForest
2026-01-16,MED-009,LOC-003,37.8956,32.0872,43.0893,RandomForest
2026-01-17,MED-009,LOC-003,26.7782,20.9698,31.9718,RandomForest
2026-01-18,MED-009,LOC-003,25.3821,19.5737,30.5757,RandomForest
2026-01-19,MED-009,LOC-003,41.3808,35.5724,46.5745,RandomForest
2026-01-20,MED-009,LOC-003,40.9005,35.0921,46.0941,RandomForest
2026-01-21,MED-009,LOC-003,41.6314,35.823,46.8251,RandomForest
2026-01-22,MED-009,LOC-003,42.3282,36.5198,47.5219,RandomForest
2026-01-23,MED-009,LOC-003,37.8706,32.0622,43.0642,RandomForest
2026-01-24,MED-009,LOC-003,24.7572,18.9488,29.9509,RandomForest
2026-01-25,MED-009,LOC-003,23.1375,17.3291,28.3312,RandomForest
2026-01-26,MED-009,LOC-003,42.3413,36.533,47.535,RandomForest
2026-01-27,MED-009,LOC-003,41.7061,35.8977,46.8997,RandomForest
2026-01-28,MED-009,LOC-003,41.1466,35.3382,46.3403,RandomForest
2026-01-01,MED-009,LOC-004,32.588,28.8715,36.954,RandomForest
2026-01-02,MED-009,LOC-004,31.9652,28.2487,36.3313,RandomForest
2026-01-03,MED-009,LOC-004,22.2109,18.4944,26.577,RandomForest
2026-01-04,MED-009,LOC-004,19.0628,15.3463,23.4288,RandomForest
2026-01-05,MED-009,LOC-004,34.2168,30.5003,38.5829,RandomForest
2026-01-06,MED-009,LOC-004,33.1127,29.3962,37.4788,RandomForest
2026-01-07,MED-009,LOC-004,31.6277,27.9112,35.9937,RandomForest
2026-01-08,MED-009,LOC-004,33.0476,29.3311,37.4137,RandomForest
2026-01-09,MED-009,LOC-004,30.5593,26.8428,34.9253,RandomForest
2026-01-10,MED-009,LOC-004,21.3445,17.628,25.7105,RandomForest
2026-01-11,MED-009,LOC-004,19.2415,15.525,23.6076,RandomForest
2026-01-12,MED-009,LOC-004,33.4726,29.7561,37.8386,RandomForest
2026-01-13,MED-009,LOC-004,30.9696,27.2531,35.3356,RandomForest
2026-01-14,MED-009,LOC-004,30.8358,27.1193,35.2018,RandomForest
2026-01-15,MED-009,LOC-004,30.6579,26.9414,35.0239,RandomForest
2026-01-16,MED-009,LOC-004,30.0035,26.287,34.3695,RandomForest
2026-01-17,MED-009,LOC-004,20.7996,17.0831,25.1657,RandomForest
2026-01-18,MED-009,LOC-004,18.568,14.8515,22.934,RandomForest
2026-01-19,MED-009,LOC-004,33.3226,29.6061,37.6887,RandomForest
2026-01-20,MED-009,LOC-004,31.567,27.8505,35.933,RandomForest
2026-01-21,MED-009,LOC-004,32.4539,28.7374,36.8199,RandomForest
2026-01-22,MED-009,LOC-004,30.8162,27.0997,35.1822,RandomForest
2026-01-23,MED-009,LOC-004,30.3976,26.6811,34.7636,RandomForest
2026-01-24,MED-009,LOC-004,19.9463,16.2298,24.3124,RandomForest
2026-01-25,MED-009,LOC-004,17.4767,13.7602,21.8427,RandomForest
2026-01-26,MED-009,LOC-004,32.4784,28.7619,36.8444,RandomForest
2026-01-27,MED-009,LOC-004,31.3666,27.6501,35.7326,RandomForest
2026-01-28,MED-009,LOC-004,30.5344,26.8179,34.9005,RandomForest
2026-01-01,MED-009,LOC-005,38.7653,34.0128,43.7131,RandomForest
2026-01-02,MED-009,LOC-005,37.9424,33.1899,42.8903,RandomForest
2026-01-03,MED-009,LOC-005,25.4278,20.6753,30.3757,RandomForest
2026-01-04,MED-009,LOC-005,22.0083,17.2558,26.9562,RandomForest
2026-01-05,MED-009,LOC-005,39.7081,34.9556,44.656,RandomForest
2026-01-06,MED-009,LOC-005,37.5385,32.786,42.4863,RandomForest
2026-01-07,MED-009,LOC-005,37.5378,32.7853,42.4857,RandomForest
2026-01-08,MED-009,LOC-005,37.2715,32.519,42.2193,RandomForest
2026-01-09,MED-009,LOC-005,36.7549,32.0024,41.7027,RandomForest
2026-01-10,MED-009,LOC-005,24.7408,19.9883,29.6887,RandomForest
2026-01-11,MED-009,LOC-005,20.8516,16.0991,25.7995,RandomForest
2026-01-12,MED-009,LOC-005,38.4722,33.7197,43.4201,RandomForest
2026-01-13,MED-009,LOC-005,37.2384,32.4859,42.1863,RandomForest
2026-01-14,MED-009,LOC-005,36.6841,31.9315,41.6319,RandomForest
2026-01-15,MED-009,LOC-005,37.0705,32.318,42.0184,RandomForest
2026-01-16,MED-009,LOC-005,32.9833,28.2307,37.9311,RandomForest
2026-01-17,MED-009,LOC-005,24.7024,19.9499,29.6503,RandomForest
2026-01-18,MED-009,LOC-005,19.3771,14.6246,24.325,RandomForest
2026-01-19,MED-009,LOC-005,37.1414,32.3888,42.0892,RandomForest
2026-01-20,MED-009,LOC-005,36.5251,31.7726,41.473,RandomForest
2026-01-21,MED-009,LOC-005,34.3999,29.6474,39.3477,RandomForest
2026-01-22,MED-009,LOC-005,36.5126,31.76,41.4604,RandomForest
2026-01-23,MED-009,LOC-005,33.5083,28.7557,38.4561,RandomForest
2026-01-24,MED-009,LOC-005,22.4683,17.7158,27.4162,RandomForest
2026-01-25,MED-009,LOC-005,19.46,14.7074,24.4078,RandomForest
2026-01-26,MED-009,LOC-005,36.0338,31.2813,40.9817,RandomForest
2026-01-27,MED-009,LOC-005,37.7219,32.9694,42.6698,RandomForest
2026-01-28,MED-009,LOC-005,34.6729,29.9204,39.6208,RandomForest
2026-01-01,MED-010,LOC-001,39.1867,31.8523,43.9507,RandomForest
2026-01-02,MED-010,LOC-001,40.2686,32.9342,45.0327,RandomForest
2026-01-03,MED-010,LOC-001,26.2361,18.9017,31.0001,RandomForest
2026-01-04,MED-010,LOC-001,22.5538,15.2194,27.3178,RandomForest
2026-01-05,MED-010,LOC-001,42.1641,34.8297,46.9281,RandomForest
2026-01-06,MED-010,LOC-001,41.2637,33.9293,46.0277,RandomForest
2026-01-07,MED-010,LOC-001,40.0846,32.7502,44.8486,RandomForest
2026-01-08,MED-010,LOC-001,37.901,30.5666,42.665,RandomForest
2026-01-09,MED-010,LOC-001,38.9889,31.6545,43.7529,RandomForest
2026-01-10,MED-010,LOC-001,27.9709,20.6365,32.7349,RandomForest
2026-01-11,MED-010,LOC-001,23.5058,16.1714,28.2698,RandomForest
2026-01-12,MED-010,LOC-001,41.2075,33.8731,45.9715,RandomForest
2026-01-13,MED-010,LOC-001,40.379,33.0446,45.143,RandomForest
2026-01-14,MED-010,LOC-001,39.8143,32.4799,44.5783,RandomForest
2026-01-15,MED-010,LOC-001,37.7796,30.4452,42.5436,RandomForest
2026-01-16,MED-010,LOC-001,39.048,31.7136,43.812,RandomForest
2026-01-17,MED-010,LOC-001,25.349,18.0146,30.113,RandomForest
2026-01-18,MED-010,LOC-001,21.5941,14.2597,26.3581,RandomForest
2026-01-19,MED-010,LOC-001,40.603,33.2686,45.367,RandomForest
2026-01-20,MED-010,LOC-001,39.8379,32.5035,44.6019,RandomForest
2026-01-21,MED-010,LOC-001,39.3346,32.0002,44.0986,RandomForest
2026-01-22,MED-010,LOC-001,38.8012,31.4668,43.5652,RandomForest
2026-01-23,MED-010,LOC-001,39.9451,32.6107,44.7091,RandomForest
2026-01-24,MED-010,LOC-001,22.2667,14.9323,27.0307,RandomForest
2026-01-25,MED-010,LOC-001,21.7921,14.4577,26.5561,RandomForest
2026-01-26,MED-010,LOC-001,41.6513,34.3169,46.4153,RandomForest
2026-01-27,MED-010,LOC-001,40.5107,33.1763,45.2747,RandomForest
2026-01-28,MED-010,LOC-001,40.4661,33.1317,45.2301,RandomForest
2026-01-01,MED-010,LOC-002,29.4129,24.348,34.0337,RandomForest
2026-01-02,MED-010,LOC-002,30.5491,25.4842,35.1699,RandomForest
2026-01-03,MED-010,LOC-002,19.7265,14.6616,24.3473,RandomForest
2026-01-04,MED-010,LOC-002,16.2217,11.1568,20.8425,RandomForest
2026-01-05,MED-010,LOC-002,31.0551,25.9902,35.6759,RandomForest
2026-01-06,MED-010,LOC-002,30.3156,25.2507,34.9364,RandomForest
2026-01-07,MED-010,LOC-002,28.8923,23.8274,33.5131,RandomForest
2026-01-08,MED-010,LOC-002,29.1851,24.1202,33.8058,RandomForest
2026-01-09,MED-010,LOC-002,28.8164,23.7514,33.4371,RandomForest
2026-01-10,MED-010,LOC-002,19.4339,14.369,24.0547,RandomForest
2026-01-11,MED-010,LOC-002,16.9141,11.8492,21.5349,RandomForest
2026-01-12,MED-010,LOC-002,30.72,25.655,35.3407,RandomForest
2026-01-13,MED-010,LOC-002,29.4693,24.4044,34.0901,RandomForest
2026-01-14,MED-010,LOC-002,29.6532,24.5882,34.2739,RandomForest
2026-01-15,MED-010,LOC-002,29.4742,24.4093,34.095,RandomForest
2026-01-16,MED-010,LOC-002,27.8173,22.7524,32.4381,RandomForest
2026-01-17,MED-010,LOC-002,19.0343,13.9694,23.6551,RandomForest
2026-01-18,MED-010,LOC-002,16.0219,10.957,20.6427,RandomForest
2026-01-19,MED-010,LOC-002,30.8569,25.792,35.4777,RandomForest
2026-01-20,MED-010,LOC-002,29.4797,24.4148,34.1005,RandomForest
2026-01-21,MED-010,LOC-002,29.1124,24.0475,33.7331,RandomForest
2026-01-22,MED-010,LOC-002,30.866,25.8011,35.4867,RandomForest
2026-01-23,MED-010,LOC-002,29.5958,24.5309,34.2165,RandomForest
2026-01-24,MED-010,LOC-002,20.5342,15.4693,25.155,RandomForest
2026-01-25,MED-010,LOC-002,16.3065,11.2416,20.9273,RandomForest
2026-01-26,MED-010,LOC-002,31.046,25.9811,35.6668,RandomForest
2026-01-27,MED-010,LOC-002,29.3492,24.2842,33.9699,RandomForest
2026-01-28,MED-010,LOC-002,28.1138,23.0489,32.7346,RandomForest
2026-01-01,MED-010,LOC-003,24.7701,21.2217,27.3174,RandomForest
2026-01-02,MED-010,LOC-003,23.3737,19.8254,25.921,RandomForest
2026-01-03,MED-010,LOC-003,15.341,11.7927,17.8883,RandomForest
2026-01-04,MED-010,LOC-003,14.1778,10.6294,16.7251,RandomForest
2026-01-05,MED-010,LOC-003,23.8977,20.3493,26.445,RandomForest
2026-01-06,MED-010,LOC-003,22.4846,18.9362,25.0319,RandomForest
2026-01-07,MED-010,LOC-003,22.7284,19.18,25.2757,RandomForest
2026-01-08,MED-010,LOC-003,23.3745,19.8262,25.9218,RandomForest
2026-01-09,MED-010,LOC-003,23.1218,19.5734,25.6691,RandomForest
2026-01-10,MED-010,LOC-003,15.618,12.0696,18.1652,RandomForest
2026-01-11,MED-010,LOC-003,12.6073,9.0589,15.1546,RandomForest
2026-01-12,MED-010,LOC-003,25.4653,21.9169,28.0126,RandomForest
2026-01-13,MED-010,LOC-003,22.861,19.3127,25.4083,RandomForest
2026-01-14,MED-010,LOC-003,23.1519,19.6035,25.6992,RandomForest
2026-01-15,MED-010,LOC-003,22.99,19.4416,25.5373,RandomForest
2026-01-16,MED-010,LOC-003,23.5312,19.9828,26.0785,RandomForest
2026-01-17,MED-010,LOC-003,16.1624,12.614,18.7097,RandomForest
2026-01-18,MED-010,LOC-003,14.5605,11.0121,17.1078,RandomForest
2026-01-19,MED-010,LOC-003,22.7806,19.2322,25.3279,RandomForest
2026-01-20,MED-010,LOC-003,22.545,18.9966,25.0923,RandomForest
2026-01-21,MED-010,LOC-003,20.3876,16.8392,22.9349,RandomForest
2026-01-22,MED-010,LOC-003,22.2346,18.6862,24.7819,RandomForest
2026-01-23,MED-010,LOC-003,21.4542,17.9058,24.0015,RandomForest
2026-01-24,MED-010,LOC-003,14.2231,10.6747,16.7704,RandomForest
2026-01-25,MED-010,LOC-003,14.5538,11.0055,17.1011,RandomForest
2026-01-26,MED-010,LOC-003,23.2282,19.6798,25.7755,RandomForest
2026-01-27,MED-010,LOC-003,22.389,18.8406,24.9363,RandomForest
2026-01-28,MED-010,LOC-003,20.5283,16.9799,23.0756,RandomForest
2026-01-01,MED-010,LOC-004,17.4037,14.4682,19.6585,RandomForest
2026-01-02,MED-010,LOC-004,17.143,14.2075,19.3979,RandomForest
2026-01-03,MED-010,LOC-004,12.5343,9.5988,14.7891,RandomForest
2026-01-04,MED-010,LOC-004,10.9997,8.0642,13.2546,RandomForest
2026-01-05,MED-010,LOC-004,18.6195,15.684,20.8744,RandomForest
2026-01-06,MED-010,LOC-004,17.4585,14.523,19.7133,RandomForest
2026-01-07,MED-010,LOC-004,17.9501,15.0146,20.205,RandomForest
2026-01-08,MED-010,LOC-004,17.6961,14.7606,19.951,RandomForest
2026-01-09,MED-010,LOC-004,16.4451,13.5096,18.7,RandomForest
2026-01-10,MED-010,LOC-004,11.1792,8.2437,13.4341,RandomForest
2026-01-11,MED-010,LOC-004,10.6694,7.7339,12.9242,RandomForest
2026-01-12,MED-010,LOC-004,18.9923,16.0568,21.2472,RandomForest
2026-01-13,MED-010,LOC-004,17.519,14.5835,19.7739,RandomForest
2026-01-14,MED-010,LOC-004,17.6646,14.7291,19.9195,RandomForest
2026-01-15,MED-010,LOC-004,17.8845,14.949,20.1393,RandomForest
2026-01-16,MED-010,LOC-004,16.5227,13.5872,18.7776,RandomForest
2026-01-17,MED-010,LOC-004,11.3377,8.4022,13.5925,RandomForest
2026-01-18,MED-010,LOC-004,10.8125,7.877,13.0673,RandomForest
2026-01-19,MED-010,LOC-004,17.7051,14.7696,19.9599,RandomForest
2026-01-20,MED-010,LOC-004,17.8788,14.9433,20.1337,RandomForest
2026-01-21,MED-010,LOC-004,17.3519,14.4164,19.6067,RandomForest
2026-01-22,MED-010,LOC-004,17.7584,14.8229,20.0133,RandomForest
2026-01-23,MED-010,LOC-004,16.2664,13.3309,18.5213,RandomForest
2026-01-24,MED-010,LOC-004,11.8357,8.9002,14.0906,RandomForest
2026-01-25,MED-010,LOC-004,9.6031,6.6676,11.8579,RandomForest
2026-01-26,MED-010,LOC-004,17.7899,14.8544,20.0447,RandomForest
2026-01-27,MED-010,LOC-004,17.593,14.6575,19.8479,RandomForest
2026-01-28,MED-010,LOC-004,16.8973,13.9618,19.1522,RandomForest
2026-01-01,MED-010,LOC-005,20.6758,16.9719,23.7098,RandomForest
2026-01-02,MED-010,LOC-005,20.3802,16.6763,23.4142,RandomForest
2026-01-03,MED-010,LOC-005,14.3291,10.6251,17.3631,RandomForest
2026-01-04,MED-010,LOC-005,11.5214,7.8175,14.5554,RandomForest
2026-01-05,MED-010,LOC-005,21.3454,17.6415,24.3794,RandomForest
2026-01-06,MED-010,LOC-005,19.4121,15.7082,22.4461,RandomForest
2026-01-07,MED-010,LOC-005,19.3178,15.6139,22.3518,RandomForest
2026-01-08,MED-010,LOC-005,19.7094,16.0055,22.7434,RandomForest
2026-01-09,MED-010,LOC-005,19.2988,15.5949,22.3328,RandomForest
2026-01-10,MED-010,LOC-005,14.9959,11.292,18.0299,RandomForest
2026-01-11,MED-010,LOC-005,11.6387,7.9348,14.6727,RandomForest
2026-01-12,MED-010,LOC-005,20.4666,16.7627,23.5006,RandomForest
2026-01-13,MED-010,LOC-005,19.7083,16.0044,22.7423,RandomForest
2026-01-14,MED-010,LOC-005,20.0244,16.3205,23.0584,RandomForest
2026-01-15,MED-010,LOC-005,20.1467,16.4428,23.1807,RandomForest
2026-01-16,MED-010,LOC-005,19.6113,15.9074,22.6453,RandomForest
2026-01-17,MED-010,LOC-005,12.8666,9.1627,15.9006,RandomForest
2026-01-18,MED-010,LOC-005,10.923,7.2191,13.957,RandomForest
2026-01-19,MED-010,LOC-005,20.9596,17.2556,23.9936,RandomForest
2026-01-20,MED-010,LOC-005,19.0286,15.3247,22.0626,RandomForest
2026-01-21,MED-010,LOC-005,19.1248,15.4209,22.1588,RandomForest
2026-01-22,MED-010,LOC-005,19.9017,16.1978,22.9357,RandomForest
2026-01-23,MED-010,LOC-005,19.69,15.986,22.724,RandomForest
2026-01-24,MED-010,LOC-005,12.88,9.1761,15.914,RandomForest
2026-01-25,MED-010,LOC-005,11.9593,8.2554,14.9933,RandomForest
2026-01-26,MED-010,LOC-005,20.8506,17.1467,23.8846,RandomForest
2026-01-27,MED-010,LOC-005,20.1454,16.4415,23.1794,RandomForest
2026-01-28,MED-010,LOC-005,19.623,15.919,22.657,RandomForest
2026-01-01,MED-011,LOC-001,38.2844,33.419,42.8738,RandomForest
2026-01-02,MED-011,LOC-001,36.8537,31.9883,41.443,RandomForest
2026-01-03,MED-011,LOC-001,25.6367,20.7714,30.2261,RandomForest
2026-01-04,MED-011,LOC-001,20.7714,15.906,25.3608,RandomForest
2026-01-05,MED-011,LOC-001,38.3808,33.5154,42.9702,RandomForest
2026-01-06,MED-011,LOC-001,35.996,31.1306,40.5854,RandomForest
2026-01-07,MED-011,LOC-001,36.3302,31.4648,40.9196,RandomForest
2026-01-08,MED-011,LOC-001,36.7353,31.8699,41.3246,RandomForest
2026-01-09,MED-011,LOC-001,36.366,31.5006,40.9554,RandomForest
2026-01-10,MED-011,LOC-001,26.2156,21.3502,30.805,RandomForest
2026-01-11,MED-011,LOC-001,19.7177,14.8523,24.3071,RandomForest
2026-01-12,MED-011,LOC-001,35.5344,30.669,40.1238,RandomForest
2026-01-13,MED-011,LOC-001,34.5601,29.6947,39.1495,RandomForest
2026-01-14,MED-011,LOC-001,34.2586,29.3932,38.8479,RandomForest
2026-01-15,MED-011,LOC-001,35.2797,30.4144,39.8691,RandomForest
2026-01-16,MED-011,LOC-001,34.6157,29.7503,39.2051,RandomForest
2026-01-17,MED-011,LOC-001,25.2763,20.4109,29.8657,RandomForest
2026-01-18,MED-011,LOC-001,20.6464,15.781,25.2358,RandomForest
2026-01-19,MED-011,LOC-001,35.7348,30.8694,40.3242,RandomForest
2026-01-20,MED-011,LOC-001,36.4119,31.5465,41.0013,RandomForest
2026-01-21,MED-011,LOC-001,33.6973,28.8319,38.2867,RandomForest
2026-01-22,MED-011,LOC-001,36.1749,31.3095,40.7643,RandomForest
2026-01-23,MED-011,LOC-001,33.8242,28.9588,38.4136,RandomForest
2026-01-24,MED-011,LOC-001,25.2356,20.3702,29.825,RandomForest
2026-01-25,MED-011,LOC-001,21.3547,16.4893,25.944,RandomForest
2026-01-26,MED-011,LOC-001,34.5099,29.6445,39.0993,RandomForest
2026-01-27,MED-011,LOC-001,35.095,30.2296,39.6844,RandomForest
2026-01-28,MED-011,LOC-001,34.2523,29.3869,38.8417,RandomForest
2026-01-01,MED-011,LOC-002,27.4343,23.2972,30.2295,RandomForest
2026-01-02,MED-011,LOC-002,27.72,23.5829,30.5151,RandomForest
2026-01-03,MED-011,LOC-002,18.6064,14.4693,21.4015,RandomForest
2026-01-04,MED-011,LOC-002,16.1631,12.026,18.9583,RandomForest
2026-01-05,MED-011,LOC-002,28.4535,24.3164,31.2486,RandomForest
2026-01-06,MED-011,LOC-002,27.4674,23.3303,30.2626,RandomForest
2026-01-07,MED-011,LOC-002,27.7268,23.5897,30.522,RandomForest
2026-01-08,MED-011,LOC-002,26.9351,22.798,29.7302,RandomForest
2026-01-09,MED-011,LOC-002,26.471,22.3339,29.2661,RandomForest
2026-01-10,MED-011,LOC-002,18.2356,14.0985,21.0307,RandomForest
2026-01-11,MED-011,LOC-002,16.3101,12.173,19.1052,RandomForest
2026-01-12,MED-011,LOC-002,29.0403,24.9032,31.8354,RandomForest
2026-01-13,MED-011,LOC-002,27.1928,23.0557,29.988,RandomForest
2026-01-14,MED-011,LOC-002,27.7901,23.653,30.5852,RandomForest
2026-01-15,MED-011,LOC-002,27.8922,23.7551,30.6873,RandomForest
2026-01-16,MED-011,LOC-002,25.9455,21.8084,28.7406,RandomForest
2026-01-17,MED-011,LOC-002,18.3802,14.2431,21.1753,RandomForest
2026-01-18,MED-011,LOC-002,15.0953,10.9582,17.8904,RandomForest
2026-01-19,MED-011,LOC-002,28.164,24.0269,30.9591,RandomForest
2026-01-20,MED-011,LOC-002,26.9467,22.8096,29.7418,RandomForest
2026-01-21,MED-011,LOC-002,26.2603,22.1232,29.0555,RandomForest
2026-01-22,MED-011,LOC-002,26.9929,22.8558,29.7881,RandomForest
2026-01-23,MED-011,LOC-002,26.3277,22.1907,29.1229,RandomForest
2026-01-24,MED-011,LOC-002,16.1631,12.026,18.9582,RandomForest
2026-01-25,MED-011,LOC-002,15.5539,11.4168,18.349,RandomForest
2026-01-26,MED-011,LOC-002,26.8627,22.7256,29.6578,RandomForest
2026-01-27,MED-011,LOC-002,25.2867,21.1496,28.0819,RandomForest
2026-01-28,MED-011,LOC-002,26.3443,22.2072,29.1394,RandomForest
2026-01-01,MED-011,LOC-003,21.8132,18.5642,24.7226,RandomForest
2026-01-02,MED-011,LOC-003,19.9489,16.6999,22.8583,RandomForest
2026-01-03,MED-011,LOC-003,14.1099,10.8609,17.0193,RandomForest
2026-01-04,MED-011,LOC-003,12.7182,9.4693,15.6277,RandomForest
2026-01-05,MED-011,LOC-003,21.6265,18.3776,24.536,RandomForest
2026-01-06,MED-011,LOC-003,20.2876,17.0386,23.1971,RandomForest
2026-01-07,MED-011,LOC-003,20.0529,16.8039,22.9623,RandomForest
2026-01-08,MED-011,LOC-003,20.0539,16.8049,22.9633,RandomForest
2026-01-09,MED-011,LOC-003,20.4498,17.2008,23.3593,RandomForest
2026-01-10,MED-011,LOC-003,13.4158,10.1668,16.3252,RandomForest
2026-01-11,MED-011,LOC-003,11.3722,8.1233,14.2817,RandomForest
2026-01-12,MED-011,LOC-003,21.0294,17.7804,23.9388,RandomForest
2026-01-13,MED-011,LOC-003,20.7382,17.4893,23.6477,RandomForest
2026-01-14,MED-011,LOC-003,20.7476,17.4987,23.6571,RandomForest
2026-01-15,MED-011,LOC-003,20.7085,17.4595,23.618,RandomForest
2026-01-16,MED-011,LOC-003,20.6773,17.4283,23.5867,RandomForest
2026-01-17,MED-011,LOC-003,12.9528,9.7039,15.8623,RandomForest
2026-01-18,MED-011,LOC-003,10.958,7.709,13.8674,RandomForest
2026-01-19,MED-011,LOC-003,21.3672,18.1182,24.2766,RandomForest
2026-01-20,MED-011,LOC-003,20.6578,17.4088,23.5673,RandomForest
2026-01-21,MED-011,LOC-003,20.3359,17.0869,23.2453,RandomForest
2026-01-22,MED-011,LOC-003,21.1879,17.9389,24.0973,RandomForest
2026-01-23,MED-011,LOC-003,19.3763,16.1274,22.2858,RandomForest
2026-01-24,MED-011,LOC-003,12.8368,9.5878,15.7462,RandomForest
2026-01-25,MED-011,LOC-003,11.0249,7.7759,13.9344,RandomForest
2026-01-26,MED-011,LOC-003,21.6541,18.4051,24.5636,RandomForest
2026-01-27,MED-011,LOC-003,20.7413,17.4923,23.6507,RandomForest
2026-01-28,MED-011,LOC-003,19.8754,16.6264,22.7849,RandomForest
2026-01-01,MED-011,LOC-004,16.8253,13.9224,18.9551,RandomForest
2026-01-02,MED-011,LOC-004,16.168,13.2651,18.2978,RandomForest
2026-01-03,MED-011,LOC-004,10.5432,7.6403,12.673,RandomForest
2026-01-04,MED-011,LOC-004,9.7329,6.83,11.8627,RandomForest
2026-01-05,MED-011,LOC-004,16.2346,13.3317,18.3644,RandomForest
2026-01-06,MED-011,LOC-004,16.2866,13.3836,18.4163,RandomForest
2026-01-07,MED-011,LOC-004,15.3516,12.4487,17.4814,RandomForest
2026-01-08,MED-011,LOC-004,15.7573,12.8544,17.8871,RandomForest
2026-01-09,MED-011,LOC-004,15.7039,12.801,17.8337,RandomForest
2026-01-10,MED-011,LOC-004,11.0593,8.1564,13.1891,RandomForest
2026-01-11,MED-011,LOC-004,8.9812,6.0783,11.111,RandomForest
2026-01-12,MED-011,LOC-004,16.001,13.0981,18.1307,RandomForest
2026-01-13,MED-011,LOC-004,15.5635,12.6605,17.6932,RandomForest
2026-01-14,MED-011,LOC-004,16.1235,13.2206,18.2533,RandomForest
2026-01-15,MED-011,LOC-004,16.2588,13.3558,18.3885,RandomForest
2026-01-16,MED-011,LOC-004,16.4151,13.5122,18.5449,RandomForest
2026-01-17,MED-011,LOC-004,10.566,7.663,12.6957,RandomForest
2026-01-18,MED-011,LOC-004,9.3323,6.4293,11.462,RandomForest
2026-01-19,MED-011,LOC-004,16.0955,13.1926,18.2253,RandomForest
2026-01-20,MED-011,LOC-004,15.5187,12.6158,17.6484,RandomForest
2026-01-21,MED-011,LOC-004,16.6933,13.7904,18.823,RandomForest
2026-01-22,MED-011,LOC-004,16.3481,13.4452,18.4779,RandomForest
2026-01-23,MED-011,LOC-004,15.2207,12.3178,17.3505,RandomForest
2026-01-24,MED-011,LOC-004,10.4397,7.5368,12.5694,RandomForest
2026-01-25,MED-011,LOC-004,7.8454,4.9425,9.9752,RandomForest
2026-01-26,MED-011,LOC-004,16.4652,13.5623,18.595,RandomForest
2026-01-27,MED-011,LOC-004,14.9642,12.0613,17.094,RandomForest
2026-01-28,MED-011,LOC-004,15.9243,13.0214,18.054,RandomForest
2026-01-01,MED-011,LOC-005,18.9178,16.5314,21.6943,RandomForest
2026-01-02,MED-011,LOC-005,18.7443,16.3579,21.5207,RandomForest
2026-01-03,MED-011,LOC-005,13.214,10.8276,15.9905,RandomForest
2026-01-04,MED-011,LOC-005,9.8615,7.4751,12.6379,RandomForest
2026-01-05,MED-011,LOC-005,19.4011,17.0146,22.1775,RandomForest
2026-01-06,MED-011,LOC-005,18.7052,16.3188,21.4816,RandomForest
2026-01-07,MED-011,LOC-005,17.6261,15.2396,20.4025,RandomForest
2026-01-08,MED-011,LOC-005,18.2523,15.8659,21.0288,RandomForest
2026-01-09,MED-011,LOC-005,18.0064,15.62,20.7829,RandomForest
2026-01-10,MED-011,LOC-005,12.7774,10.391,15.5539,RandomForest
2026-01-11,MED-011,LOC-005,10.1313,7.7449,12.9077,RandomForest
2026-01-12,MED-011,LOC-005,19.7417,17.3553,22.5181,RandomForest
2026-01-13,MED-011,LOC-005,19.2798,16.8934,22.0563,RandomForest
2026-01-14,MED-011,LOC-005,18.1435,15.757,20.9199,RandomForest
2026-01-15,MED-011,LOC-005,19.0384,16.652,21.8149,RandomForest
2026-01-16,MED-011,LOC-005,18.2694,15.883,21.0459,RandomForest
2026-01-17,MED-011,LOC-005,12.8981,10.5117,15.6746,RandomForest
2026-01-18,MED-011,LOC-005,10.2805,7.8941,13.057,RandomForest
2026-01-19,MED-011,LOC-005,18.7246,16.3382,21.5011,RandomForest
2026-01-20,MED-011,LOC-005,19.1685,16.7821,21.945,RandomForest
2026-01-21,MED-011,LOC-005,18.2478,15.8613,21.0242,RandomForest
2026-01-22,MED-011,LOC-005,18.6359,16.2494,21.4123,RandomForest
2026-01-23,MED-011,LOC-005,17.4007,15.0143,20.1772,RandomForest
2026-01-24,MED-011,LOC-005,13.5707,11.1842,16.3471,RandomForest
2026-01-25,MED-011,LOC-005,9.6039,7.2175,12.3804,RandomForest
2026-01-26,MED-011,LOC-005,18.7706,16.3842,21.547,RandomForest
2026-01-27,MED-011,LOC-005,18.6181,16.2316,21.3945,RandomForest
2026-01-28,MED-011,LOC-005,18.2118,15.8254,20.9883,RandomForest
2026-01-01,MED-012,LOC-001,33.6315,28.9161,38.1922,RandomForest
2026-01-02,MED-012,LOC-001,31.7602,27.0448,36.3208,RandomForest
2026-01-03,MED-012,LOC-001,22.7412,18.0258,27.3018,RandomForest
2026-01-04,MED-012,LOC-001,18.4717,13.7563,23.0323,RandomForest
2026-01-05,MED-012,LOC-001,35.6956,30.9802,40.2563,RandomForest
2026-01-06,MED-012,LOC-001,35.3874,30.672,39.9481,RandomForest
2026-01-07,MED-012,LOC-001,33.3083,28.5929,37.869,RandomForest
2026-01-08,MED-012,LOC-001,31.9208,27.2054,36.4814,RandomForest
2026-01-09,MED-012,LOC-001,30.7024,25.987,35.2631,RandomForest
2026-01-10,MED-012,LOC-001,22.7837,18.0682,27.3443,RandomForest
2026-01-11,MED-012,LOC-001,18.3433,13.6279,22.904,RandomForest
2026-01-12,MED-012,LOC-001,32.0637,27.3483,36.6243,RandomForest
2026-01-13,MED-012,LOC-001,31.9388,27.2234,36.4994,RandomForest
2026-01-14,MED-012,LOC-001,30.6474,25.932,35.2081,RandomForest
2026-01-15,MED-012,LOC-001,31.1957,26.4802,35.7563,RandomForest
2026-01-16,MED-012,LOC-001,28.0169,23.3015,32.5775,RandomForest
2026-01-17,MED-012,LOC-001,22.9779,18.2625,27.5385,RandomForest
2026-01-18,MED-012,LOC-001,17.8279,13.1125,22.3885,RandomForest
2026-01-19,MED-012,LOC-001,33.4404,28.725,38.001,RandomForest
2026-01-20,MED-012,LOC-001,32.721,28.0055,37.2816,RandomForest
2026-01-21,MED-012,LOC-001,30.261,25.5456,34.8216,RandomForest
2026-01-22,MED-012,LOC-001,30.1779,25.4624,34.7385,RandomForest
2026-01-23,MED-012,LOC-001,29.8958,25.1804,34.4565,RandomForest
2026-01-24,MED-012,LOC-001,20.1555,15.44,24.7161,RandomForest
2026-01-25,MED-012,LOC-001,17.2654,12.55,21.826,RandomForest
2026-01-26,MED-012,LOC-001,31.3609,26.6455,35.9216,RandomForest
2026-01-27,MED-012,LOC-001,30.3724,25.6569,34.933,RandomForest
2026-01-28,MED-012,LOC-001,26.6074,21.892,31.1681,RandomForest
2026-01-01,MED-012,LOC-002,25.7378,21.3186,28.608,RandomForest
2026-01-02,MED-012,LOC-002,24.7178,20.2986,27.588,RandomForest
2026-01-03,MED-012,LOC-002,16.2861,11.8669,19.1563,RandomForest
2026-01-04,MED-012,LOC-002,14.0897,9.6704,16.9599,RandomForest
2026-01-05,MED-012,LOC-002,26.0953,21.676,28.9655,RandomForest
2026-01-06,MED-012,LOC-002,25.0877,20.6685,27.9579,RandomForest
2026-01-07,MED-012,LOC-002,23.78,19.3608,26.6502,RandomForest
2026-01-08,MED-012,LOC-002,23.7271,19.3078,26.5973,RandomForest
2026-01-09,MED-012,LOC-002,23.9563,19.537,26.8265,RandomForest
2026-01-10,MED-012,LOC-002,15.8755,11.4563,18.7457,RandomForest
2026-01-11,MED-012,LOC-002,14.2547,9.8355,17.1249,RandomForest
2026-01-12,MED-012,LOC-002,25.2779,20.8586,28.1481,RandomForest
2026-01-13,MED-012,LOC-002,24.6829,20.2637,27.5531,RandomForest
2026-01-14,MED-012,LOC-002,23.3852,18.9659,26.2554,RandomForest
2026-01-15,MED-012,LOC-002,23.8641,19.4449,26.7343,RandomForest
2026-01-16,MED-012,LOC-002,22.0215,17.6022,24.8916,RandomForest
2026-01-17,MED-012,LOC-002,14.5813,10.1621,17.4515,RandomForest
2026-01-18,MED-012,LOC-002,13.7895,9.3702,16.6597,RandomForest
2026-01-19,MED-012,LOC-002,25.0445,20.6252,27.9146,RandomForest
2026-01-20,MED-012,LOC-002,25.0324,20.6132,27.9026,RandomForest
2026-01-21,MED-012,LOC-002,25.5409,21.1216,28.4111,RandomForest
2026-01-22,MED-012,LOC-002,23.993,19.5738,26.8632,RandomForest
2026-01-23,MED-012,LOC-002,22.1976,17.7783,25.0677,RandomForest
2026-01-24,MED-012,LOC-002,16.4695,12.0503,19.3397,RandomForest
2026-01-25,MED-012,LOC-002,13.9063,9.487,16.7765,RandomForest
2026-01-26,MED-012,LOC-002,24.3258,19.9066,27.196,RandomForest
2026-01-27,MED-012,LOC-002,23.7683,19.349,26.6385,RandomForest
2026-01-28,MED-012,LOC-002,23.8514,19.4321,26.7215,RandomForest
2026-01-01,MED-012,LOC-003,19.1176,16.1835,21.6335,RandomForest
2026-01-02,MED-012,LOC-003,19.3081,16.374,21.8241,RandomForest
2026-01-03,MED-012,LOC-003,12.672,9.7379,15.1879,RandomForest
2026-01-04,MED-012,LOC-003,12.3232,9.3891,14.8392,RandomForest
2026-01-05,MED-012,LOC-003,19.4559,16.5218,21.9719,RandomForest
2026-01-06,MED-012,LOC-003,19.6996,16.7655,22.2155,RandomForest
2026-01-07,MED-012,LOC-003,18.356,15.4219,20.872,RandomForest
2026-01-08,MED-012,LOC-003,18.5723,15.6382,21.0882,RandomForest
2026-01-09,MED-012,LOC-003,18.7825,15.8484,21.2985,RandomForest
2026-01-10,MED-012,LOC-003,12.9272,9.9931,15.4431,RandomForest
2026-01-11,MED-012,LOC-003,11.2354,8.3013,13.7514,RandomForest
2026-01-12,MED-012,LOC-003,18.1064,15.1723,20.6224,RandomForest
2026-01-13,MED-012,LOC-003,19.4292,16.4951,21.9452,RandomForest
2026-01-14,MED-012,LOC-003,17.695,14.7609,20.211,RandomForest
2026-01-15,MED-012,LOC-003,19.4569,16.5228,21.9728,RandomForest
2026-01-16,MED-012,LOC-003,18.1687,15.2347,20.6847,RandomForest
2026-01-17,MED-012,LOC-003,13.6064,10.6724,16.1224,RandomForest
2026-01-18,MED-012,LOC-003,9.8806,6.9465,12.3965,RandomForest
2026-01-19,MED-012,LOC-003,18.4209,15.4868,20.9368,RandomForest
2026-01-20,MED-012,LOC-003,18.3434,15.4093,20.8594,RandomForest
2026-01-21,MED-012,LOC-003,17.9357,15.0016,20.4517,RandomForest
2026-01-22,MED-012,LOC-003,18.8402,15.9061,21.3561,RandomForest
2026-01-23,MED-012,LOC-003,17.8455,14.9115,20.3615,RandomForest
2026-01-24,MED-012,LOC-003,12.1199,9.1858,14.6359,RandomForest
2026-01-25,MED-012,LOC-003,9.5129,6.5788,12.0289,RandomForest
2026-01-26,MED-012,LOC-003,19.315,16.3809,21.8309,RandomForest
2026-01-27,MED-012,LOC-003,17.5059,14.5718,20.0219,RandomForest
2026-01-28,MED-012,LOC-003,17.8289,14.8949,20.3449,RandomForest
2026-01-01,MED-012,LOC-004,15.15,12.8381,17.1557,RandomForest
2026-01-02,MED-012,LOC-004,14.6383,12.3264,16.644,RandomForest
2026-01-03,MED-012,LOC-004,10.3439,8.032,12.3496,RandomForest
2026-01-04,MED-012,LOC-004,8.1793,5.8673,10.1849,RandomForest
2026-01-05,MED-012,LOC-004,14.4936,12.1817,16.4993,RandomForest
2026-01-06,MED-012,LOC-004,14.3696,12.0576,16.3753,RandomForest
2026-01-07,MED-012,LOC-004,14.6835,12.3715,16.6892,RandomForest
2026-01-08,MED-012,LOC-004,14.4089,12.097,16.4146,RandomForest
2026-01-09,MED-012,LOC-004,14.1685,11.8565,16.1742,RandomForest
2026-01-10,MED-012,LOC-004,9.2348,6.9228,11.2405,RandomForest
2026-01-11,MED-012,LOC-004,8.4553,6.1433,10.4609,RandomForest
2026-01-12,MED-012,LOC-004,14.766,12.4541,16.7717,RandomForest
2026-01-13,MED-012,LOC-004,14.5539,12.2419,16.5596,RandomForest
2026-01-14,MED-012,LOC-004,14.1779,11.866,16.1836,RandomForest
2026-01-15,MED-012,LOC-004,14.3964,12.0845,16.4021,RandomForest
2026-01-16,MED-012,LOC-004,13.4905,11.1786,15.4962,RandomForest
2026-01-17,MED-012,LOC-004,9.4492,7.1372,11.4549,RandomForest
2026-01-18,MED-012,LOC-004,8.1525,5.8405,10.1582,RandomForest
2026-01-19,MED-012,LOC-004,15.4726,13.1606,17.4783,RandomForest
2026-01-20,MED-012,LOC-004,15.0344,12.7224,17.0401,RandomForest
2026-01-21,MED-012,LOC-004,13.2586,10.9467,15.2643,RandomForest
2026-01-22,MED-012,LOC-004,14.3645,12.0525,16.3701,RandomForest
2026-01-23,MED-012,LOC-004,13.085,10.773,15.0907,RandomForest
2026-01-24,MED-012,LOC-004,9.0142,6.7022,11.0199,RandomForest
2026-01-25,MED-012,LOC-004,8.0993,5.7873,10.1049,RandomForest
2026-01-26,MED-012,LOC-004,14.831,12.519,16.8367,RandomForest
2026-01-27,MED-012,LOC-004,14.643,12.3311,16.6487,RandomForest
2026-01-28,MED-012,LOC-004,13.666,11.354,15.6717,RandomForest
2026-01-01,MED-012,LOC-005,16.5185,13.9039,18.383,RandomForest
2026-01-02,MED-012,LOC-005,15.6982,13.0836,17.5627,RandomForest
2026-01-03,MED-012,LOC-005,11.7448,9.1302,13.6093,RandomForest
2026-01-04,MED-012,LOC-005,9.369,6.7544,11.2335,RandomForest
2026-01-05,MED-012,LOC-005,16.9322,14.3176,18.7967,RandomForest
2026-01-06,MED-012,LOC-005,16.2763,13.6617,18.1408,RandomForest
2026-01-07,MED-012,LOC-005,15.5184,12.9038,17.3829,RandomForest
2026-01-08,MED-012,LOC-005,15.6668,13.0522,17.5313,RandomForest
2026-01-09,MED-012,LOC-005,15.0437,12.4291,16.9082,RandomForest
2026-01-10,MED-012,LOC-005,11.2753,8.6607,13.1398,RandomForest
2026-01-11,MED-012,LOC-005,9.6715,7.0568,11.536,RandomForest
2026-01-12,MED-012,LOC-005,16.9085,14.2939,18.773,RandomForest
2026-01-13,MED-012,LOC-005,16.272,13.6574,18.1365,RandomForest
2026-01-14,MED-012,LOC-005,16.1092,13.4946,17.9737,RandomForest
2026-01-15,MED-012,LOC-005,16.1434,13.5288,18.0079,RandomForest
2026-01-16,MED-012,LOC-005,16.2971,13.6825,18.1616,RandomForest
2026-01-17,MED-012,LOC-005,11.1772,8.5626,13.0417,RandomForest
2026-01-18,MED-012,LOC-005,9.7338,7.1192,11.5983,RandomForest
2026-01-19,MED-012,LOC-005,16.864,14.2493,18.7285,RandomForest
2026-01-20,MED-012,LOC-005,16.8349,14.2203,18.6994,RandomForest
2026-01-21,MED-012,LOC-005,16.5338,13.9192,18.3983,RandomForest
2026-01-22,MED-012,LOC-005,16.4731,13.8584,18.3376,RandomForest
2026-01-23,MED-012,LOC-005,15.0003,12.3857,16.8648,RandomForest
2026-01-24,MED-012,LOC-005,10.3719,7.7573,12.2364,RandomForest
2026-01-25,MED-012,LOC-005,8.9763,6.3617,10.8408,RandomForest
2026-01-26,MED-012,LOC-005,16.8351,14.2205,18.6996,RandomForest
2026-01-27,MED-012,LOC-005,16.3553,13.7407,18.2198,RandomForest
2026-01-28,MED-012,LOC-005,16.2209,13.6063,18.0854,RandomForest
2026-01-01,MED-013,LOC-001,30.4532,25.3369,33.8256,RandomForest
2026-01-02,MED-013,LOC-001,28.5935,23.4773,31.966,RandomForest
2026-01-03,MED-013,LOC-001,19.9682,14.852,23.3407,RandomForest
2026-01-04,MED-013,LOC-001,16.9389,11.8227,20.3114,RandomForest
2026-01-05,MED-013,LOC-001,28.5992,23.4829,31.9716,RandomForest
2026-01-06,MED-013,LOC-001,27.5609,22.4447,30.9334,RandomForest
2026-01-07,MED-013,LOC-001,28.6166,23.5004,31.9891,RandomForest
2026-01-08,MED-013,LOC-001,28.852,23.7358,32.2245,RandomForest
2026-01-09,MED-013,LOC-001,27.0403,21.9241,30.4128,RandomForest
2026-01-10,MED-013,LOC-001,19.301,14.1848,22.6735,RandomForest
2026-01-11,MED-013,LOC-001,16.3792,11.263,19.7517,RandomForest
2026-01-12,MED-013,LOC-001,28.0168,22.9006,31.3893,RandomForest
2026-01-13,MED-013,LOC-001,28.1086,22.9924,31.4811,RandomForest
2026-01-14,MED-013,LOC-001,28.6739,23.5576,32.0463,RandomForest
2026-01-15,MED-013,LOC-001,29.1325,24.0162,32.5049,RandomForest
2026-01-16,MED-013,LOC-001,28.3028,23.1865,31.6752,RandomForest
2026-01-17,MED-013,LOC-001,18.6023,13.4861,21.9748,RandomForest
2026-01-18,MED-013,LOC-001,18.2639,13.1476,21.6363,RandomForest
2026-01-19,MED-013,LOC-001,27.9907,22.8745,31.3632,RandomForest
2026-01-20,MED-013,LOC-001,29.247,24.1308,32.6195,RandomForest
2026-01-21,MED-013,LOC-001,29.0231,23.9069,32.3956,RandomForest
2026-01-22,MED-013,LOC-001,28.7675,23.6513,32.14,RandomForest
2026-01-23,MED-013,LOC-001,27.5363,22.4201,30.9088,RandomForest
2026-01-24,MED-013,LOC-001,19.0612,13.945,22.4337,RandomForest
2026-01-25,MED-013,LOC-001,16.3469,11.2307,19.7194,RandomForest
2026-01-26,MED-013,LOC-001,28.3563,23.2401,31.7288,RandomForest
2026-01-27,MED-013,LOC-001,29.0009,23.8847,32.3734,RandomForest
2026-01-28,MED-013,LOC-001,26.777,21.6608,30.1495,RandomForest
2026-01-01,MED-013,LOC-002,22.8865,19.2275,25.8004,RandomForest
2026-01-02,MED-013,LOC-002,21.0378,17.3789,23.9518,RandomForest
2026-01-03,MED-013,LOC-002,15.8829,12.224,18.7969,RandomForest
2026-01-04,MED-013,LOC-002,14.2235,10.5646,17.1375,RandomForest
2026-01-05,MED-013,LOC-002,24.0394,20.3805,26.9533,RandomForest
2026-01-06,MED-013,LOC-002,21.062,17.4031,23.976,RandomForest
2026-01-07,MED-013,LOC-002,21.7528,18.0938,24.6667,RandomForest
2026-01-08,MED-013,LOC-002,21.1812,17.5222,24.0951,RandomForest
2026-01-09,MED-013,LOC-002,21.2509,17.592,24.1649,RandomForest
2026-01-10,MED-013,LOC-002,14.5446,10.8857,17.4585,RandomForest
2026-01-11,MED-013,LOC-002,12.612,8.953,15.5259,RandomForest
2026-01-12,MED-013,LOC-002,23.2662,19.6073,26.1802,RandomForest
2026-01-13,MED-013,LOC-002,20.3139,16.655,23.2278,RandomForest
2026-01-14,MED-013,LOC-002,21.727,18.0681,24.6409,RandomForest
2026-01-15,MED-013,LOC-002,21.1805,17.5216,24.0944,RandomForest
2026-01-16,MED-013,LOC-002,20.7726,17.1137,23.6865,RandomForest
2026-01-17,MED-013,LOC-002,14.3702,10.7113,17.2842,RandomForest
2026-01-18,MED-013,LOC-002,12.836,9.1771,15.7499,RandomForest
2026-01-19,MED-013,LOC-002,21.7412,18.0822,24.6551,RandomForest
2026-01-20,MED-013,LOC-002,18.2386,14.5797,21.1525,RandomForest
2026-01-21,MED-013,LOC-002,21.5822,17.9233,24.4961,RandomForest
2026-01-22,MED-013,LOC-002,20.8176,17.1587,23.7316,RandomForest
2026-01-23,MED-013,LOC-002,20.6993,17.0403,23.6132,RandomForest
2026-01-24,MED-013,LOC-002,13.0667,9.4078,15.9806,RandomForest
2026-01-25,MED-013,LOC-002,12.3397,8.6808,15.2537,RandomForest
2026-01-26,MED-013,LOC-002,23.1593,19.5004,26.0732,RandomForest
2026-01-27,MED-013,LOC-002,19.2379,15.579,22.1519,RandomForest
2026-01-28,MED-013,LOC-002,21.1974,17.5385,24.1113,RandomForest
2026-01-01,MED-013,LOC-003,17.211,14.8218,19.6063,RandomForest
2026-01-02,MED-013,LOC-003,16.2183,13.8292,18.6137,RandomForest
2026-01-03,MED-013,LOC-003,11.7554,9.3662,14.1508,RandomForest
2026-01-04,MED-013,LOC-003,10.2286,7.8394,12.624,RandomForest
2026-01-05,MED-013,LOC-003,17.1078,14.7186,19.5031,RandomForest
2026-01-06,MED-013,LOC-003,17.3108,14.9216,19.7062,RandomForest
2026-01-07,MED-013,LOC-003,16.1893,13.8001,18.5847,RandomForest
2026-01-08,MED-013,LOC-003,16.6254,14.2362,19.0207,RandomForest
2026-01-09,MED-013,LOC-003,15.99,13.6008,18.3854,RandomForest
2026-01-10,MED-013,LOC-003,11.3955,9.0063,13.7908,RandomForest
2026-01-11,MED-013,LOC-003,10.7015,8.3123,13.0969,RandomForest
2026-01-12,MED-013,LOC-003,17.6224,15.2333,20.0178,RandomForest
2026-01-13,MED-013,LOC-003,17.2379,14.8487,19.6333,RandomForest
2026-01-14,MED-013,LOC-003,17.0075,14.6183,19.4029,RandomForest
2026-01-15,MED-013,LOC-003,17.3322,14.943,19.7276,RandomForest
2026-01-16,MED-013,LOC-003,16.1247,13.7355,18.5201,RandomForest
2026-01-17,MED-013,LOC-003,11.5582,9.169,13.9536,RandomForest
2026-01-18,MED-013,LOC-003,9.3273,6.9381,11.7227,RandomForest
2026-01-19,MED-013,LOC-003,17.4497,15.0605,19.8451,RandomForest
2026-01-20,MED-013,LOC-003,17.5518,15.1626,19.9472,RandomForest
2026-01-21,MED-013,LOC-003,17.3762,14.987,19.7716,RandomForest
2026-01-22,MED-013,LOC-003,17.6291,15.2399,20.0245,RandomForest
2026-01-23,MED-013,LOC-003,16.544,14.1548,18.9394,RandomForest
2026-01-24,MED-013,LOC-003,10.8459,8.4567,13.2412,RandomForest
2026-01-25,MED-013,LOC-003,9.7076,7.3184,12.103,RandomForest
2026-01-26,MED-013,LOC-003,17.3003,14.9111,19.6957,RandomForest
2026-01-27,MED-013,LOC-003,16.9951,14.6059,19.3905,RandomForest
2026-01-28,MED-013,LOC-003,17.2888,14.8996,19.6842,RandomForest
2026-01-01,MED-013,LOC-004,12.8079,10.4884,14.519,RandomForest
2026-01-02,MED-013,LOC-004,11.802,9.4825,13.5131,RandomForest
2026-01-03,MED-013,LOC-004,8.7568,6.4372,10.4679,RandomForest
2026-01-04,MED-013,LOC-004,7.4087,5.0892,9.1198,RandomForest
2026-01-05,MED-013,LOC-004,13.9595,11.6399,15.6706,RandomForest
2026-01-06,MED-013,LOC-004,12.2614,9.9418,13.9725,RandomForest
2026-01-07,MED-013,LOC-004,12.9004,10.5809,14.6115,RandomForest
2026-01-08,MED-013,LOC-004,12.3485,10.029,14.0596,RandomForest
2026-01-09,MED-013,LOC-004,11.6744,9.3549,13.3855,RandomForest
2026-01-10,MED-013,LOC-004,8.0721,5.7525,9.7832,RandomForest
2026-01-11,MED-013,LOC-004,7.0616,4.7421,8.7727,RandomForest
2026-01-12,MED-013,LOC-004,13.7273,11.4078,15.4384,RandomForest
2026-01-13,MED-013,LOC-004,12.0949,9.7754,13.806,RandomForest
2026-01-14,MED-013,LOC-004,12.0833,9.7637,13.7944,RandomForest
2026-01-15,MED-013,LOC-004,12.3408,10.0213,14.0519,RandomForest
2026-01-16,MED-013,LOC-004,11.5813,9.2618,13.2924,RandomForest
2026-01-17,MED-013,LOC-004,8.7072,6.3877,10.4183,RandomForest
2026-01-18,MED-013,LOC-004,6.8258,4.5062,8.5368,RandomForest
2026-01-19,MED-013,LOC-004,13.8236,11.504,15.5346,RandomForest
2026-01-20,MED-013,LOC-004,11.8762,9.5567,13.5873,RandomForest
2026-01-21,MED-013,LOC-004,11.7155,9.396,13.4266,RandomForest
2026-01-22,MED-013,LOC-004,12.0807,9.7612,13.7918,RandomForest
2026-01-23,MED-013,LOC-004,11.3874,9.0678,13.0984,RandomForest
2026-01-24,MED-013,LOC-004,7.7325,5.413,9.4436,RandomForest
2026-01-25,MED-013,LOC-004,6.6704,4.3509,8.3815,RandomForest
2026-01-26,MED-013,LOC-004,12.9662,10.6466,14.6773,RandomForest
2026-01-27,MED-013,LOC-004,11.8861,9.5666,13.5972,RandomForest
2026-01-28,MED-013,LOC-004,11.7593,9.4397,13.4704,RandomForest
2026-01-01,MED-013,LOC-005,15.1281,12.5866,17.0658,RandomForest
2026-01-02,MED-013,LOC-005,14.4251,11.8837,16.3629,RandomForest
2026-01-03,MED-013,LOC-005,9.5298,6.9883,11.4675,RandomForest
2026-01-04,MED-013,LOC-005,8.8695,6.328,10.8072,RandomForest
2026-01-05,MED-013,LOC-005,15.3671,12.8256,17.3048,RandomForest
2026-01-06,MED-013,LOC-005,14.5872,12.0457,16.5249,RandomForest
2026-01-07,MED-013,LOC-005,15.3215,12.7801,17.2593,RandomForest
2026-01-08,MED-013,LOC-005,15.0319,12.4904,16.9696,RandomForest
2026-01-09,MED-013,LOC-005,13.7948,11.2533,15.7325,RandomForest
2026-01-10,MED-013,LOC-005,9.9761,7.4346,11.9138,RandomForest
2026-01-11,MED-013,LOC-005,8.3093,5.7678,10.247,RandomForest
2026-01-12,MED-013,LOC-005,15.3403,12.7988,17.278,RandomForest
2026-01-13,MED-013,LOC-005,14.3599,11.8185,16.2977,RandomForest
2026-01-14,MED-013,LOC-005,14.4072,11.8657,16.3449,RandomForest
2026-01-15,MED-013,LOC-005,13.8465,11.305,15.7842,RandomForest
2026-01-16,MED-013,LOC-005,13.0342,10.4928,14.972,RandomForest
2026-01-17,MED-013,LOC-005,10.0647,7.5233,12.0025,RandomForest
2026-01-18,MED-013,LOC-005,8.4998,5.9583,10.4375,RandomForest
2026-01-19,MED-013,LOC-005,14.5505,12.009,16.4882,RandomForest
2026-01-20,MED-013,LOC-005,13.7695,11.228,15.7072,RandomForest
2026-01-21,MED-013,LOC-005,14.08,11.5385,16.0177,RandomForest
2026-01-22,MED-013,LOC-005,14.8675,12.326,16.8052,RandomForest
2026-01-23,MED-013,LOC-005,14.1337,11.5922,16.0714,RandomForest
2026-01-24,MED-013,LOC-005,9.1565,6.615,11.0942,RandomForest
2026-01-25,MED-013,LOC-005,7.5905,5.049,9.5282,RandomForest
2026-01-26,MED-013,LOC-005,14.4943,11.9528,16.432,RandomForest
2026-01-27,MED-013,LOC-005,13.9009,11.3595,15.8387,RandomForest
2026-01-28,MED-013,LOC-005,13.7484,11.207,15.6862,RandomForest
2026-01-01,MED-014,LOC-001,18.2166,15.4785,20.8503,RandomForest
2026-01-02,MED-014,LOC-001,17.8762,15.1382,20.5099,RandomForest
2026-01-03,MED-014,LOC-001,13.0338,10.2957,15.6675,RandomForest
2026-01-04,MED-014,LOC-001,11.4319,8.6938,14.0655,RandomForest
2026-01-05,MED-014,LOC-001,18.6088,15.8707,21.2425,RandomForest
2026-01-06,MED-014,LOC-001,17.781,15.043,20.4147,RandomForest
2026-01-07,MED-014,LOC-001,18.255,15.517,20.8887,RandomForest
2026-01-08,MED-014,LOC-001,18.1326,15.3946,20.7663,RandomForest
2026-01-09,MED-014,LOC-001,17.1819,14.4439,19.8156,RandomForest
2026-01-10,MED-014,LOC-001,12.0504,9.3124,14.6841,RandomForest
2026-01-11,MED-014,LOC-001,10.5737,7.8356,13.2074,RandomForest
2026-01-12,MED-014,LOC-001,19.255,16.517,21.8887,RandomForest
2026-01-13,MED-014,LOC-001,17.9942,15.2562,20.6279,RandomForest
2026-01-14,MED-014,LOC-001,18.3648,15.6268,20.9985,RandomForest
2026-01-15,MED-014,LOC-001,18.9892,16.2511,21.6229,RandomForest
2026-01-16,MED-014,LOC-001,17.3488,14.6108,19.9825,RandomForest
2026-01-17,MED-014,LOC-001,11.7369,8.9989,14.3706,RandomForest
2026-01-18,MED-014,LOC-001,10.1989,7.4609,12.8326,RandomForest
2026-01-19,MED-014,LOC-001,18.9569,16.2189,21.5906,RandomForest
2026-01-20,MED-014,LOC-001,17.9741,15.2361,20.6078,RandomForest
2026-01-21,MED-014,LOC-001,18.7967,16.0586,21.4304,RandomForest
2026-01-22,MED-014,LOC-001,18.2307,15.4927,20.8644,RandomForest
2026-01-23,MED-014,LOC-001,14.5508,11.8127,17.1845,RandomForest
2026-01-24,MED-014,LOC-001,12.2171,9.479,14.8508,RandomForest
2026-01-25,MED-014,LOC-001,9.2792,6.5412,11.9129,RandomForest
2026-01-26,MED-014,LOC-001,18.3084,15.5703,20.942,RandomForest
2026-01-27,MED-014,LOC-001,17.8932,15.1551,20.5269,RandomForest
2026-01-28,MED-014,LOC-001,17.4825,14.7445,20.1162,RandomForest
2026-01-01,MED-014,LOC-002,13.8106,11.5314,15.8443,RandomForest
2026-01-02,MED-014,LOC-002,12.972,10.6928,15.0057,RandomForest
2026-01-03,MED-014,LOC-002,10.667,8.3878,12.7007,RandomForest
2026-01-04,MED-014,LOC-002,7.45,5.1708,9.4837,RandomForest
2026-01-05,MED-014,LOC-002,13.2108,10.9317,15.2446,RandomForest
2026-01-06,MED-014,LOC-002,14.3499,12.0707,16.3836,RandomForest
2026-01-07,MED-014,LOC-002,13.3524,11.0732,15.3861,RandomForest
2026-01-08,MED-014,LOC-002,13.846,11.5668,15.8797,RandomForest
2026-01-09,MED-014,LOC-002,12.364,10.0848,14.3977,RandomForest
2026-01-10,MED-014,LOC-002,9.456,7.1768,11.4897,RandomForest
2026-01-11,MED-014,LOC-002,7.4706,5.1914,9.5043,RandomForest
2026-01-12,MED-014,LOC-002,14.4428,12.1637,16.4766,RandomForest
2026-01-13,MED-014,LOC-002,14.3128,12.0336,16.3465,RandomForest
2026-01-14,MED-014,LOC-002,12.4327,10.1536,14.4665,RandomForest
2026-01-15,MED-014,LOC-002,13.0514,10.7722,15.0851,RandomForest
2026-01-16,MED-014,LOC-002,13.0322,10.753,15.0659,RandomForest
2026-01-17,MED-014,LOC-002,9.2837,7.0045,11.3174,RandomForest
2026-01-18,MED-014,LOC-002,7.6979,5.4188,9.7317,RandomForest
2026-01-19,MED-014,LOC-002,14.8214,12.5422,16.8551,RandomForest
2026-01-20,MED-014,LOC-002,13.7757,11.4965,15.8094,RandomForest
2026-01-21,MED-014,LOC-002,11.6398,9.3606,13.6735,RandomForest
2026-01-22,MED-014,LOC-002,12.6967,10.4176,14.7304,RandomForest
2026-01-23,MED-014,LOC-002,12.3557,10.0765,14.3894,RandomForest
2026-01-24,MED-014,LOC-002,9.1311,6.852,11.1649,RandomForest
2026-01-25,MED-014,LOC-002,7.4368,5.1576,9.4705,RandomForest
2026-01-26,MED-014,LOC-002,13.8882,11.609,15.9219,RandomForest
2026-01-27,MED-014,LOC-002,12.7812,10.502,14.8149,RandomForest
2026-01-28,MED-014,LOC-002,12.2078,9.9287,14.2416,RandomForest
2026-01-01,MED-014,LOC-003,10.7909,8.8722,12.084,RandomForest
2026-01-02,MED-014,LOC-003,10.25,8.3313,11.5431,RandomForest
2026-01-03,MED-014,LOC-003,7.4582,5.5396,8.7513,RandomForest
2026-01-04,MED-014,LOC-003,6.2385,4.3199,7.5316,RandomForest
2026-01-05,MED-014,LOC-003,11.3392,9.4205,12.6323,RandomForest
2026-01-06,MED-014,LOC-003,10.739,8.8204,12.0321,RandomForest
2026-01-07,MED-014,LOC-003,9.7866,7.8679,11.0797,RandomForest
2026-01-08,MED-014,LOC-003,10.5305,8.6118,11.8236,RandomForest
2026-01-09,MED-014,LOC-003,9.7276,7.8089,11.0207,RandomForest
2026-01-10,MED-014,LOC-003,6.9191,5.0005,8.2122,RandomForest
2026-01-11,MED-014,LOC-003,5.8292,3.9106,7.1223,RandomForest
2026-01-12,MED-014,LOC-003,10.7133,8.7947,12.0064,RandomForest
2026-01-13,MED-014,LOC-003,10.3025,8.3838,11.5956,RandomForest
2026-01-14,MED-014,LOC-003,10.3223,8.4037,11.6154,RandomForest
2026-01-15,MED-014,LOC-003,9.9358,8.0172,11.2289,RandomForest
2026-01-16,MED-014,LOC-003,9.6466,7.728,10.9397,RandomForest
2026-01-17,MED-014,LOC-003,7.4238,5.5051,8.7168,RandomForest
2026-01-18,MED-014,LOC-003,5.9943,4.0756,7.2874,RandomForest
2026-01-19,MED-014,LOC-003,10.5517,8.6331,11.8448,RandomForest
2026-01-20,MED-014,LOC-003,10.7938,8.8752,12.0869,RandomForest
2026-01-21,MED-014,LOC-003,10.1342,8.2156,11.4273,RandomForest
2026-01-22,MED-014,LOC-003,9.0357,7.117,10.3287,RandomForest
2026-01-23,MED-014,LOC-003,8.5744,6.6558,9.8675,RandomForest
2026-01-24,MED-014,LOC-003,6.2595,4.3408,7.5526,RandomForest
2026-01-25,MED-014,LOC-003,5.4713,3.5527,6.7644,RandomForest
2026-01-26,MED-014,LOC-003,9.7887,7.8701,11.0818,RandomForest
2026-01-27,MED-014,LOC-003,9.9269,8.0083,11.22,RandomForest
2026-01-28,MED-014,LOC-003,9.9271,8.0084,11.2202,RandomForest
2026-01-01,MED-014,LOC-004,8.3506,7.1008,9.4307,RandomForest
2026-01-02,MED-014,LOC-004,7.558,6.3081,8.6381,RandomForest
2026-01-03,MED-014,LOC-004,5.7217,4.4718,6.8018,RandomForest
2026-01-04,MED-014,LOC-004,4.5082,3.2584,5.5883,RandomForest
2026-01-05,MED-014,LOC-004,8.0925,6.8427,9.1727,RandomForest
2026-01-06,MED-014,LOC-004,7.8665,6.6167,8.9466,RandomForest
2026-01-07,MED-014,LOC-004,7.6104,6.3606,8.6905,RandomForest
2026-01-08,MED-014,LOC-004,7.6433,6.3935,8.7235,RandomForest
2026-01-09,MED-014,LOC-004,7.6205,6.3707,8.7007,RandomForest
2026-01-10,MED-014,LOC-004,5.2964,4.0466,6.3765,RandomForest
2026-01-11,MED-014,LOC-004,4.4574,3.2076,5.5375,RandomForest
2026-01-12,MED-014,LOC-004,8.1196,6.8697,9.1997,RandomForest
2026-01-13,MED-014,LOC-004,7.8604,6.6105,8.9405,RandomForest
2026-01-14,MED-014,LOC-004,7.9769,6.7271,9.057,RandomForest
2026-01-15,MED-014,LOC-004,7.8717,6.6218,8.9518,RandomForest
2026-01-16,MED-014,LOC-004,7.139,5.8892,8.2192,RandomForest
2026-01-17,MED-014,LOC-004,4.9795,3.7296,6.0596,RandomForest
2026-01-18,MED-014,LOC-004,4.6221,3.3723,5.7022,RandomForest
2026-01-19,MED-014,LOC-004,8.109,6.8592,9.1891,RandomForest
2026-01-20,MED-014,LOC-004,7.5331,6.2832,8.6132,RandomForest
2026-01-21,MED-014,LOC-004,7.6125,6.3627,8.6927,RandomForest
2026-01-22,MED-014,LOC-004,7.7959,6.5461,8.876,RandomForest
2026-01-23,MED-014,LOC-004,7.4691,6.2193,8.5493,RandomForest
2026-01-24,MED-014,LOC-004,4.741,3.4911,5.8211,RandomForest
2026-01-25,MED-014,LOC-004,4.1759,2.926,5.256,RandomForest
2026-01-26,MED-014,LOC-004,8.21,6.9602,9.2902,RandomForest
2026-01-27,MED-014,LOC-004,8.1169,6.867,9.197,RandomForest
2026-01-28,MED-014,LOC-004,7.5,6.2502,8.5802,RandomForest
2026-01-01,MED-014,LOC-005,9.5414,8.2853,10.9722,RandomForest
2026-01-02,MED-014,LOC-005,9.6107,8.3546,11.0415,RandomForest
2026-01-03,MED-014,LOC-005,6.7062,5.45,8.1369,RandomForest
2026-01-04,MED-014,LOC-005,6.0125,4.7564,7.4433,RandomForest
2026-01-05,MED-014,LOC-005,9.687,8.4309,11.1178,RandomForest
2026-01-06,MED-014,LOC-005,9.928,8.6718,11.3587,RandomForest
2026-01-07,MED-014,LOC-005,9.4258,8.1697,10.8566,RandomForest
2026-01-08,MED-014,LOC-005,9.4736,8.2175,10.9044,RandomForest
2026-01-09,MED-014,LOC-005,8.9743,7.7182,10.405,RandomForest
2026-01-10,MED-014,LOC-005,5.9939,4.7378,7.4246,RandomForest
2026-01-11,MED-014,LOC-005,5.2787,4.0226,6.7095,RandomForest
2026-01-12,MED-014,LOC-005,9.9585,8.7024,11.3893,RandomForest
2026-01-13,MED-014,LOC-005,9.8385,8.5824,11.2693,RandomForest
2026-01-14,MED-014,LOC-005,9.6851,8.4289,11.1158,RandomForest
2026-01-15,MED-014,LOC-005,9.7521,8.496,11.1829,RandomForest
2026-01-16,MED-014,LOC-005,8.6962,7.4401,10.1269,RandomForest
2026-01-17,MED-014,LOC-005,6.2637,5.0075,7.6944,RandomForest
2026-01-18,MED-014,LOC-005,5.0513,3.7952,6.4821,RandomForest
2026-01-19,MED-014,LOC-005,9.4597,8.2035,10.8904,RandomForest
2026-01-20,MED-014,LOC-005,9.4618,8.2057,10.8926,RandomForest
2026-01-21,MED-014,LOC-005,8.9907,7.7346,10.4215,RandomForest
2026-01-22,MED-014,LOC-005,8.9942,7.7381,10.425,RandomForest
2026-01-23,MED-014,LOC-005,8.5653,7.3092,9.9961,RandomForest
2026-01-24,MED-014,LOC-005,6.311,5.0549,7.7418,RandomForest
2026-01-25,MED-014,LOC-005,5.0168,3.7607,6.4476,RandomForest
2026-01-26,MED-014,LOC-005,9.5115,8.2554,10.9423,RandomForest
2026-01-27,MED-014,LOC-005,8.6937,7.4376,10.1245,RandomForest
2026-01-28,MED-014,LOC-005,8.5216,7.2655,9.9524,RandomForest
2026-01-01,MED-015,LOC-001,20.8412,16.6087,23.5454,RandomForest
2026-01-02,MED-015,LOC-001,21.2877,17.0551,23.9918,RandomForest
2026-01-03,MED-015,LOC-001,14.2777,10.0452,16.9818,RandomForest
2026-01-04,MED-015,LOC-001,12.3311,8.0986,15.0352,RandomForest
2026-01-05,MED-015,LOC-001,21.7138,17.4813,24.4179,RandomForest
2026-01-06,MED-015,LOC-001,20.544,16.3114,23.2481,RandomForest
2026-01-07,MED-015,LOC-001,21.1658,16.9333,23.87,RandomForest
2026-01-08,MED-015,LOC-001,21.6431,17.4106,24.3472,RandomForest
2026-01-09,MED-015,LOC-001,21.4657,17.2332,24.1698,RandomForest
2026-01-10,MED-015,LOC-001,13.5274,9.2948,16.2315,RandomForest
2026-01-11,MED-015,LOC-001,12.043,7.8105,14.7471,RandomForest
2026-01-12,MED-015,LOC-001,21.9066,17.6741,24.6107,RandomForest
2026-01-13,MED-015,LOC-001,21.2366,17.0041,23.9407,RandomForest
2026-01-14,MED-015,LOC-001,20.2667,16.0341,22.9708,RandomForest
2026-01-15,MED-015,LOC-001,20.7069,16.4744,23.411,RandomForest
2026-01-16,MED-015,LOC-001,20.6936,16.4611,23.3978,RandomForest
2026-01-17,MED-015,LOC-001,14.383,10.1505,17.0871,RandomForest
2026-01-18,MED-015,LOC-001,10.7145,6.482,13.4186,RandomForest
2026-01-19,MED-015,LOC-001,21.6558,17.4233,24.3599,RandomForest
2026-01-20,MED-015,LOC-001,20.6473,16.4147,23.3514,RandomForest
2026-01-21,MED-015,LOC-001,20.7797,16.5472,23.4838,RandomForest
2026-01-22,MED-015,LOC-001,21.0443,16.8118,23.7484,RandomForest
2026-01-23,MED-015,LOC-001,18.8902,14.6576,21.5943,RandomForest
2026-01-24,MED-015,LOC-001,13.6554,9.4229,16.3595,RandomForest
2026-01-25,MED-015,LOC-001,12.5276,8.2951,15.2318,RandomForest
2026-01-26,MED-015,LOC-001,21.2753,17.0428,23.9794,RandomForest
2026-01-27,MED-015,LOC-001,20.3684,16.1358,23.0725,RandomForest
2026-01-28,MED-015,LOC-001,19.7957,15.5632,22.4998,RandomForest
2026-01-01,MED-015,LOC-002,16.3067,14.3436,18.857,RandomForest
2026-01-02,MED-015,LOC-002,16.0398,14.0767,18.5902,RandomForest
2026-01-03,MED-015,LOC-002,10.965,9.0019,13.5153,RandomForest
2026-01-04,MED-015,LOC-002,9.552,7.5889,12.1024,RandomForest
2026-01-05,MED-015,LOC-002,16.823,14.86,19.3734,RandomForest
2026-01-06,MED-015,LOC-002,16.5176,14.5545,19.0679,RandomForest
2026-01-07,MED-015,LOC-002,16.639,14.6759,19.1893,RandomForest
2026-01-08,MED-015,LOC-002,17.5665,15.6034,20.1169,RandomForest
2026-01-09,MED-015,LOC-002,15.9774,14.0143,18.5277,RandomForest
2026-01-10,MED-015,LOC-002,11.273,9.3099,13.8234,RandomForest
2026-01-11,MED-015,LOC-002,9.551,7.5879,12.1014,RandomForest
2026-01-12,MED-015,LOC-002,17.286,15.3229,19.8364,RandomForest
2026-01-13,MED-015,LOC-002,16.3731,14.41,18.9235,RandomForest
2026-01-14,MED-015,LOC-002,17.0509,15.0878,19.6013,RandomForest
2026-01-15,MED-015,LOC-002,16.2437,14.2806,18.7941,RandomForest
2026-01-16,MED-015,LOC-002,16.1537,14.1906,18.7041,RandomForest
2026-01-17,MED-015,LOC-002,11.2835,9.3204,13.8339,RandomForest
2026-01-18,MED-015,LOC-002,9.4577,7.4946,12.008,RandomForest
2026-01-19,MED-015,LOC-002,16.7716,14.8086,19.322,RandomForest
2026-01-20,MED-015,LOC-002,16.9893,15.0262,19.5396,RandomForest
2026-01-21,MED-015,LOC-002,16.7479,14.7848,19.2982,RandomForest
2026-01-22,MED-015,LOC-002,17.0602,15.0972,19.6106,RandomForest
2026-01-23,MED-015,LOC-002,16.1496,14.1866,18.7,RandomForest
2026-01-24,MED-015,LOC-002,10.9491,8.986,13.4995,RandomForest
2026-01-25,MED-015,LOC-002,8.9371,6.974,11.4875,RandomForest
2026-01-26,MED-015,LOC-002,17.115,15.1519,19.6654,RandomForest
2026-01-27,MED-015,LOC-002,16.0568,14.0937,18.6072,RandomForest
2026-01-28,MED-015,LOC-002,16.5518,14.5887,19.1022,RandomForest
2026-01-01,MED-015,LOC-003,12.6155,10.4091,14.3236,RandomForest
2026-01-02,MED-015,LOC-003,12.0782,9.8718,13.7863,RandomForest
2026-01-03,MED-015,LOC-003,8.6306,6.4242,10.3387,RandomForest
2026-01-04,MED-015,LOC-003,7.3877,5.1813,9.0958,RandomForest
2026-01-05,MED-015,LOC-003,13.1936,10.9872,14.9017,RandomForest
2026-01-06,MED-015,LOC-003,12.4639,10.2575,14.172,RandomForest
2026-01-07,MED-015,LOC-003,12.1518,9.9453,13.8598,RandomForest
2026-01-08,MED-015,LOC-003,13.6007,11.3943,15.3088,RandomForest
2026-01-09,MED-015,LOC-003,13.476,11.2696,15.1841,RandomForest
2026-01-10,MED-015,LOC-003,8.6973,6.4909,10.4054,RandomForest
2026-01-11,MED-015,LOC-003,7.0962,4.8898,8.8043,RandomForest
2026-01-12,MED-015,LOC-003,13.2715,11.0651,14.9796,RandomForest
2026-01-13,MED-015,LOC-003,12.6993,10.4929,14.4074,RandomForest
2026-01-14,MED-015,LOC-003,12.2169,10.0104,13.9249,RandomForest
2026-01-15,MED-015,LOC-003,12.1042,9.8978,13.8123,RandomForest
2026-01-16,MED-015,LOC-003,12.2549,10.0484,13.9629,RandomForest
2026-01-17,MED-015,LOC-003,7.8974,5.691,9.6055,RandomForest
2026-01-18,MED-015,LOC-003,6.755,4.5486,8.4631,RandomForest
2026-01-19,MED-015,LOC-003,12.4236,10.2172,14.1317,RandomForest
2026-01-20,MED-015,LOC-003,11.9156,9.7091,13.6236,RandomForest
2026-01-21,MED-015,LOC-003,11.6233,9.4169,13.3314,RandomForest
2026-01-22,MED-015,LOC-003,10.5096,8.3032,12.2177,RandomForest
2026-01-23,MED-015,LOC-003,11.5726,9.3662,13.2807,RandomForest
2026-01-24,MED-015,LOC-003,8.1379,5.9315,9.846,RandomForest
2026-01-25,MED-015,LOC-003,6.1896,3.9832,7.8977,RandomForest
2026-01-26,MED-015,LOC-003,12.0444,9.838,13.7525,RandomForest
2026-01-27,MED-015,LOC-003,11.988,9.7816,13.6961,RandomForest
2026-01-28,MED-015,LOC-003,11.7705,9.5641,13.4786,RandomForest
2026-01-01,MED-015,LOC-004,9.8464,8.5407,11.146,RandomForest
2026-01-02,MED-015,LOC-004,9.4347,8.129,10.7343,RandomForest
2026-01-03,MED-015,LOC-004,6.8352,5.5295,8.1348,RandomForest
2026-01-04,MED-015,LOC-004,6.3255,5.0198,7.6251,RandomForest
2026-01-05,MED-015,LOC-004,9.9869,8.6813,11.2866,RandomForest
2026-01-06,MED-015,LOC-004,9.5484,8.2427,10.848,RandomForest
2026-01-07,MED-015,LOC-004,9.6278,8.3222,10.9275,RandomForest
2026-01-08,MED-015,LOC-004,9.526,8.2204,10.8257,RandomForest
2026-01-09,MED-015,LOC-004,9.5499,8.2443,10.8496,RandomForest
2026-01-10,MED-015,LOC-004,6.2593,4.9536,7.5589,RandomForest
2026-01-11,MED-015,LOC-004,6.0718,4.7661,7.3715,RandomForest
2026-01-12,MED-015,LOC-004,10.0771,8.7714,11.3767,RandomForest
2026-01-13,MED-015,LOC-004,9.612,8.3063,10.9116,RandomForest
2026-01-14,MED-015,LOC-004,9.7588,8.4532,11.0585,RandomForest
2026-01-15,MED-015,LOC-004,9.7089,8.4033,11.0086,RandomForest
2026-01-16,MED-015,LOC-004,9.9388,8.6332,11.2385,RandomForest
2026-01-17,MED-015,LOC-004,6.3558,5.0502,7.6555,RandomForest
2026-01-18,MED-015,LOC-004,6.0391,4.7334,7.3387,RandomForest
2026-01-19,MED-015,LOC-004,9.5522,8.2465,10.8518,RandomForest
2026-01-20,MED-015,LOC-004,8.9988,7.6931,10.2984,RandomForest
2026-01-21,MED-015,LOC-004,8.7308,7.4251,10.0304,RandomForest
2026-01-22,MED-015,LOC-004,9.4513,8.1457,10.751,RandomForest
2026-01-23,MED-015,LOC-004,9.0229,7.7172,10.3225,RandomForest
2026-01-24,MED-015,LOC-004,6.074,4.7684,7.3737,RandomForest
2026-01-25,MED-015,LOC-004,5.6148,4.3091,6.9145,RandomForest
2026-01-26,MED-015,LOC-004,9.4891,8.1834,10.7887,RandomForest
2026-01-27,MED-015,LOC-004,9.152,7.8463,10.4517,RandomForest
2026-01-28,MED-015,LOC-004,9.5726,8.2669,10.8722,RandomForest
2026-01-01,MED-015,LOC-005,11.5405,9.8793,13.4508,RandomForest
2026-01-02,MED-015,LOC-005,10.6525,8.9913,12.5628,RandomForest
2026-01-03,MED-015,LOC-005,7.8051,6.1438,9.7153,RandomForest
2026-01-04,MED-015,LOC-005,6.8073,5.146,8.7175,RandomForest
2026-01-05,MED-015,LOC-005,11.9483,10.2871,13.8585,RandomForest
2026-01-06,MED-015,LOC-005,10.8134,9.1522,12.7237,RandomForest
2026-01-07,MED-015,LOC-005,11.294,9.6328,13.2042,RandomForest
2026-01-08,MED-015,LOC-005,10.729,9.0678,12.6392,RandomForest
2026-01-09,MED-015,LOC-005,10.0557,8.3945,11.9659,RandomForest
2026-01-10,MED-015,LOC-005,7.6849,6.0236,9.5951,RandomForest
2026-01-11,MED-015,LOC-005,6.0739,4.4126,7.9841,RandomForest
2026-01-12,MED-015,LOC-005,11.7349,10.0737,13.6452,RandomForest
2026-01-13,MED-015,LOC-005,10.4435,8.7823,12.3537,RandomForest
2026-01-14,MED-015,LOC-005,10.5841,8.9229,12.4943,RandomForest
2026-01-15,MED-015,LOC-005,10.5212,8.8599,12.4314,RandomForest
2026-01-16,MED-015,LOC-005,9.2677,7.6065,11.1779,RandomForest
2026-01-17,MED-015,LOC-005,7.0964,5.4352,9.0066,RandomForest
2026-01-18,MED-015,LOC-005,6.3192,4.658,8.2294,RandomForest
2026-01-19,MED-015,LOC-005,10.8772,9.2159,12.7874,RandomForest
2026-01-20,MED-015,LOC-005,10.954,9.2928,12.8642,RandomForest
2026-01-21,MED-015,LOC-005,10.3643,8.7031,12.2745,RandomForest
2026-01-22,MED-015,LOC-005,10.2924,8.6311,12.2026,RandomForest
2026-01-23,MED-015,LOC-005,9.1903,7.5291,11.1005,RandomForest
2026-01-24,MED-015,LOC-005,7.3255,5.6642,9.2357,RandomForest
2026-01-25,MED-015,LOC-005,5.949,4.2878,7.8592,RandomForest
2026-01-26,MED-015,LOC-005,11.4906,9.8293,13.4008,RandomForest
2026-01-27,MED-015,LOC-005,11.3742,9.713,13.2844,RandomForest
2026-01-28,MED-015,LOC-005,11.4097,9.7484,13.3199,RandomForest
