fecha_pedido,fecha_recepcion,producto_id,ubicacion_id,proveedor_id,cantidad,costo_unitario,valor_compra
2023-01-01,2023-01-13,MED-001,LOC-001,PROV-001,2181,450,981450
2023-01-29,2023-02-11,MED-001,LOC-001,PROV-001,1882,450,846900
2023-02-26,2023-03-09,MED-001,LOC-001,PROV-001,2089,450,940050
2023-03-26,2023-04-06,MED-001,LOC-001,PROV-001,1965,450,884250
2023-04-23,2023-05-02,MED-001,LOC-001,PROV-001,1758,450,791100
2023-05-21,2023-06-03,MED-001,LOC-001,PROV-001,2224,450,1000800
2023-06-18,2023-06-30,MED-001,LOC-001,PROV-001,2160,450,972000
2023-07-16,2023-07-28,MED-001,LOC-001,PROV-001,2119,450,953550
2023-08-13,2023-08-24,MED-001,LOC-001,PROV-001,1861,450,837450
2023-09-10,2023-09-24,MED-001,LOC-001,PROV-001,2024,450,910800
2023-10-08,2023-10-21,MED-001,LOC-001,PROV-001,2111,450,949950
2023-11-05,2023-11-17,MED-001,LOC-001,PROV-001,2513,450,1130850
2023-12-03,2023-12-14,MED-001,LOC-001,PROV-001,1736,450,781200
2023-12-31,2024-01-11,MED-001,LOC-001,PROV-001,2269,450,1021050
2024-01-28,2024-02-08,MED-001,LOC-001,PROV-001,1958,450,881100
2024-02-25,2024-03-08,MED-001,LOC-001,PROV-001,1966,450,884700
2024-03-24,2024-04-04,MED-001,LOC-001,PROV-001,1954,450,879300
2024-04-21,2024-05-04,MED-001,LOC-001,PROV-001,2027,450,912150
2024-05-19,2024-05-30,MED-001,LOC-001,PROV-001,2408,450,1083600
2024-06-16,2024-06-27,MED-001,LOC-001,PROV-001,2224,450,1000800
2024-07-14,2024-07-28,MED-001,LOC-001,PROV-001,2205,450,992250
2024-08-11,2024-08-22,MED-001,LOC-001,PROV-001,2044,450,919800
2024-09-08,2024-09-18,MED-001,LOC-001,PROV-001,2366,450,1064700
2024-10-06,2024-10-19,MED-001,LOC-001,PROV-001,2378,450,1070100
2024-11-03,2024-11-12,MED-001,LOC-001,PROV-001,2803,450,1261350
2024-12-01,2024-12-13,MED-001,LOC-001,PROV-001,1723,450,775350
2024-12-29,2025-01-11,MED-001,LOC-001,PROV-001,2159,450,971550
2025-01-26,2025-02-07,MED-001,LOC-001,PROV-001,1856,450,835200
2025-02-23,2025-03-07,MED-001,LOC-001,PROV-001,2217,450,997650
2025-03-23,2025-04-01,MED-001,LOC-001,PROV-001,2363,450,1063350
2025-04-20,2025-05-03,MED-001,LOC-001,PROV-001,2249,450,1012050
2025-05-18,2025-05-31,MED-001,LOC-001,PROV-001,2410,450,1084500
2025-06-15,2025-06-25,MED-001,LOC-001,PROV-001,2155,450,969750
2025-07-13,2025-07-28,MED-001,LOC-001,PROV-001,1943,450,874350
2025-08-10,2025-08-20,MED-001,LOC-001,PROV-001,2123,450,955350
2025-09-07,2025-09-17,MED-001,LOC-001,PROV-001,2116,450,952200
2025-10-05,2025-10-14,MED-001,LOC-001,PROV-001,2093,450,941850
2025-11-02,2025-11-14,MED-001,LOC-001,PROV-001,2353,450,1058850
2025-11-30,2025-12-12,MED-001,LOC-001,PROV-001,1747,450,786150
2025-12-28,2026-01-10,MED-001,LOC-001,PROV-001,260,450,117000
2023-01-01,2023-01-13,MED-001,LOC-002,PROV-001,1552,450,698400
2023-01-29,2023-02-09,MED-001,LOC-002,PROV-001,1534,450,690300
2023-02-26,2023-03-11,MED-001,LOC-002,PROV-001,1530,450,688500
2023-03-26,2023-04-06,MED-001,LOC-002,PROV-001,1345,450,605250
2023-04-23,2023-05-03,MED-001,LOC-002,PROV-001,1551,450,697950
2023-05-21,2023-06-04,MED-001,LOC-002,PROV-001,1616,450,727200
2023-06-18,2023-06-30,MED-001,LOC-002,PROV-001,1535,450,690750
2023-07-16,2023-07-29,MED-001,LOC-002,PROV-001,1458,450,656100
2023-08-13,2023-08-26,MED-001,LOC-002,PROV-001,1523,450,685350
2023-09-10,2023-09-21,MED-001,LOC-002,PROV-001,1498,450,674100
2023-10-08,2023-10-19,MED-001,LOC-002,PROV-001,1501,450,675450
2023-11-05,2023-11-18,MED-001,LOC-002,PROV-001,1443,450,649350
2023-12-03,2023-12-14,MED-001,LOC-002,PROV-001,1448,450,651600
2023-12-31,2024-01-12,MED-001,LOC-002,PROV-001,1704,450,766800
2024-01-28,2024-02-09,MED-001,LOC-002,PROV-001,1602,450,720900
2024-02-25,2024-03-06,MED-001,LOC-002,PROV-001,1665,450,749250
2024-03-24,2024-04-06,MED-001,LOC-002,PROV-001,1466,450,659700
2024-04-21,2024-05-01,MED-001,LOC-002,PROV-001,1742,450,783900
2024-05-19,2024-05-31,MED-001,LOC-002,PROV-001,1520,450,684000
2024-06-16,2024-06-28,MED-001,LOC-002,PROV-001,1541,450,693450
2024-07-14,2024-07-28,MED-001,LOC-002,PROV-001,1679,450,755550
2024-08-11,2024-08-21,MED-001,LOC-002,PROV-001,1585,450,713250
2024-09-08,2024-09-19,MED-001,LOC-002,PROV-001,1615,450,726750
2024-10-06,2024-10-18,MED-001,LOC-002,PROV-001,1751,450,787950
2024-11-03,2024-11-15,MED-001,LOC-002,PROV-001,2073,450,932850
2024-12-01,2024-12-14,MED-001,LOC-002,PROV-001,1356,450,610200
2024-12-29,2025-01-10,MED-001,LOC-002,PROV-001,1615,450,726750
2025-01-26,2025-02-07,MED-001,LOC-002,PROV-001,1541,450,693450
2025-02-23,2025-03-08,MED-001,LOC-002,PROV-001,1693,450,761850
2025-03-23,2025-04-07,MED-001,LOC-002,PROV-001,1676,450,754200
2025-04-20,2025-04-30,MED-001,LOC-002,PROV-001,1494,450,672300
2025-05-18,2025-05-30,MED-001,LOC-002,PROV-001,1534,450,690300
2025-06-15,2025-06-28,MED-001,LOC-002,PROV-001,1759,450,791550
2025-07-13,2025-07-25,MED-001,LOC-002,PROV-001,1558,450,701100
2025-08-10,2025-08-24,MED-001,LOC-002,PROV-001,1454,450,654300
2025-09-07,2025-09-19,MED-001,LOC-002,PROV-001,1686,450,758700
2025-10-05,2025-10-16,MED-001,LOC-002,PROV-001,1649,450,742050
2025-11-02,2025-11-15,MED-001,LOC-002,PROV-001,1915,450,861750
2025-11-30,2025-12-08,MED-001,LOC-002,PROV-001,1412,450,635400
2025-12-28,2026-01-08,MED-001,LOC-002,PROV-001,218,450,98100
2023-01-01,2023-01-16,MED-001,LOC-003,PROV-001,1243,450,559350
2023-01-29,2023-02-10,MED-001,LOC-003,PROV-001,1172,450,527400
2023-02-26,2023-03-11,MED-001,LOC-003,PROV-001,1234,450,555300
2023-03-26,2023-04-06,MED-001,LOC-003,PROV-001,1030,450,463500
2023-04-23,2023-05-05,MED-001,LOC-003,PROV-001,995,450,447750
2023-05-21,2023-06-02,MED-001,LOC-003,PROV-001,1061,450,477450
2023-06-18,2023-07-03,MED-001,LOC-003,PROV-001,1253,450,563850
2023-07-16,2023-07-27,MED-001,LOC-003,PROV-001,1195,450,537750
2023-08-13,2023-08-21,MED-001,LOC-003,PROV-001,1073,450,482850
2023-09-10,2023-09-23,MED-001,LOC-003,PROV-001,1216,450,547200
2023-10-08,2023-10-22,MED-001,LOC-003,PROV-001,1167,450,525150
2023-11-05,2023-11-16,MED-001,LOC-003,PROV-001,1387,450,624150
2023-12-03,2023-12-12,MED-001,LOC-003,PROV-001,1040,450,468000
2023-12-31,2024-01-10,MED-001,LOC-003,PROV-001,1233,450,554850
2024-01-28,2024-02-10,MED-001,LOC-003,PROV-001,1154,450,519300
2024-02-25,2024-03-07,MED-001,LOC-003,PROV-001,1232,450,554400
2024-03-24,2024-04-05,MED-001,LOC-003,PROV-001,1164,450,523800
2024-04-21,2024-04-30,MED-001,LOC-003,PROV-001,1210,450,544500
2024-05-19,2024-05-30,MED-001,LOC-003,PROV-001,1213,450,545850
2024-06-16,2024-06-29,MED-001,LOC-003,PROV-001,1355,450,609750
2024-07-14,2024-07-26,MED-001,LOC-003,PROV-001,1347,450,606150
2024-08-11,2024-08-22,MED-001,LOC-003,PROV-001,1264,450,568800
2024-09-08,2024-09-22,MED-001,LOC-003,PROV-001,1181,450,531450
2024-10-06,2024-10-19,MED-001,LOC-003,PROV-001,1440,450,648000
2024-11-03,2024-11-14,MED-001,LOC-003,PROV-001,1626,450,731700
2024-12-01,2024-12-12,MED-001,LOC-003,PROV-001,1077,450,484650
2024-12-29,2025-01-12,MED-001,LOC-003,PROV-001,1259,450,566550
2025-01-26,2025-02-06,MED-001,LOC-003,PROV-001,1189,450,535050
2025-02-23,2025-03-07,MED-001,LOC-003,PROV-001,1370,450,616500
2025-03-23,2025-04-07,MED-001,LOC-003,PROV-001,1395,450,627750
2025-04-20,2025-05-02,MED-001,LOC-003,PROV-001,1253,450,563850
2025-05-18,2025-05-29,MED-001,LOC-003,PROV-001,1223,450,550350
2025-06-15,2025-06-24,MED-001,LOC-003,PROV-001,1206,450,542700
2025-07-13,2025-07-25,MED-001,LOC-003,PROV-001,1289,450,580050
2025-08-10,2025-08-22,MED-001,LOC-003,PROV-001,1166,450,524700
2025-09-07,2025-09-18,MED-001,LOC-003,PROV-001,1424,450,640800
2025-10-05,2025-10-18,MED-001,LOC-003,PROV-001,1417,450,637650
2025-11-02,2025-11-12,MED-001,LOC-003,PROV-001,1520,450,684000
2025-11-30,2025-12-10,MED-001,LOC-003,PROV-001,1044,450,469800
2025-12-28,2026-01-08,MED-001,LOC-003,PROV-001,174,450,78300
2023-01-01,2023-01-13,MED-001,LOC-004,PROV-001,960,450,432000
2023-01-29,2023-02-08,MED-001,LOC-004,PROV-001,925,450,416250
2023-02-26,2023-03-08,MED-001,LOC-004,PROV-001,810,450,364500
2023-03-26,2023-04-06,MED-001,LOC-004,PROV-001,829,450,373050
2023-04-23,2023-05-05,MED-001,LOC-004,PROV-001,765,450,344250
2023-05-21,2023-06-01,MED-001,LOC-004,PROV-001,888,450,399600
2023-06-18,2023-07-01,MED-001,LOC-004,PROV-001,902,450,405900
2023-07-16,2023-07-25,MED-001,LOC-004,PROV-001,832,450,374400
2023-08-13,2023-08-25,MED-001,LOC-004,PROV-001,865,450,389250
2023-09-10,2023-09-21,MED-001,LOC-004,PROV-001,963,450,433350
2023-10-08,2023-10-21,MED-001,LOC-004,PROV-001,871,450,391950
2023-11-05,2023-11-20,MED-001,LOC-004,PROV-001,1134,450,510300
2023-12-03,2023-12-15,MED-001,LOC-004,PROV-001,836,450,376200
2023-12-31,2024-01-12,MED-001,LOC-004,PROV-001,940,450,423000
2024-01-28,2024-02-10,MED-001,LOC-004,PROV-001,934,450,420300
2024-02-25,2024-03-06,MED-001,LOC-004,PROV-001,816,450,367200
2024-03-24,2024-04-06,MED-001,LOC-004,PROV-001,1008,450,453600
2024-04-21,2024-05-04,MED-001,LOC-004,PROV-001,992,450,446400
2024-05-19,2024-05-31,MED-001,LOC-004,PROV-001,1052,450,473400
2024-06-16,2024-06-29,MED-001,LOC-004,PROV-001,862,450,387900
2024-07-14,2024-07-26,MED-001,LOC-004,PROV-001,929,450,418050
2024-08-11,2024-08-22,MED-001,LOC-004,PROV-001,942,450,423900
2024-09-08,2024-09-18,MED-001,LOC-004,PROV-001,1064,450,478800
2024-10-06,2024-10-19,MED-001,LOC-004,PROV-001,1048,450,471600
2024-11-03,2024-11-17,MED-001,LOC-004,PROV-001,1194,450,537300
2024-12-01,2024-12-12,MED-001,LOC-004,PROV-001,790,450,355500
2024-12-29,2025-01-10,MED-001,LOC-004,PROV-001,901,450,405450
2025-01-26,2025-02-05,MED-001,LOC-004,PROV-001,970,450,436500
2025-02-23,2025-03-06,MED-001,LOC-004,PROV-001,1125,450,506250
2025-03-23,2025-04-03,MED-001,LOC-004,PROV-001,910,450,409500
2025-04-20,2025-04-30,MED-001,LOC-004,PROV-001,1027,450,462150
2025-05-18,2025-05-30,MED-001,LOC-004,PROV-001,1055,450,474750
2025-06-15,2025-06-28,MED-001,LOC-004,PROV-001,909,450,409050
2025-07-13,2025-07-26,MED-001,LOC-004,PROV-001,987,450,444150
2025-08-10,2025-08-21,MED-001,LOC-004,PROV-001,849,450,382050
2025-09-07,2025-09-21,MED-001,LOC-004,PROV-001,1038,450,467100
2025-10-05,2025-10-17,MED-001,LOC-004,PROV-001,985,450,443250
2025-11-02,2025-11-16,MED-001,LOC-004,PROV-001,1149,450,517050
2025-11-30,2025-12-10,MED-001,LOC-004,PROV-001,863,450,388350
2025-12-28,2026-01-13,MED-001,LOC-004,PROV-001,141,450,63450
2023-01-01,2023-01-13,MED-001,LOC-005,PROV-001,955,450,429750
2023-01-29,2023-02-08,MED-001,LOC-005,PROV-001,1100,450,495000
2023-02-26,2023-03-08,MED-001,LOC-005,PROV-001,989,450,445050
2023-03-26,2023-04-08,MED-001,LOC-005,PROV-001,845,450,380250
2023-04-23,2023-05-06,MED-001,LOC-005,PROV-001,1009,450,454050
2023-05-21,2023-06-03,MED-001,LOC-005,PROV-001,991,450,445950
2023-06-18,2023-07-01,MED-001,LOC-005,PROV-001,1121,450,504450
2023-07-16,2023-07-26,MED-001,LOC-005,PROV-001,1124,450,505800
2023-08-13,2023-08-25,MED-001,LOC-005,PROV-001,1003,450,451350
2023-09-10,2023-09-19,MED-001,LOC-005,PROV-001,1170,450,526500
2023-10-08,2023-10-19,MED-001,LOC-005,PROV-001,1046,450,470700
2023-11-05,2023-11-18,MED-001,LOC-005,PROV-001,1201,450,540450
2023-12-03,2023-12-12,MED-001,LOC-005,PROV-001,869,450,391050
2023-12-31,2024-01-15,MED-001,LOC-005,PROV-001,1209,450,544050
2024-01-28,2024-02-11,MED-001,LOC-005,PROV-001,982,450,441900
2024-02-25,2024-03-06,MED-001,LOC-005,PROV-001,924,450,415800
2024-03-24,2024-04-06,MED-001,LOC-005,PROV-001,957,450,430650
2024-04-21,2024-05-04,MED-001,LOC-005,PROV-001,1281,450,576450
2024-05-19,2024-05-31,MED-001,LOC-005,PROV-001,1253,450,563850
2024-06-16,2024-06-29,MED-001,LOC-005,PROV-001,1100,450,495000
2024-07-14,2024-07-26,MED-001,LOC-005,PROV-001,1240,450,558000
2024-08-11,2024-08-23,MED-001,LOC-005,PROV-001,1207,450,543150
2024-09-08,2024-09-21,MED-001,LOC-005,PROV-001,1166,450,524700
2024-10-06,2024-10-19,MED-001,LOC-005,PROV-001,1091,450,490950
2024-11-03,2024-11-15,MED-001,LOC-005,PROV-001,1455,450,654750
2024-12-01,2024-12-13,MED-001,LOC-005,PROV-001,952,450,428400
2024-12-29,2025-01-11,MED-001,LOC-005,PROV-001,1057,450,475650
2025-01-26,2025-02-08,MED-001,LOC-005,PROV-001,995,450,447750
2025-02-23,2025-03-05,MED-001,LOC-005,PROV-001,1352,450,608400
2025-03-23,2025-04-03,MED-001,LOC-005,PROV-001,1049,450,472050
2025-04-20,2025-05-04,MED-001,LOC-005,PROV-001,1126,450,506700
2025-05-18,2025-06-01,MED-001,LOC-005,PROV-001,1044,450,469800
2025-06-15,2025-06-28,MED-001,LOC-005,PROV-001,1044,450,469800
2025-07-13,2025-07-25,MED-001,LOC-005,PROV-001,1135,450,510750
2025-08-10,2025-08-23,MED-001,LOC-005,PROV-001,1056,450,475200
2025-09-07,2025-09-20,MED-001,LOC-005,PROV-001,1020,450,459000
2025-10-05,2025-10-15,MED-001,LOC-005,PROV-001,1241,450,558450
2025-11-02,2025-11-14,MED-001,LOC-005,PROV-001,1409,450,634050
2025-11-30,2025-12-10,MED-001,LOC-005,PROV-001,916,450,412200
2025-12-28,2026-01-08,MED-001,LOC-005,PROV-001,140,450,63000
2023-01-01,2023-01-13,MED-002,LOC-001,PROV-001,1855,470,871850
2023-01-29,2023-02-12,MED-002,LOC-001,PROV-001,1872,470,879840
2023-02-26,2023-03-07,MED-002,LOC-001,PROV-001,1668,470,783960
2023-03-26,2023-04-06,MED-002,LOC-001,PROV-001,1433,470,673510
2023-04-23,2023-05-06,MED-002,LOC-001,PROV-001,1470,470,690900
2023-05-21,2023-06-03,MED-002,LOC-001,PROV-001,1518,470,713460
2023-06-18,2023-07-01,MED-002,LOC-001,PROV-001,1550,470,728500
2023-07-16,2023-07-27,MED-002,LOC-001,PROV-001,1795,470,843650
2023-08-13,2023-08-25,MED-002,LOC-001,PROV-001,1524,470,716280
2023-09-10,2023-09-21,MED-002,LOC-001,PROV-001,1724,470,810280
2023-10-08,2023-10-22,MED-002,LOC-001,PROV-001,1932,470,908040
2023-11-05,2023-11-17,MED-002,LOC-001,PROV-001,1908,470,896760
2023-12-03,2023-12-15,MED-002,LOC-001,PROV-001,1334,470,626980
2023-12-31,2024-01-12,MED-002,LOC-001,PROV-001,1914,470,899580
2024-01-28,2024-02-07,MED-002,LOC-001,PROV-001,1762,470,828140
2024-02-25,2024-03-09,MED-002,LOC-001,PROV-001,1798,470,845060
2024-03-24,2024-04-03,MED-002,LOC-001,PROV-001,1535,470,721450
2024-04-21,2024-05-03,MED-002,LOC-001,PROV-001,1796,470,844120
2024-05-19,2024-05-30,MED-002,LOC-001,PROV-001,2097,470,985590
2024-06-16,2024-06-30,MED-002,LOC-001,PROV-001,1706,470,801820
2024-07-14,2024-07-26,MED-002,LOC-001,PROV-001,1726,470,811220
2024-08-11,2024-08-26,MED-002,LOC-001,PROV-001,1731,470,813570
2024-09-08,2024-09-17,MED-002,LOC-001,PROV-001,1852,470,870440
2024-10-06,2024-10-20,MED-002,LOC-001,PROV-001,2080,470,977600
2024-11-03,2024-11-16,MED-002,LOC-001,PROV-001,2168,470,1018960
2024-12-01,2024-12-13,MED-002,LOC-001,PROV-001,1641,470,771270
2024-12-29,2025-01-13,MED-002,LOC-001,PROV-001,1624,470,763280
2025-01-26,2025-02-05,MED-002,LOC-001,PROV-001,1830,470,860100
2025-02-23,2025-03-07,MED-002,LOC-001,PROV-001,2288,470,1075360
2025-03-23,2025-04-06,MED-002,LOC-001,PROV-001,1644,470,772680
2025-04-20,2025-05-03,MED-002,LOC-001,PROV-001,1587,470,745890
2025-05-18,2025-05-29,MED-002,LOC-001,PROV-001,1730,470,813100
2025-06-15,2025-06-28,MED-002,LOC-001,PROV-001,1965,470,923550
2025-07-13,2025-07-24,MED-002,LOC-001,PROV-001,1818,470,854460
2025-08-10,2025-08-22,MED-002,LOC-001,PROV-001,2032,470,955040
2025-09-07,2025-09-18,MED-002,LOC-001,PROV-001,2096,470,985120
2025-10-05,2025-10-19,MED-002,LOC-001,PROV-001,1931,470,907570
2025-11-02,2025-11-14,MED-002,LOC-001,PROV-001,2189,470,1028830
2025-11-30,2025-12-16,MED-002,LOC-001,PROV-001,1447,470,680090
2025-12-28,2026-01-10,MED-002,LOC-001,PROV-001,197,470,92590
2023-01-01,2023-01-11,MED-002,LOC-002,PROV-001,1415,470,665050
2023-01-29,2023-02-11,MED-002,LOC-002,PROV-001,1341,470,630270
2023-02-26,2023-03-08,MED-002,LOC-002,PROV-001,1170,470,549900
2023-03-26,2023-04-07,MED-002,LOC-002,PROV-001,1241,470,583270
2023-04-23,2023-05-05,MED-002,LOC-002,PROV-001,1292,470,607240
2023-05-21,2023-05-31,MED-002,LOC-002,PROV-001,1410,470,662700
2023-06-18,2023-06-29,MED-002,LOC-002,PROV-001,1344,470,631680
2023-07-16,2023-07-27,MED-002,LOC-002,PROV-001,1298,470,610060
2023-08-13,2023-08-25,MED-002,LOC-002,PROV-001,1281,470,602070
2023-09-10,2023-09-22,MED-002,LOC-002,PROV-001,1309,470,615230
2023-10-08,2023-10-20,MED-002,LOC-002,PROV-001,1429,470,671630
2023-11-05,2023-11-19,MED-002,LOC-002,PROV-001,1576,470,740720
2023-12-03,2023-12-16,MED-002,LOC-002,PROV-001,1110,470,521700
2023-12-31,2024-01-13,MED-002,LOC-002,PROV-001,1274,470,598780
2024-01-28,2024-02-11,MED-002,LOC-002,PROV-001,1177,470,553190
2024-02-25,2024-03-11,MED-002,LOC-002,PROV-001,1398,470,657060
2024-03-24,2024-04-07,MED-002,LOC-002,PROV-001,1323,470,621810
2024-04-21,2024-05-01,MED-002,LOC-002,PROV-001,1305,470,613350
2024-05-19,2024-06-01,MED-002,LOC-002,PROV-001,1281,470,602070
2024-06-16,2024-06-29,MED-002,LOC-002,PROV-001,1384,470,650480
2024-07-14,2024-07-27,MED-002,LOC-002,PROV-001,1236,470,580920
2024-08-11,2024-08-23,MED-002,LOC-002,PROV-001,1406,470,660820
2024-09-08,2024-09-20,MED-002,LOC-002,PROV-001,1327,470,623690
2024-10-06,2024-10-17,MED-002,LOC-002,PROV-001,1305,470,613350
2024-11-03,2024-11-14,MED-002,LOC-002,PROV-001,1872,470,879840
2024-12-01,2024-12-11,MED-002,LOC-002,PROV-001,1083,470,509010
2024-12-29,2025-01-12,MED-002,LOC-002,PROV-001,1328,470,624160
2025-01-26,2025-02-06,MED-002,LOC-002,PROV-001,1240,470,582800
2025-02-23,2025-03-06,MED-002,LOC-002,PROV-001,1462,470,687140
2025-03-23,2025-04-04,MED-002,LOC-002,PROV-001,1271,470,597370
2025-04-20,2025-05-02,MED-002,LOC-002,PROV-001,1209,470,568230
2025-05-18,2025-05-29,MED-002,LOC-002,PROV-001,1296,470,609120
2025-06-15,2025-06-28,MED-002,LOC-002,PROV-001,1230,470,578100
2025-07-13,2025-07-24,MED-002,LOC-002,PROV-001,1434,470,673980
2025-08-10,2025-08-23,MED-002,LOC-002,PROV-001,1432,470,673040
2025-09-07,2025-09-19,MED-002,LOC-002,PROV-001,1379,470,648130
2025-10-05,2025-10-17,MED-002,LOC-002,PROV-001,1368,470,642960
2025-11-02,2025-11-13,MED-002,LOC-002,PROV-001,1528,470,718160
2025-11-30,2025-12-11,MED-002,LOC-002,PROV-001,1347,470,633090
2025-12-28,2026-01-09,MED-002,LOC-002,PROV-001,192,470,90240
2023-01-01,2023-01-11,MED-002,LOC-003,PROV-001,938,470,440860
2023-01-29,2023-02-12,MED-002,LOC-003,PROV-001,902,470,423940
2023-02-26,2023-03-09,MED-002,LOC-003,PROV-001,939,470,441330
2023-03-26,2023-04-10,MED-002,LOC-003,PROV-001,928,470,436160
2023-04-23,2023-05-06,MED-002,LOC-003,PROV-001,991,470,465770
2023-05-21,2023-06-02,MED-002,LOC-003,PROV-001,962,470,452140
2023-06-18,2023-06-29,MED-002,LOC-003,PROV-001,898,470,422060
2023-07-16,2023-07-29,MED-002,LOC-003,PROV-001,971,470,456370
2023-08-13,2023-08-26,MED-002,LOC-003,PROV-001,990,470,465300
2023-09-10,2023-09-23,MED-002,LOC-003,PROV-001,921,470,432870
2023-10-08,2023-10-21,MED-002,LOC-003,PROV-001,1160,470,545200
2023-11-05,2023-11-17,MED-002,LOC-003,PROV-001,982,470,461540
2023-12-03,2023-12-17,MED-002,LOC-003,PROV-001,962,470,452140
2023-12-31,2024-01-11,MED-002,LOC-003,PROV-001,959,470,450730
2024-01-28,2024-02-09,MED-002,LOC-003,PROV-001,1052,470,494440
2024-02-25,2024-03-09,MED-002,LOC-003,PROV-001,1139,470,535330
2024-03-24,2024-04-04,MED-002,LOC-003,PROV-001,1049,470,493030
2024-04-21,2024-05-03,MED-002,LOC-003,PROV-001,1150,470,540500
2024-05-19,2024-06-02,MED-002,LOC-003,PROV-001,1140,470,535800
2024-06-16,2024-06-28,MED-002,LOC-003,PROV-001,1077,470,506190
2024-07-14,2024-07-25,MED-002,LOC-003,PROV-001,1090,470,512300
2024-08-11,2024-08-25,MED-002,LOC-003,PROV-001,918,470,431460
2024-09-08,2024-09-18,MED-002,LOC-003,PROV-001,1078,470,506660
2024-10-06,2024-10-18,MED-002,LOC-003,PROV-001,1127,470,529690
2024-11-03,2024-11-17,MED-002,LOC-003,PROV-001,1375,470,646250
2024-12-01,2024-12-12,MED-002,LOC-003,PROV-001,893,470,419710
2024-12-29,2025-01-10,MED-002,LOC-003,PROV-001,1032,470,485040
2025-01-26,2025-02-07,MED-002,LOC-003,PROV-001,1064,470,500080
2025-02-23,2025-03-09,MED-002,LOC-003,PROV-001,1133,470,532510
2025-03-23,2025-04-02,MED-002,LOC-003,PROV-001,964,470,453080
2025-04-20,2025-05-01,MED-002,LOC-003,PROV-001,1047,470,492090
2025-05-18,2025-05-30,MED-002,LOC-003,PROV-001,1059,470,497730
2025-06-15,2025-06-28,MED-002,LOC-003,PROV-001,1023,470,480810
2025-07-13,2025-07-26,MED-002,LOC-003,PROV-001,1079,470,507130
2025-08-10,2025-08-23,MED-002,LOC-003,PROV-001,1074,470,504780
2025-09-07,2025-09-21,MED-002,LOC-003,PROV-001,1086,470,510420
2025-10-05,2025-10-18,MED-002,LOC-003,PROV-001,1059,470,497730
2025-11-02,2025-11-12,MED-002,LOC-003,PROV-001,1271,470,597370
2025-11-30,2025-12-10,MED-002,LOC-003,PROV-001,926,470,435220
2025-12-28,2026-01-08,MED-002,LOC-003,PROV-001,139,470,65330
2023-01-01,2023-01-12,MED-002,LOC-004,PROV-001,814,470,382580
2023-01-29,2023-02-09,MED-002,LOC-004,PROV-001,748,470,351560
2023-02-26,2023-03-12,MED-002,LOC-004,PROV-001,741,470,348270
2023-03-26,2023-04-06,MED-002,LOC-004,PROV-001,737,470,346390
2023-04-23,2023-05-07,MED-002,LOC-004,PROV-001,783,470,368010
2023-05-21,2023-06-04,MED-002,LOC-004,PROV-001,772,470,362840
2023-06-18,2023-06-30,MED-002,LOC-004,PROV-001,813,470,382110
2023-07-16,2023-07-27,MED-002,LOC-004,PROV-001,749,470,352030
2023-08-13,2023-08-27,MED-002,LOC-004,PROV-001,783,470,368010
2023-09-10,2023-09-21,MED-002,LOC-004,PROV-001,778,470,365660
2023-10-08,2023-10-21,MED-002,LOC-004,PROV-001,817,470,383990
2023-11-05,2023-11-17,MED-002,LOC-004,PROV-001,763,470,358610
2023-12-03,2023-12-17,MED-002,LOC-004,PROV-001,689,470,323830
2023-12-31,2024-01-13,MED-002,LOC-004,PROV-001,915,470,430050
2024-01-28,2024-02-09,MED-002,LOC-004,PROV-001,666,470,313020
2024-02-25,2024-03-10,MED-002,LOC-004,PROV-001,776,470,364720
2024-03-24,2024-04-04,MED-002,LOC-004,PROV-001,678,470,318660
2024-04-21,2024-05-04,MED-002,LOC-004,PROV-001,849,470,399030
2024-05-19,2024-05-31,MED-002,LOC-004,PROV-001,767,470,360490
2024-06-16,2024-06-28,MED-002,LOC-004,PROV-001,884,470,415480
2024-07-14,2024-07-24,MED-002,LOC-004,PROV-001,742,470,348740
2024-08-11,2024-08-23,MED-002,LOC-004,PROV-001,891,470,418770
2024-09-08,2024-09-19,MED-002,LOC-004,PROV-001,904,470,424880
2024-10-06,2024-10-19,MED-002,LOC-004,PROV-001,823,470,386810
2024-11-03,2024-11-18,MED-002,LOC-004,PROV-001,1049,470,493030
2024-12-01,2024-12-13,MED-002,LOC-004,PROV-001,742,470,348740
2024-12-29,2025-01-11,MED-002,LOC-004,PROV-001,880,470,413600
2025-01-26,2025-02-08,MED-002,LOC-004,PROV-001,766,470,360020
2025-02-23,2025-03-05,MED-002,LOC-004,PROV-001,973,470,457310
2025-03-23,2025-04-05,MED-002,LOC-004,PROV-001,740,470,347800
2025-04-20,2025-05-02,MED-002,LOC-004,PROV-001,808,470,379760
2025-05-18,2025-05-29,MED-002,LOC-004,PROV-001,746,470,350620
2025-06-15,2025-06-28,MED-002,LOC-004,PROV-001,782,470,367540
2025-07-13,2025-07-24,MED-002,LOC-004,PROV-001,856,470,402320
2025-08-10,2025-08-21,MED-002,LOC-004,PROV-001,799,470,375530
2025-09-07,2025-09-20,MED-002,LOC-004,PROV-001,827,470,388690
2025-10-05,2025-10-19,MED-002,LOC-004,PROV-001,910,470,427700
2025-11-02,2025-11-14,MED-002,LOC-004,PROV-001,954,470,448380
2025-11-30,2025-12-13,MED-002,LOC-004,PROV-001,690,470,324300
2025-12-28,2026-01-07,MED-002,LOC-004,PROV-001,115,470,54050
2023-01-01,2023-01-13,MED-002,LOC-005,PROV-001,1029,470,483630
2023-01-29,2023-02-11,MED-002,LOC-005,PROV-001,773,470,363310
2023-02-26,2023-03-09,MED-002,LOC-005,PROV-001,801,470,376470
2023-03-26,2023-04-08,MED-002,LOC-005,PROV-001,755,470,354850
2023-04-23,2023-05-05,MED-002,LOC-005,PROV-001,895,470,420650
2023-05-21,2023-06-02,MED-002,LOC-005,PROV-001,823,470,386810
2023-06-18,2023-07-02,MED-002,LOC-005,PROV-001,963,470,452610
2023-07-16,2023-07-30,MED-002,LOC-005,PROV-001,902,470,423940
2023-08-13,2023-08-23,MED-002,LOC-005,PROV-001,866,470,407020
2023-09-10,2023-09-21,MED-002,LOC-005,PROV-001,1037,470,487390
2023-10-08,2023-10-21,MED-002,LOC-005,PROV-001,999,470,469530
2023-11-05,2023-11-17,MED-002,LOC-005,PROV-001,932,470,438040
2023-12-03,2023-12-18,MED-002,LOC-005,PROV-001,742,470,348740
2023-12-31,2024-01-14,MED-002,LOC-005,PROV-001,895,470,420650
2024-01-28,2024-02-08,MED-002,LOC-005,PROV-001,779,470,366130
2024-02-25,2024-03-07,MED-002,LOC-005,PROV-001,815,470,383050
2024-03-24,2024-04-03,MED-002,LOC-005,PROV-001,908,470,426760
2024-04-21,2024-05-04,MED-002,LOC-005,PROV-001,959,470,450730
2024-05-19,2024-05-30,MED-002,LOC-005,PROV-001,942,470,442740
2024-06-16,2024-06-27,MED-002,LOC-005,PROV-001,953,470,447910
2024-07-14,2024-07-24,MED-002,LOC-005,PROV-001,915,470,430050
2024-08-11,2024-08-24,MED-002,LOC-005,PROV-001,986,470,463420
2024-09-08,2024-09-19,MED-002,LOC-005,PROV-001,1047,470,492090
2024-10-06,2024-10-17,MED-002,LOC-005,PROV-001,981,470,461070
2024-11-03,2024-11-12,MED-002,LOC-005,PROV-001,1115,470,524050
2024-12-01,2024-12-14,MED-002,LOC-005,PROV-001,871,470,409370
2024-12-29,2025-01-10,MED-002,LOC-005,PROV-001,958,470,450260
2025-01-26,2025-02-08,MED-002,LOC-005,PROV-001,1014,470,476580
2025-02-23,2025-03-09,MED-002,LOC-005,PROV-001,1013,470,476110
2025-03-23,2025-04-04,MED-002,LOC-005,PROV-001,1047,470,492090
2025-04-20,2025-05-02,MED-002,LOC-005,PROV-001,911,470,428170
2025-05-18,2025-05-28,MED-002,LOC-005,PROV-001,894,470,420180
2025-06-15,2025-06-27,MED-002,LOC-005,PROV-001,986,470,463420
2025-07-13,2025-07-26,MED-002,LOC-005,PROV-001,977,470,459190
2025-08-10,2025-08-22,MED-002,LOC-005,PROV-001,851,470,399970
2025-09-07,2025-09-16,MED-002,LOC-005,PROV-001,975,470,458250
2025-10-05,2025-10-19,MED-002,LOC-005,PROV-001,1041,470,489270
2025-11-02,2025-11-15,MED-002,LOC-005,PROV-001,969,470,455430
2025-11-30,2025-12-11,MED-002,LOC-005,PROV-001,842,470,395740
2025-12-28,2026-01-09,MED-002,LOC-005,PROV-001,119,470,55930
2023-01-01,2023-01-13,MED-003,LOC-001,PROV-002,1321,380,501980
2023-01-29,2023-02-14,MED-003,LOC-001,PROV-002,1429,380,543020
2023-02-26,2023-03-12,MED-003,LOC-001,PROV-002,1465,380,556700
2023-03-26,2023-04-08,MED-003,LOC-001,PROV-002,1177,380,447260
2023-04-23,2023-05-12,MED-003,LOC-001,PROV-002,1437,380,546060
2023-05-21,2023-06-08,MED-003,LOC-001,PROV-002,1382,380,525160
2023-06-18,2023-07-04,MED-003,LOC-001,PROV-002,1317,380,500460
2023-07-16,2023-07-31,MED-003,LOC-001,PROV-002,1417,380,538460
2023-08-13,2023-08-26,MED-003,LOC-001,PROV-002,1246,380,473480
2023-09-10,2023-09-25,MED-003,LOC-001,PROV-002,1532,380,582160
2023-10-08,2023-10-24,MED-003,LOC-001,PROV-002,1472,380,559360
2023-11-05,2023-11-20,MED-003,LOC-001,PROV-002,1535,380,583300
2023-12-03,2023-12-18,MED-003,LOC-001,PROV-002,1073,380,407740
2023-12-31,2024-01-15,MED-003,LOC-001,PROV-002,1496,380,568480
2024-01-28,2024-02-10,MED-003,LOC-001,PROV-002,1145,380,435100
2024-02-25,2024-03-12,MED-003,LOC-001,PROV-002,1283,380,487540
2024-03-24,2024-04-10,MED-003,LOC-001,PROV-002,1172,380,445360
2024-04-21,2024-05-05,MED-003,LOC-001,PROV-002,1617,380,614460
2024-05-19,2024-06-02,MED-003,LOC-001,PROV-002,1412,380,536560
2024-06-16,2024-07-05,MED-003,LOC-001,PROV-002,1509,380,573420
2024-07-14,2024-07-31,MED-003,LOC-001,PROV-002,1442,380,547960
2024-08-11,2024-08-22,MED-003,LOC-001,PROV-002,1264,380,480320
2024-09-08,2024-09-23,MED-003,LOC-001,PROV-002,1304,380,495520
2024-10-06,2024-10-19,MED-003,LOC-001,PROV-002,1322,380,502360
2024-11-03,2024-11-16,MED-003,LOC-001,PROV-002,1807,380,686660
2024-12-01,2024-12-15,MED-003,LOC-001,PROV-002,1246,380,473480
2024-12-29,2025-01-13,MED-003,LOC-001,PROV-002,1368,380,519840
2025-01-26,2025-02-10,MED-003,LOC-001,PROV-002,1490,380,566200
2025-02-23,2025-03-08,MED-003,LOC-001,PROV-002,1462,380,555560
2025-03-23,2025-04-05,MED-003,LOC-001,PROV-002,1553,380,590140
2025-04-20,2025-05-01,MED-003,LOC-001,PROV-002,1586,380,602680
2025-05-18,2025-06-02,MED-003,LOC-001,PROV-002,1482,380,563160
2025-06-15,2025-06-30,MED-003,LOC-001,PROV-002,1483,380,563540
2025-07-13,2025-07-30,MED-003,LOC-001,PROV-002,1564,380,594320
2025-08-10,2025-08-27,MED-003,LOC-001,PROV-002,1336,380,507680
2025-09-07,2025-09-22,MED-003,LOC-001,PROV-002,1421,380,539980
2025-10-05,2025-10-19,MED-003,LOC-001,PROV-002,1395,380,530100
2025-11-02,2025-11-21,MED-003,LOC-001,PROV-002,1552,380,589760
2025-11-30,2025-12-13,MED-003,LOC-001,PROV-002,1363,380,517940
2025-12-28,2026-01-10,MED-003,LOC-001,PROV-002,206,380,78280
2023-01-01,2023-01-15,MED-003,LOC-002,PROV-002,1122,380,426360
2023-01-29,2023-02-13,MED-003,LOC-002,PROV-002,948,380,360240
2023-02-26,2023-03-15,MED-003,LOC-002,PROV-002,1091,380,414580
2023-03-26,2023-04-09,MED-003,LOC-002,PROV-002,912,380,346560
2023-04-23,2023-05-05,MED-003,LOC-002,PROV-002,924,380,351120
2023-05-21,2023-06-06,MED-003,LOC-002,PROV-002,1076,380,408880
2023-06-18,2023-07-02,MED-003,LOC-002,PROV-002,1114,380,423320
2023-07-16,2023-07-29,MED-003,LOC-002,PROV-002,1032,380,392160
2023-08-13,2023-08-26,MED-003,LOC-002,PROV-002,911,380,346180
2023-09-10,2023-09-25,MED-003,LOC-002,PROV-002,1102,380,418760
2023-10-08,2023-10-20,MED-003,LOC-002,PROV-002,978,380,371640
2023-11-05,2023-11-23,MED-003,LOC-002,PROV-002,1234,380,468920
2023-12-03,2023-12-18,MED-003,LOC-002,PROV-002,931,380,353780
2023-12-31,2024-01-15,MED-003,LOC-002,PROV-002,1007,380,382660
2024-01-28,2024-02-14,MED-003,LOC-002,PROV-002,916,380,348080
2024-02-25,2024-03-10,MED-003,LOC-002,PROV-002,1003,380,381140
2024-03-24,2024-04-08,MED-003,LOC-002,PROV-002,1074,380,408120
2024-04-21,2024-05-06,MED-003,LOC-002,PROV-002,1082,380,411160
2024-05-19,2024-06-04,MED-003,LOC-002,PROV-002,1237,380,470060
2024-06-16,2024-07-05,MED-003,LOC-002,PROV-002,1073,380,407740
2024-07-14,2024-07-27,MED-003,LOC-002,PROV-002,1091,380,414580
2024-08-11,2024-08-26,MED-003,LOC-002,PROV-002,944,380,358720
2024-09-08,2024-09-27,MED-003,LOC-002,PROV-002,1237,380,470060
2024-10-06,2024-10-19,MED-003,LOC-002,PROV-002,1043,380,396340
2024-11-03,2024-11-21,MED-003,LOC-002,PROV-002,1353,380,514140
2024-12-01,2024-12-16,MED-003,LOC-002,PROV-002,928,380,352640
2024-12-29,2025-01-15,MED-003,LOC-002,PROV-002,1098,380,417240
2025-01-26,2025-02-11,MED-003,LOC-002,PROV-002,1194,380,453720
2025-02-23,2025-03-11,MED-003,LOC-002,PROV-002,1180,380,448400
2025-03-23,2025-04-05,MED-003,LOC-002,PROV-002,1141,380,433580
2025-04-20,2025-05-05,MED-003,LOC-002,PROV-002,1007,380,382660
2025-05-18,2025-06-03,MED-003,LOC-002,PROV-002,1057,380,401660
2025-06-15,2025-06-29,MED-003,LOC-002,PROV-002,942,380,357960
2025-07-13,2025-07-26,MED-003,LOC-002,PROV-002,1040,380,395200
2025-08-10,2025-08-23,MED-003,LOC-002,PROV-002,1027,380,390260
2025-09-07,2025-09-25,MED-003,LOC-002,PROV-002,1106,380,420280
2025-10-05,2025-10-23,MED-003,LOC-002,PROV-002,1142,380,433960
2025-11-02,2025-11-16,MED-003,LOC-002,PROV-002,1273,380,483740
2025-11-30,2025-12-15,MED-003,LOC-002,PROV-002,965,380,366700
2025-12-28,2026-01-14,MED-003,LOC-002,PROV-002,127,380,48260
2023-01-01,2023-01-17,MED-003,LOC-003,PROV-002,809,380,307420
2023-01-29,2023-02-13,MED-003,LOC-003,PROV-002,698,380,265240
2023-02-26,2023-03-14,MED-003,LOC-003,PROV-002,790,380,300200
2023-03-26,2023-04-08,MED-003,LOC-003,PROV-002,683,380,259540
2023-04-23,2023-05-07,MED-003,LOC-003,PROV-002,670,380,254600
2023-05-21,2023-06-06,MED-003,LOC-003,PROV-002,750,380,285000
2023-06-18,2023-07-03,MED-003,LOC-003,PROV-002,792,380,300960
2023-07-16,2023-08-01,MED-003,LOC-003,PROV-002,746,380,283480
2023-08-13,2023-08-28,MED-003,LOC-003,PROV-002,798,380,303240
2023-09-10,2023-09-23,MED-003,LOC-003,PROV-002,839,380,318820
2023-10-08,2023-10-24,MED-003,LOC-003,PROV-002,890,380,338200
2023-11-05,2023-11-22,MED-003,LOC-003,PROV-002,899,380,341620
2023-12-03,2023-12-19,MED-003,LOC-003,PROV-002,703,380,267140
2023-12-31,2024-01-16,MED-003,LOC-003,PROV-002,792,380,300960
2024-01-28,2024-02-10,MED-003,LOC-003,PROV-002,846,380,321480
2024-02-25,2024-03-11,MED-003,LOC-003,PROV-002,828,380,314640
2024-03-24,2024-04-07,MED-003,LOC-003,PROV-002,757,380,287660
2024-04-21,2024-05-05,MED-003,LOC-003,PROV-002,902,380,342760
2024-05-19,2024-06-02,MED-003,LOC-003,PROV-002,839,380,318820
2024-06-16,2024-07-02,MED-003,LOC-003,PROV-002,802,380,304760
2024-07-14,2024-07-30,MED-003,LOC-003,PROV-002,853,380,324140
2024-08-11,2024-08-28,MED-003,LOC-003,PROV-002,873,380,331740
2024-09-08,2024-09-26,MED-003,LOC-003,PROV-002,861,380,327180
2024-10-06,2024-10-21,MED-003,LOC-003,PROV-002,879,380,334020
2024-11-03,2024-11-19,MED-003,LOC-003,PROV-002,1067,380,405460
2024-12-01,2024-12-16,MED-003,LOC-003,PROV-002,728,380,276640
2024-12-29,2025-01-10,MED-003,LOC-003,PROV-002,802,380,304760
2025-01-26,2025-02-08,MED-003,LOC-003,PROV-002,902,380,342760
2025-02-23,2025-03-11,MED-003,LOC-003,PROV-002,979,380,372020
2025-03-23,2025-04-06,MED-003,LOC-003,PROV-002,788,380,299440
2025-04-20,2025-05-05,MED-003,LOC-003,PROV-002,713,380,270940
2025-05-18,2025-05-30,MED-003,LOC-003,PROV-002,858,380,326040
2025-06-15,2025-07-01,MED-003,LOC-003,PROV-002,762,380,289560
2025-07-13,2025-07-27,MED-003,LOC-003,PROV-002,804,380,305520
2025-08-10,2025-08-25,MED-003,LOC-003,PROV-002,807,380,306660
2025-09-07,2025-09-22,MED-003,LOC-003,PROV-002,791,380,300580
2025-10-05,2025-10-17,MED-003,LOC-003,PROV-002,880,380,334400
2025-11-02,2025-11-19,MED-003,LOC-003,PROV-002,1009,380,383420
2025-11-30,2025-12-13,MED-003,LOC-003,PROV-002,645,380,245100
2025-12-28,2026-01-11,MED-003,LOC-003,PROV-002,121,380,45980
2023-01-01,2023-01-15,MED-003,LOC-004,PROV-002,665,380,252700
2023-01-29,2023-02-15,MED-003,LOC-004,PROV-002,547,380,207860
2023-02-26,2023-03-13,MED-003,LOC-004,PROV-002,548,380,208240
2023-03-26,2023-04-12,MED-003,LOC-004,PROV-002,589,380,223820
2023-04-23,2023-05-08,MED-003,LOC-004,PROV-002,532,380,202160
2023-05-21,2023-06-05,MED-003,LOC-004,PROV-002,590,380,224200
2023-06-18,2023-07-02,MED-003,LOC-004,PROV-002,663,380,251940
2023-07-16,2023-07-30,MED-003,LOC-004,PROV-002,674,380,256120
2023-08-13,2023-08-28,MED-003,LOC-004,PROV-002,612,380,232560
2023-09-10,2023-09-25,MED-003,LOC-004,PROV-002,577,380,219260
2023-10-08,2023-10-22,MED-003,LOC-004,PROV-002,657,380,249660
2023-11-05,2023-11-23,MED-003,LOC-004,PROV-002,678,380,257640
2023-12-03,2023-12-19,MED-003,LOC-004,PROV-002,517,380,196460
2023-12-31,2024-01-13,MED-003,LOC-004,PROV-002,640,380,243200
2024-01-28,2024-02-15,MED-003,LOC-004,PROV-002,530,380,201400
2024-02-25,2024-03-08,MED-003,LOC-004,PROV-002,597,380,226860
2024-03-24,2024-04-09,MED-003,LOC-004,PROV-002,593,380,225340
2024-04-21,2024-05-05,MED-003,LOC-004,PROV-002,641,380,243580
2024-05-19,2024-06-06,MED-003,LOC-004,PROV-002,631,380,239780
2024-06-16,2024-07-03,MED-003,LOC-004,PROV-002,680,380,258400
2024-07-14,2024-07-27,MED-003,LOC-004,PROV-002,720,380,273600
2024-08-11,2024-08-28,MED-003,LOC-004,PROV-002,630,380,239400
2024-09-08,2024-09-19,MED-003,LOC-004,PROV-002,671,380,254980
2024-10-06,2024-10-23,MED-003,LOC-004,PROV-002,727,380,276260
2024-11-03,2024-11-18,MED-003,LOC-004,PROV-002,748,380,284240
2024-12-01,2024-12-14,MED-003,LOC-004,PROV-002,512,380,194560
2024-12-29,2025-01-15,MED-003,LOC-004,PROV-002,640,380,243200
2025-01-26,2025-02-11,MED-003,LOC-004,PROV-002,576,380,218880
2025-02-23,2025-03-10,MED-003,LOC-004,PROV-002,806,380,306280
2025-03-23,2025-04-08,MED-003,LOC-004,PROV-002,650,380,247000
2025-04-20,2025-05-06,MED-003,LOC-004,PROV-002,640,380,243200
2025-05-18,2025-06-01,MED-003,LOC-004,PROV-002,589,380,223820
2025-06-15,2025-07-01,MED-003,LOC-004,PROV-002,588,380,223440
2025-07-13,2025-07-25,MED-003,LOC-004,PROV-002,700,380,266000
2025-08-10,2025-08-19,MED-003,LOC-004,PROV-002,575,380,218500
2025-09-07,2025-09-23,MED-003,LOC-004,PROV-002,610,380,231800
2025-10-05,2025-10-21,MED-003,LOC-004,PROV-002,642,380,243960
2025-11-02,2025-11-16,MED-003,LOC-004,PROV-002,731,380,277780
2025-11-30,2025-12-13,MED-003,LOC-004,PROV-002,558,380,212040
2025-12-28,2026-01-14,MED-003,LOC-004,PROV-002,84,380,31920
2023-01-01,2023-01-15,MED-003,LOC-005,PROV-002,669,380,254220
2023-01-29,2023-02-12,MED-003,LOC-005,PROV-002,623,380,236740
2023-02-26,2023-03-11,MED-003,LOC-005,PROV-002,770,380,292600
2023-03-26,2023-04-11,MED-003,LOC-005,PROV-002,679,380,258020
2023-04-23,2023-05-04,MED-003,LOC-005,PROV-002,652,380,247760
2023-05-21,2023-06-05,MED-003,LOC-005,PROV-002,722,380,274360
2023-06-18,2023-07-02,MED-003,LOC-005,PROV-002,718,380,272840
2023-07-16,2023-07-31,MED-003,LOC-005,PROV-002,642,380,243960
2023-08-13,2023-08-29,MED-003,LOC-005,PROV-002,669,380,254220
2023-09-10,2023-09-24,MED-003,LOC-005,PROV-002,738,380,280440
2023-10-08,2023-10-23,MED-003,LOC-005,PROV-002,701,380,266380
2023-11-05,2023-11-17,MED-003,LOC-005,PROV-002,839,380,318820
2023-12-03,2023-12-17,MED-003,LOC-005,PROV-002,580,380,220400
2023-12-31,2024-01-13,MED-003,LOC-005,PROV-002,784,380,297920
2024-01-28,2024-02-12,MED-003,LOC-005,PROV-002,751,380,285380
2024-02-25,2024-03-11,MED-003,LOC-005,PROV-002,723,380,274740
2024-03-24,2024-04-07,MED-003,LOC-005,PROV-002,761,380,289180
2024-04-21,2024-05-06,MED-003,LOC-005,PROV-002,812,380,308560
2024-05-19,2024-06-01,MED-003,LOC-005,PROV-002,823,380,312740
2024-06-16,2024-06-29,MED-003,LOC-005,PROV-002,708,380,269040
2024-07-14,2024-07-24,MED-003,LOC-005,PROV-002,707,380,268660
2024-08-11,2024-08-26,MED-003,LOC-005,PROV-002,718,380,272840
2024-09-08,2024-09-23,MED-003,LOC-005,PROV-002,676,380,256880
2024-10-06,2024-10-21,MED-003,LOC-005,PROV-002,772,380,293360
2024-11-03,2024-11-17,MED-003,LOC-005,PROV-002,982,380,373160
2024-12-01,2024-12-18,MED-003,LOC-005,PROV-002,631,380,239780
2024-12-29,2025-01-12,MED-003,LOC-005,PROV-002,686,380,260680
2025-01-26,2025-02-13,MED-003,LOC-005,PROV-002,714,380,271320
2025-02-23,2025-03-09,MED-003,LOC-005,PROV-002,813,380,308940
2025-03-23,2025-04-05,MED-003,LOC-005,PROV-002,669,380,254220
2025-04-20,2025-05-04,MED-003,LOC-005,PROV-002,770,380,292600
2025-05-18,2025-06-02,MED-003,LOC-005,PROV-002,758,380,288040
2025-06-15,2025-07-01,MED-003,LOC-005,PROV-002,732,380,278160
2025-07-13,2025-07-31,MED-003,LOC-005,PROV-002,793,380,301340
2025-08-10,2025-08-25,MED-003,LOC-005,PROV-002,635,380,241300
2025-09-07,2025-09-23,MED-003,LOC-005,PROV-002,733,380,278540
2025-10-05,2025-10-22,MED-003,LOC-005,PROV-002,829,380,315020
2025-11-02,2025-11-18,MED-003,LOC-005,PROV-002,867,380,329460
2025-11-30,2025-12-18,MED-003,LOC-005,PROV-002,702,380,266760
2025-12-28,2026-01-11,MED-003,LOC-005,PROV-002,102,380,38760
2023-01-01,2023-01-15,MED-004,LOC-001,PROV-002,1087,520,565240
2023-01-29,2023-02-11,MED-004,LOC-001,PROV-002,1065,520,553800
2023-02-26,2023-03-12,MED-004,LOC-001,PROV-002,1147,520,596440
2023-03-26,2023-04-06,MED-004,LOC-001,PROV-002,1047,520,544440
2023-04-23,2023-05-09,MED-004,LOC-001,PROV-002,1143,520,594360
2023-05-21,2023-06-04,MED-004,LOC-001,PROV-002,1123,520,583960
2023-06-18,2023-07-04,MED-004,LOC-001,PROV-002,1192,520,619840
2023-07-16,2023-08-01,MED-004,LOC-001,PROV-002,962,520,500240
2023-08-13,2023-08-26,MED-004,LOC-001,PROV-002,1126,520,585520
2023-09-10,2023-09-29,MED-004,LOC-001,PROV-002,1089,520,566280
2023-10-08,2023-10-22,MED-004,LOC-001,PROV-002,1179,520,613080
2023-11-05,2023-11-18,MED-004,LOC-001,PROV-002,1203,520,625560
2023-12-03,2023-12-17,MED-004,LOC-001,PROV-002,1054,520,548080
2023-12-31,2024-01-16,MED-004,LOC-001,PROV-002,1303,520,677560
2024-01-28,2024-02-10,MED-004,LOC-001,PROV-002,998,520,518960
2024-02-25,2024-03-12,MED-004,LOC-001,PROV-002,1153,520,599560
2024-03-24,2024-04-08,MED-004,LOC-001,PROV-002,1135,520,590200
2024-04-21,2024-05-06,MED-004,LOC-001,PROV-002,1094,520,568880
2024-05-19,2024-06-01,MED-004,LOC-001,PROV-002,1097,520,570440
2024-06-16,2024-07-01,MED-004,LOC-001,PROV-002,993,520,516360
2024-07-14,2024-07-28,MED-004,LOC-001,PROV-002,1197,520,622440
2024-08-11,2024-08-22,MED-004,LOC-001,PROV-002,1107,520,575640
2024-09-08,2024-09-24,MED-004,LOC-001,PROV-002,1280,520,665600
2024-10-06,2024-10-19,MED-004,LOC-001,PROV-002,1174,520,610480
2024-11-03,2024-11-17,MED-004,LOC-001,PROV-002,1492,520,775840
2024-12-01,2024-12-14,MED-004,LOC-001,PROV-002,931,520,484120
2024-12-29,2025-01-12,MED-004,LOC-001,PROV-002,1167,520,606840
2025-01-26,2025-02-09,MED-004,LOC-001,PROV-002,1009,520,524680
2025-02-23,2025-03-09,MED-004,LOC-001,PROV-002,1314,520,683280
2025-03-23,2025-04-06,MED-004,LOC-001,PROV-002,1309,520,680680
2025-04-20,2025-05-04,MED-004,LOC-001,PROV-002,1183,520,615160
2025-05-18,2025-06-04,MED-004,LOC-001,PROV-002,1198,520,622960
2025-06-15,2025-07-01,MED-004,LOC-001,PROV-002,1009,520,524680
2025-07-13,2025-07-29,MED-004,LOC-001,PROV-002,1130,520,587600
2025-08-10,2025-08-27,MED-004,LOC-001,PROV-002,1031,520,536120
2025-09-07,2025-09-21,MED-004,LOC-001,PROV-002,1088,520,565760
2025-10-05,2025-10-21,MED-004,LOC-001,PROV-002,1239,520,644280
2025-11-02,2025-11-16,MED-004,LOC-001,PROV-002,1379,520,717080
2025-11-30,2025-12-13,MED-004,LOC-001,PROV-002,1016,520,528320
2025-12-28,2026-01-14,MED-004,LOC-001,PROV-002,137,520,71240
2023-01-01,2023-01-14,MED-004,LOC-002,PROV-002,891,520,463320
2023-01-29,2023-02-17,MED-004,LOC-002,PROV-002,829,520,431080
2023-02-26,2023-03-17,MED-004,LOC-002,PROV-002,741,520,385320
2023-03-26,2023-04-06,MED-004,LOC-002,PROV-002,736,520,382720
2023-04-23,2023-05-10,MED-004,LOC-002,PROV-002,809,520,420680
2023-05-21,2023-06-03,MED-004,LOC-002,PROV-002,891,520,463320
2023-06-18,2023-07-04,MED-004,LOC-002,PROV-002,748,520,388960
2023-07-16,2023-07-31,MED-004,LOC-002,PROV-002,813,520,422760
2023-08-13,2023-08-23,MED-004,LOC-002,PROV-002,851,520,442520
2023-09-10,2023-09-25,MED-004,LOC-002,PROV-002,765,520,397800
2023-10-08,2023-10-25,MED-004,LOC-002,PROV-002,848,520,440960
2023-11-05,2023-11-20,MED-004,LOC-002,PROV-002,988,520,513760
2023-12-03,2023-12-21,MED-004,LOC-002,PROV-002,732,520,380640
2023-12-31,2024-01-14,MED-004,LOC-002,PROV-002,835,520,434200
2024-01-28,2024-02-15,MED-004,LOC-002,PROV-002,877,520,456040
2024-02-25,2024-03-11,MED-004,LOC-002,PROV-002,830,520,431600
2024-03-24,2024-04-06,MED-004,LOC-002,PROV-002,900,520,468000
2024-04-21,2024-05-07,MED-004,LOC-002,PROV-002,844,520,438880
2024-05-19,2024-06-06,MED-004,LOC-002,PROV-002,849,520,441480
2024-06-16,2024-07-01,MED-004,LOC-002,PROV-002,842,520,437840
2024-07-14,2024-07-29,MED-004,LOC-002,PROV-002,802,520,417040
2024-08-11,2024-08-26,MED-004,LOC-002,PROV-002,937,520,487240
2024-09-08,2024-09-19,MED-004,LOC-002,PROV-002,834,520,433680
2024-10-06,2024-10-25,MED-004,LOC-002,PROV-002,814,520,423280
2024-11-03,2024-11-21,MED-004,LOC-002,PROV-002,993,520,516360
2024-12-01,2024-12-19,MED-004,LOC-002,PROV-002,734,520,381680
2024-12-29,2025-01-14,MED-004,LOC-002,PROV-002,955,520,496600
2025-01-26,2025-02-10,MED-004,LOC-002,PROV-002,921,520,478920
2025-02-23,2025-03-09,MED-004,LOC-002,PROV-002,978,520,508560
2025-03-23,2025-04-10,MED-004,LOC-002,PROV-002,894,520,464880
2025-04-20,2025-05-06,MED-004,LOC-002,PROV-002,790,520,410800
2025-05-18,2025-05-31,MED-004,LOC-002,PROV-002,888,520,461760
2025-06-15,2025-06-29,MED-004,LOC-002,PROV-002,965,520,501800
2025-07-13,2025-07-29,MED-004,LOC-002,PROV-002,914,520,475280
2025-08-10,2025-08-24,MED-004,LOC-002,PROV-002,886,520,460720
2025-09-07,2025-09-23,MED-004,LOC-002,PROV-002,869,520,451880
2025-10-05,2025-10-24,MED-004,LOC-002,PROV-002,1030,520,535600
2025-11-02,2025-11-21,MED-004,LOC-002,PROV-002,995,520,517400
2025-11-30,2025-12-16,MED-004,LOC-002,PROV-002,699,520,363480
2025-12-28,2026-01-10,MED-004,LOC-002,PROV-002,97,520,50440
2023-01-01,2023-01-18,MED-004,LOC-003,PROV-002,583,520,303160
2023-01-29,2023-02-11,MED-004,LOC-003,PROV-002,566,520,294320
2023-02-26,2023-03-12,MED-004,LOC-003,PROV-002,547,520,284440
2023-03-26,2023-04-09,MED-004,LOC-003,PROV-002,584,520,303680
2023-04-23,2023-05-08,MED-004,LOC-003,PROV-002,607,520,315640
2023-05-21,2023-06-06,MED-004,LOC-003,PROV-002,604,520,314080
2023-06-18,2023-07-05,MED-004,LOC-003,PROV-002,631,520,328120
2023-07-16,2023-08-01,MED-004,LOC-003,PROV-002,696,520,361920
2023-08-13,2023-08-25,MED-004,LOC-003,PROV-002,675,520,351000
2023-09-10,2023-09-26,MED-004,LOC-003,PROV-002,639,520,332280
2023-10-08,2023-10-24,MED-004,LOC-003,PROV-002,624,520,324480
2023-11-05,2023-11-22,MED-004,LOC-003,PROV-002,757,520,393640
2023-12-03,2023-12-17,MED-004,LOC-003,PROV-002,505,520,262600
2023-12-31,2024-01-15,MED-004,LOC-003,PROV-002,621,520,322920
2024-01-28,2024-02-11,MED-004,LOC-003,PROV-002,696,520,361920
2024-02-25,2024-03-13,MED-004,LOC-003,PROV-002,639,520,332280
2024-03-24,2024-04-05,MED-004,LOC-003,PROV-002,641,520,333320
2024-04-21,2024-05-05,MED-004,LOC-003,PROV-002,747,520,388440
2024-05-19,2024-06-05,MED-004,LOC-003,PROV-002,734,520,381680
2024-06-16,2024-06-30,MED-004,LOC-003,PROV-002,627,520,326040
2024-07-14,2024-07-31,MED-004,LOC-003,PROV-002,633,520,329160
2024-08-11,2024-08-27,MED-004,LOC-003,PROV-002,624,520,324480
2024-09-08,2024-09-20,MED-004,LOC-003,PROV-002,598,520,310960
2024-10-06,2024-10-19,MED-004,LOC-003,PROV-002,762,520,396240
2024-11-03,2024-11-21,MED-004,LOC-003,PROV-002,805,520,418600
2024-12-01,2024-12-13,MED-004,LOC-003,PROV-002,572,520,297440
2024-12-29,2025-01-12,MED-004,LOC-003,PROV-002,703,520,365560
2025-01-26,2025-02-10,MED-004,LOC-003,PROV-002,698,520,362960
2025-02-23,2025-03-10,MED-004,LOC-003,PROV-002,779,520,405080
2025-03-23,2025-04-10,MED-004,LOC-003,PROV-002,670,520,348400
2025-04-20,2025-05-03,MED-004,LOC-003,PROV-002,710,520,369200
2025-05-18,2025-06-02,MED-004,LOC-003,PROV-002,681,520,354120
2025-06-15,2025-07-01,MED-004,LOC-003,PROV-002,728,520,378560
2025-07-13,2025-07-27,MED-004,LOC-003,PROV-002,748,520,388960
2025-08-10,2025-08-23,MED-004,LOC-003,PROV-002,725,520,377000
2025-09-07,2025-09-21,MED-004,LOC-003,PROV-002,625,520,325000
2025-10-05,2025-10-18,MED-004,LOC-003,PROV-002,727,520,378040
2025-11-02,2025-11-17,MED-004,LOC-003,PROV-002,709,520,368680
2025-11-30,2025-12-17,MED-004,LOC-003,PROV-002,600,520,312000
2025-12-28,2026-01-11,MED-004,LOC-003,PROV-002,79,520,41080
2023-01-01,2023-01-17,MED-004,LOC-004,PROV-002,500,520,260000
2023-01-29,2023-02-09,MED-004,LOC-004,PROV-002,455,520,236600
2023-02-26,2023-03-10,MED-004,LOC-004,PROV-002,421,520,218920
2023-03-26,2023-04-12,MED-004,LOC-004,PROV-002,495,520,257400
2023-04-23,2023-05-08,MED-004,LOC-004,PROV-002,417,520,216840
2023-05-21,2023-06-06,MED-004,LOC-004,PROV-002,435,520,226200
2023-06-18,2023-06-30,MED-004,LOC-004,PROV-002,454,520,236080
2023-07-16,2023-07-29,MED-004,LOC-004,PROV-002,432,520,224640
2023-08-13,2023-08-30,MED-004,LOC-004,PROV-002,458,520,238160
2023-09-10,2023-09-25,MED-004,LOC-004,PROV-002,502,520,261040
2023-10-08,2023-10-24,MED-004,LOC-004,PROV-002,506,520,263120
2023-11-05,2023-11-20,MED-004,LOC-004,PROV-002,469,520,243880
2023-12-03,2023-12-20,MED-004,LOC-004,PROV-002,382,520,198640
2023-12-31,2024-01-14,MED-004,LOC-004,PROV-002,500,520,260000
2024-01-28,2024-02-08,MED-004,LOC-004,PROV-002,428,520,222560
2024-02-25,2024-03-09,MED-004,LOC-004,PROV-002,492,520,255840
2024-03-24,2024-04-09,MED-004,LOC-004,PROV-002,453,520,235560
2024-04-21,2024-05-06,MED-004,LOC-004,PROV-002,517,520,268840
2024-05-19,2024-06-02,MED-004,LOC-004,PROV-002,512,520,266240
2024-06-16,2024-07-03,MED-004,LOC-004,PROV-002,484,520,251680
2024-07-14,2024-07-28,MED-004,LOC-004,PROV-002,428,520,222560
2024-08-11,2024-08-24,MED-004,LOC-004,PROV-002,451,520,234520
2024-09-08,2024-09-25,MED-004,LOC-004,PROV-002,577,520,300040
2024-10-06,2024-10-20,MED-004,LOC-004,PROV-002,479,520,249080
2024-11-03,2024-11-18,MED-004,LOC-004,PROV-002,649,520,337480
2024-12-01,2024-12-13,MED-004,LOC-004,PROV-002,425,520,221000
2024-12-29,2025-01-10,MED-004,LOC-004,PROV-002,502,520,261040
2025-01-26,2025-02-09,MED-004,LOC-004,PROV-002,487,520,253240
2025-02-23,2025-03-14,MED-004,LOC-004,PROV-002,612,520,318240
2025-03-23,2025-04-08,MED-004,LOC-004,PROV-002,593,520,308360
2025-04-20,2025-05-04,MED-004,LOC-004,PROV-002,465,520,241800
2025-05-18,2025-06-01,MED-004,LOC-004,PROV-002,504,520,262080
2025-06-15,2025-06-30,MED-004,LOC-004,PROV-002,508,520,264160
2025-07-13,2025-07-28,MED-004,LOC-004,PROV-002,516,520,268320
2025-08-10,2025-08-26,MED-004,LOC-004,PROV-002,532,520,276640
2025-09-07,2025-09-26,MED-004,LOC-004,PROV-002,474,520,246480
2025-10-05,2025-10-19,MED-004,LOC-004,PROV-002,545,520,283400
2025-11-02,2025-11-22,MED-004,LOC-004,PROV-002,627,520,326040
2025-11-30,2025-12-12,MED-004,LOC-004,PROV-002,400,520,208000
2025-12-28,2026-01-12,MED-004,LOC-004,PROV-002,68,520,35360
2023-01-01,2023-01-15,MED-004,LOC-005,PROV-002,594,520,308880
2023-01-29,2023-02-14,MED-004,LOC-005,PROV-002,495,520,257400
2023-02-26,2023-03-11,MED-004,LOC-005,PROV-002,493,520,256360
2023-03-26,2023-04-08,MED-004,LOC-005,PROV-002,473,520,245960
2023-04-23,2023-05-08,MED-004,LOC-005,PROV-002,574,520,298480
2023-05-21,2023-06-03,MED-004,LOC-005,PROV-002,526,520,273520
2023-06-18,2023-07-09,MED-004,LOC-005,PROV-002,514,520,267280
2023-07-16,2023-08-02,MED-004,LOC-005,PROV-002,499,520,259480
2023-08-13,2023-08-29,MED-004,LOC-005,PROV-002,506,520,263120
2023-09-10,2023-09-26,MED-004,LOC-005,PROV-002,597,520,310440
2023-10-08,2023-10-24,MED-004,LOC-005,PROV-002,555,520,288600
2023-11-05,2023-11-20,MED-004,LOC-005,PROV-002,623,520,323960
2023-12-03,2023-12-18,MED-004,LOC-005,PROV-002,496,520,257920
2023-12-31,2024-01-15,MED-004,LOC-005,PROV-002,599,520,311480
2024-01-28,2024-02-10,MED-004,LOC-005,PROV-002,518,520,269360
2024-02-25,2024-03-11,MED-004,LOC-005,PROV-002,638,520,331760
2024-03-24,2024-04-11,MED-004,LOC-005,PROV-002,568,520,295360
2024-04-21,2024-05-07,MED-004,LOC-005,PROV-002,559,520,290680
2024-05-19,2024-06-06,MED-004,LOC-005,PROV-002,667,520,346840
2024-06-16,2024-07-03,MED-004,LOC-005,PROV-002,625,520,325000
2024-07-14,2024-08-02,MED-004,LOC-005,PROV-002,543,520,282360
2024-08-11,2024-08-26,MED-004,LOC-005,PROV-002,637,520,331240
2024-09-08,2024-09-23,MED-004,LOC-005,PROV-002,598,520,310960
2024-10-06,2024-10-20,MED-004,LOC-005,PROV-002,632,520,328640
2024-11-03,2024-11-20,MED-004,LOC-005,PROV-002,790,520,410800
2024-12-01,2024-12-15,MED-004,LOC-005,PROV-002,483,520,251160
2024-12-29,2025-01-14,MED-004,LOC-005,PROV-002,645,520,335400
2025-01-26,2025-02-07,MED-004,LOC-005,PROV-002,547,520,284440
2025-02-23,2025-03-09,MED-004,LOC-005,PROV-002,749,520,389480
2025-03-23,2025-04-10,MED-004,LOC-005,PROV-002,633,520,329160
2025-04-20,2025-05-06,MED-004,LOC-005,PROV-002,546,520,283920
2025-05-18,2025-06-04,MED-004,LOC-005,PROV-002,558,520,290160
2025-06-15,2025-06-29,MED-004,LOC-005,PROV-002,566,520,294320
2025-07-13,2025-07-28,MED-004,LOC-005,PROV-002,552,520,287040
2025-08-10,2025-08-22,MED-004,LOC-005,PROV-002,541,520,281320
2025-09-07,2025-09-22,MED-004,LOC-005,PROV-002,610,520,317200
2025-10-05,2025-10-22,MED-004,LOC-005,PROV-002,570,520,296400
2025-11-02,2025-11-17,MED-004,LOC-005,PROV-002,607,520,315640
2025-11-30,2025-12-15,MED-004,LOC-005,PROV-002,545,520,283400
2025-12-28,2026-01-10,MED-004,LOC-005,PROV-002,75,520,39000
2023-01-01,2023-01-19,MED-005,LOC-001,PROV-003,428,2800,1198400
2023-01-29,2023-02-18,MED-005,LOC-001,PROV-003,382,2800,1069600
2023-02-26,2023-03-20,MED-005,LOC-001,PROV-003,428,2800,1198400
2023-03-26,2023-04-14,MED-005,LOC-001,PROV-003,400,2800,1120000
2023-04-23,2023-05-15,MED-005,LOC-001,PROV-003,342,2800,957600
2023-05-21,2023-06-13,MED-005,LOC-001,PROV-003,392,2800,1097600
2023-06-18,2023-07-07,MED-005,LOC-001,PROV-003,422,2800,1181600
2023-07-16,2023-08-02,MED-005,LOC-001,PROV-003,380,2800,1064000
2023-08-13,2023-08-28,MED-005,LOC-001,PROV-003,410,2800,1148000
2023-09-10,2023-10-01,MED-005,LOC-001,PROV-003,455,2800,1274000
2023-10-08,2023-10-26,MED-005,LOC-001,PROV-003,390,2800,1092000
2023-11-05,2023-11-25,MED-005,LOC-001,PROV-003,390,2800,1092000
2023-12-03,2023-12-21,MED-005,LOC-001,PROV-003,381,2800,1066800
2023-12-31,2024-01-19,MED-005,LOC-001,PROV-003,432,2800,1209600
2024-01-28,2024-02-18,MED-005,LOC-001,PROV-003,382,2800,1069600
2024-02-25,2024-03-15,MED-005,LOC-001,PROV-003,451,2800,1262800
2024-03-24,2024-04-15,MED-005,LOC-001,PROV-003,418,2800,1170400
2024-04-21,2024-05-09,MED-005,LOC-001,PROV-003,458,2800,1282400
2024-05-19,2024-06-06,MED-005,LOC-001,PROV-003,468,2800,1310400
2024-06-16,2024-07-05,MED-005,LOC-001,PROV-003,420,2800,1176000
2024-07-14,2024-08-04,MED-005,LOC-001,PROV-003,388,2800,1086400
2024-08-11,2024-08-28,MED-005,LOC-001,PROV-003,419,2800,1173200
2024-09-08,2024-10-01,MED-005,LOC-001,PROV-003,417,2800,1167600
2024-10-06,2024-10-22,MED-005,LOC-001,PROV-003,463,2800,1296400
2024-11-03,2024-11-23,MED-005,LOC-001,PROV-003,554,2800,1551200
2024-12-01,2024-12-22,MED-005,LOC-001,PROV-003,320,2800,896000
2024-12-29,2025-01-14,MED-005,LOC-001,PROV-003,448,2800,1254400
2025-01-26,2025-02-16,MED-005,LOC-001,PROV-003,405,2800,1134000
2025-02-23,2025-03-17,MED-005,LOC-001,PROV-003,542,2800,1517600
2025-03-23,2025-04-13,MED-005,LOC-001,PROV-003,403,2800,1128400
2025-04-20,2025-05-10,MED-005,LOC-001,PROV-003,413,2800,1156400
2025-05-18,2025-06-07,MED-005,LOC-001,PROV-003,421,2800,1178800
2025-06-15,2025-07-05,MED-005,LOC-001,PROV-003,441,2800,1234800
2025-07-13,2025-08-04,MED-005,LOC-001,PROV-003,461,2800,1290800
2025-08-10,2025-08-29,MED-005,LOC-001,PROV-003,451,2800,1262800
2025-09-07,2025-09-26,MED-005,LOC-001,PROV-003,465,2800,1302000
2025-10-05,2025-10-27,MED-005,LOC-001,PROV-003,481,2800,1346800
2025-11-02,2025-11-23,MED-005,LOC-001,PROV-003,531,2800,1486800
2025-11-30,2025-12-23,MED-005,LOC-001,PROV-003,360,2800,1008000
2025-12-28,2026-01-14,MED-005,LOC-001,PROV-003,59,2800,165200
2023-01-01,2023-01-24,MED-005,LOC-002,PROV-003,276,2800,772800
2023-01-29,2023-02-18,MED-005,LOC-002,PROV-003,314,2800,879200
2023-02-26,2023-03-16,MED-005,LOC-002,PROV-003,299,2800,837200
2023-03-26,2023-04-17,MED-005,LOC-002,PROV-003,278,2800,778400
2023-04-23,2023-05-14,MED-005,LOC-002,PROV-003,264,2800,739200
2023-05-21,2023-06-07,MED-005,LOC-002,PROV-003,328,2800,918400
2023-06-18,2023-07-07,MED-005,LOC-002,PROV-003,307,2800,859600
2023-07-16,2023-08-07,MED-005,LOC-002,PROV-003,328,2800,918400
2023-08-13,2023-08-29,MED-005,LOC-002,PROV-003,288,2800,806400
2023-09-10,2023-10-01,MED-005,LOC-002,PROV-003,344,2800,963200
2023-10-08,2023-10-27,MED-005,LOC-002,PROV-003,303,2800,848400
2023-11-05,2023-11-26,MED-005,LOC-002,PROV-003,323,2800,904400
2023-12-03,2023-12-18,MED-005,LOC-002,PROV-003,292,2800,817600
2023-12-31,2024-01-24,MED-005,LOC-002,PROV-003,354,2800,991200
2024-01-28,2024-02-16,MED-005,LOC-002,PROV-003,286,2800,800800
2024-02-25,2024-03-15,MED-005,LOC-002,PROV-003,316,2800,884800
2024-03-24,2024-04-12,MED-005,LOC-002,PROV-003,314,2800,879200
2024-04-21,2024-05-12,MED-005,LOC-002,PROV-003,378,2800,1058400
2024-05-19,2024-06-08,MED-005,LOC-002,PROV-003,337,2800,943600
2024-06-16,2024-07-10,MED-005,LOC-002,PROV-003,313,2800,876400
2024-07-14,2024-08-02,MED-005,LOC-002,PROV-003,341,2800,954800
2024-08-11,2024-09-04,MED-005,LOC-002,PROV-003,338,2800,946400
2024-09-08,2024-09-28,MED-005,LOC-002,PROV-003,336,2800,940800
2024-10-06,2024-10-26,MED-005,LOC-002,PROV-003,340,2800,952000
2024-11-03,2024-11-19,MED-005,LOC-002,PROV-003,363,2800,1016400
2024-12-01,2024-12-19,MED-005,LOC-002,PROV-003,297,2800,831600
2024-12-29,2025-01-19,MED-005,LOC-002,PROV-003,350,2800,980000
2025-01-26,2025-02-12,MED-005,LOC-002,PROV-003,343,2800,960400
2025-02-23,2025-03-19,MED-005,LOC-002,PROV-003,348,2800,974400
2025-03-23,2025-04-13,MED-005,LOC-002,PROV-003,315,2800,882000
2025-04-20,2025-05-09,MED-005,LOC-002,PROV-003,338,2800,946400
2025-05-18,2025-06-07,MED-005,LOC-002,PROV-003,292,2800,817600
2025-06-15,2025-07-09,MED-005,LOC-002,PROV-003,359,2800,1005200
2025-07-13,2025-08-04,MED-005,LOC-002,PROV-003,325,2800,910000
2025-08-10,2025-08-25,MED-005,LOC-002,PROV-003,347,2800,971600
2025-09-07,2025-09-26,MED-005,LOC-002,PROV-003,365,2800,1022000
2025-10-05,2025-10-27,MED-005,LOC-002,PROV-003,348,2800,974400
2025-11-02,2025-11-20,MED-005,LOC-002,PROV-003,343,2800,960400
2025-11-30,2025-12-21,MED-005,LOC-002,PROV-003,289,2800,809200
2025-12-28,2026-01-12,MED-005,LOC-002,PROV-003,41,2800,114800
2023-01-01,2023-01-20,MED-005,LOC-003,PROV-003,244,2800,683200
2023-01-29,2023-02-18,MED-005,LOC-003,PROV-003,216,2800,604800
2023-02-26,2023-03-20,MED-005,LOC-003,PROV-003,257,2800,719600
2023-03-26,2023-04-14,MED-005,LOC-003,PROV-003,214,2800,599200
2023-04-23,2023-05-15,MED-005,LOC-003,PROV-003,208,2800,582400
2023-05-21,2023-06-06,MED-005,LOC-003,PROV-003,218,2800,610400
2023-06-18,2023-07-08,MED-005,LOC-003,PROV-003,234,2800,655200
2023-07-16,2023-08-05,MED-005,LOC-003,PROV-003,223,2800,624400
2023-08-13,2023-08-29,MED-005,LOC-003,PROV-003,216,2800,604800
2023-09-10,2023-10-03,MED-005,LOC-003,PROV-003,259,2800,725200
2023-10-08,2023-10-29,MED-005,LOC-003,PROV-003,239,2800,669200
2023-11-05,2023-11-22,MED-005,LOC-003,PROV-003,294,2800,823200
2023-12-03,2023-12-24,MED-005,LOC-003,PROV-003,197,2800,551600
2023-12-31,2024-01-18,MED-005,LOC-003,PROV-003,220,2800,616000
2024-01-28,2024-02-15,MED-005,LOC-003,PROV-003,251,2800,702800
2024-02-25,2024-03-13,MED-005,LOC-003,PROV-003,265,2800,742000
2024-03-24,2024-04-12,MED-005,LOC-003,PROV-003,216,2800,604800
2024-04-21,2024-05-06,MED-005,LOC-003,PROV-003,247,2800,691600
2024-05-19,2024-06-09,MED-005,LOC-003,PROV-003,253,2800,708400
2024-06-16,2024-07-10,MED-005,LOC-003,PROV-003,235,2800,658000
2024-07-14,2024-08-02,MED-005,LOC-003,PROV-003,247,2800,691600
2024-08-11,2024-08-25,MED-005,LOC-003,PROV-003,225,2800,630000
2024-09-08,2024-09-27,MED-005,LOC-003,PROV-003,231,2800,646800
2024-10-06,2024-10-26,MED-005,LOC-003,PROV-003,267,2800,747600
2024-11-03,2024-11-23,MED-005,LOC-003,PROV-003,340,2800,952000
2024-12-01,2024-12-21,MED-005,LOC-003,PROV-003,220,2800,616000
2024-12-29,2025-01-22,MED-005,LOC-003,PROV-003,248,2800,694400
2025-01-26,2025-02-15,MED-005,LOC-003,PROV-003,217,2800,607600
2025-02-23,2025-03-14,MED-005,LOC-003,PROV-003,274,2800,767200
2025-03-23,2025-04-13,MED-005,LOC-003,PROV-003,239,2800,669200
2025-04-20,2025-05-11,MED-005,LOC-003,PROV-003,256,2800,716800
2025-05-18,2025-06-06,MED-005,LOC-003,PROV-003,267,2800,747600
2025-06-15,2025-07-04,MED-005,LOC-003,PROV-003,259,2800,725200
2025-07-13,2025-07-31,MED-005,LOC-003,PROV-003,283,2800,792400
2025-08-10,2025-09-01,MED-005,LOC-003,PROV-003,284,2800,795200
2025-09-07,2025-09-23,MED-005,LOC-003,PROV-003,289,2800,809200
2025-10-05,2025-10-25,MED-005,LOC-003,PROV-003,247,2800,691600
2025-11-02,2025-11-24,MED-005,LOC-003,PROV-003,258,2800,722400
2025-11-30,2025-12-20,MED-005,LOC-003,PROV-003,210,2800,588000
2025-12-28,2026-01-13,MED-005,LOC-003,PROV-003,32,2800,89600
2023-01-01,2023-01-21,MED-005,LOC-004,PROV-003,171,2800,478800
2023-01-29,2023-02-20,MED-005,LOC-004,PROV-003,191,2800,534800
2023-02-26,2023-03-19,MED-005,LOC-004,PROV-003,177,2800,495600
2023-03-26,2023-04-12,MED-005,LOC-004,PROV-003,177,2800,495600
2023-04-23,2023-05-18,MED-005,LOC-004,PROV-003,159,2800,445200
2023-05-21,2023-06-12,MED-005,LOC-004,PROV-003,167,2800,467600
2023-06-18,2023-07-08,MED-005,LOC-004,PROV-003,166,2800,464800
2023-07-16,2023-08-12,MED-005,LOC-004,PROV-003,199,2800,557200
2023-08-13,2023-09-01,MED-005,LOC-004,PROV-003,179,2800,501200
2023-09-10,2023-09-26,MED-005,LOC-004,PROV-003,192,2800,537600
2023-10-08,2023-10-28,MED-005,LOC-004,PROV-003,182,2800,509600
2023-11-05,2023-11-25,MED-005,LOC-004,PROV-003,193,2800,540400
2023-12-03,2023-12-19,MED-005,LOC-004,PROV-003,151,2800,422800
2023-12-31,2024-01-22,MED-005,LOC-004,PROV-003,189,2800,529200
2024-01-28,2024-02-19,MED-005,LOC-004,PROV-003,196,2800,548800
2024-02-25,2024-03-13,MED-005,LOC-004,PROV-003,171,2800,478800
2024-03-24,2024-04-11,MED-005,LOC-004,PROV-003,191,2800,534800
2024-04-21,2024-05-08,MED-005,LOC-004,PROV-003,178,2800,498400
2024-05-19,2024-06-05,MED-005,LOC-004,PROV-003,220,2800,616000
2024-06-16,2024-07-07,MED-005,LOC-004,PROV-003,174,2800,487200
2024-07-14,2024-08-03,MED-005,LOC-004,PROV-003,180,2800,504000
2024-08-11,2024-08-30,MED-005,LOC-004,PROV-003,196,2800,548800
2024-09-08,2024-09-29,MED-005,LOC-004,PROV-003,190,2800,532000
2024-10-06,2024-10-25,MED-005,LOC-004,PROV-003,199,2800,557200
2024-11-03,2024-11-21,MED-005,LOC-004,PROV-003,233,2800,652400
2024-12-01,2024-12-20,MED-005,LOC-004,PROV-003,159,2800,445200
2024-12-29,2025-01-17,MED-005,LOC-004,PROV-003,205,2800,574000
2025-01-26,2025-02-15,MED-005,LOC-004,PROV-003,201,2800,562800
2025-02-23,2025-03-16,MED-005,LOC-004,PROV-003,246,2800,688800
2025-03-23,2025-04-10,MED-005,LOC-004,PROV-003,190,2800,532000
2025-04-20,2025-05-09,MED-005,LOC-004,PROV-003,188,2800,526400
2025-05-18,2025-06-06,MED-005,LOC-004,PROV-003,184,2800,515200
2025-06-15,2025-07-03,MED-005,LOC-004,PROV-003,179,2800,501200
2025-07-13,2025-08-04,MED-005,LOC-004,PROV-003,180,2800,504000
2025-08-10,2025-08-28,MED-005,LOC-004,PROV-003,216,2800,604800
2025-09-07,2025-09-27,MED-005,LOC-004,PROV-003,210,2800,588000
2025-10-05,2025-10-23,MED-005,LOC-004,PROV-003,213,2800,596400
2025-11-02,2025-11-24,MED-005,LOC-004,PROV-003,222,2800,621600
2025-11-30,2025-12-23,MED-005,LOC-004,PROV-003,168,2800,470400
2025-12-28,2026-01-17,MED-005,LOC-004,PROV-003,23,2800,64400
2023-01-01,2023-01-26,MED-005,LOC-005,PROV-003,222,2800,621600
2023-01-29,2023-02-13,MED-005,LOC-005,PROV-003,193,2800,540400
2023-02-26,2023-03-16,MED-005,LOC-005,PROV-003,197,2800,551600
2023-03-26,2023-04-17,MED-005,LOC-005,PROV-003,174,2800,487200
2023-04-23,2023-05-09,MED-005,LOC-005,PROV-003,218,2800,610400
2023-05-21,2023-06-10,MED-005,LOC-005,PROV-003,204,2800,571200
2023-06-18,2023-07-08,MED-005,LOC-005,PROV-003,225,2800,630000
2023-07-16,2023-08-04,MED-005,LOC-005,PROV-003,192,2800,537600
2023-08-13,2023-09-02,MED-005,LOC-005,PROV-003,211,2800,590800
2023-09-10,2023-10-02,MED-005,LOC-005,PROV-003,199,2800,557200
2023-10-08,2023-10-31,MED-005,LOC-005,PROV-003,212,2800,593600
2023-11-05,2023-11-22,MED-005,LOC-005,PROV-003,200,2800,560000
2023-12-03,2023-12-20,MED-005,LOC-005,PROV-003,166,2800,464800
2023-12-31,2024-01-21,MED-005,LOC-005,PROV-003,236,2800,660800
2024-01-28,2024-02-14,MED-005,LOC-005,PROV-003,203,2800,568400
2024-02-25,2024-03-21,MED-005,LOC-005,PROV-003,232,2800,649600
2024-03-24,2024-04-13,MED-005,LOC-005,PROV-003,211,2800,590800
2024-04-21,2024-05-12,MED-005,LOC-005,PROV-003,228,2800,638400
2024-05-19,2024-06-08,MED-005,LOC-005,PROV-003,244,2800,683200
2024-06-16,2024-07-05,MED-005,LOC-005,PROV-003,200,2800,560000
2024-07-14,2024-08-01,MED-005,LOC-005,PROV-003,243,2800,680400
2024-08-11,2024-09-04,MED-005,LOC-005,PROV-003,229,2800,641200
2024-09-08,2024-09-29,MED-005,LOC-005,PROV-003,236,2800,660800
2024-10-06,2024-10-21,MED-005,LOC-005,PROV-003,222,2800,621600
2024-11-03,2024-11-21,MED-005,LOC-005,PROV-003,256,2800,716800
2024-12-01,2024-12-22,MED-005,LOC-005,PROV-003,197,2800,551600
2024-12-29,2025-01-19,MED-005,LOC-005,PROV-003,221,2800,618800
2025-01-26,2025-02-18,MED-005,LOC-005,PROV-003,194,2800,543200
2025-02-23,2025-03-16,MED-005,LOC-005,PROV-003,252,2800,705600
2025-03-23,2025-04-11,MED-005,LOC-005,PROV-003,251,2800,702800
2025-04-20,2025-05-10,MED-005,LOC-005,PROV-003,223,2800,624400
2025-05-18,2025-06-08,MED-005,LOC-005,PROV-003,228,2800,638400
2025-06-15,2025-07-06,MED-005,LOC-005,PROV-003,240,2800,672000
2025-07-13,2025-07-31,MED-005,LOC-005,PROV-003,214,2800,599200
2025-08-10,2025-08-29,MED-005,LOC-005,PROV-003,241,2800,674800
2025-09-07,2025-09-28,MED-005,LOC-005,PROV-003,226,2800,632800
2025-10-05,2025-10-25,MED-005,LOC-005,PROV-003,248,2800,694400
2025-11-02,2025-11-22,MED-005,LOC-005,PROV-003,232,2800,649600
2025-11-30,2025-12-22,MED-005,LOC-005,PROV-003,212,2800,593600
2025-12-28,2026-01-15,MED-005,LOC-005,PROV-003,28,2800,78400
2023-01-01,2023-01-22,MED-006,LOC-001,PROV-003,311,2900,901900
2023-01-29,2023-02-21,MED-006,LOC-001,PROV-003,341,2900,988900
2023-02-26,2023-03-18,MED-006,LOC-001,PROV-003,323,2900,936700
2023-03-26,2023-04-15,MED-006,LOC-001,PROV-003,302,2900,875800
2023-04-23,2023-05-10,MED-006,LOC-001,PROV-003,362,2900,1049800
2023-05-21,2023-06-09,MED-006,LOC-001,PROV-003,356,2900,1032400
2023-06-18,2023-07-06,MED-006,LOC-001,PROV-003,421,2900,1220900
2023-07-16,2023-08-07,MED-006,LOC-001,PROV-003,356,2900,1032400
2023-08-13,2023-09-01,MED-006,LOC-001,PROV-003,377,2900,1093300
2023-09-10,2023-09-29,MED-006,LOC-001,PROV-003,384,2900,1113600
2023-10-08,2023-10-31,MED-006,LOC-001,PROV-003,395,2900,1145500
2023-11-05,2023-11-25,MED-006,LOC-001,PROV-003,407,2900,1180300
2023-12-03,2023-12-24,MED-006,LOC-001,PROV-003,296,2900,858400
2023-12-31,2024-01-19,MED-006,LOC-001,PROV-003,402,2900,1165800
2024-01-28,2024-02-18,MED-006,LOC-001,PROV-003,353,2900,1023700
2024-02-25,2024-03-16,MED-006,LOC-001,PROV-003,348,2900,1009200
2024-03-24,2024-04-16,MED-006,LOC-001,PROV-003,364,2900,1055600
2024-04-21,2024-05-12,MED-006,LOC-001,PROV-003,417,2900,1209300
2024-05-19,2024-06-05,MED-006,LOC-001,PROV-003,352,2900,1020800
2024-06-16,2024-07-05,MED-006,LOC-001,PROV-003,379,2900,1099100
2024-07-14,2024-07-31,MED-006,LOC-001,PROV-003,402,2900,1165800
2024-08-11,2024-09-01,MED-006,LOC-001,PROV-003,400,2900,1160000
2024-09-08,2024-09-30,MED-006,LOC-001,PROV-003,436,2900,1264400
2024-10-06,2024-10-27,MED-006,LOC-001,PROV-003,392,2900,1136800
2024-11-03,2024-11-22,MED-006,LOC-001,PROV-003,511,2900,1481900
2024-12-01,2024-12-18,MED-006,LOC-001,PROV-003,307,2900,890300
2024-12-29,2025-01-18,MED-006,LOC-001,PROV-003,413,2900,1197700
2025-01-26,2025-02-13,MED-006,LOC-001,PROV-003,357,2900,1035300
2025-02-23,2025-03-17,MED-006,LOC-001,PROV-003,444,2900,1287600
2025-03-23,2025-04-11,MED-006,LOC-001,PROV-003,373,2900,1081700
2025-04-20,2025-05-11,MED-006,LOC-001,PROV-003,384,2900,1113600
2025-05-18,2025-06-06,MED-006,LOC-001,PROV-003,381,2900,1104900
2025-06-15,2025-07-08,MED-006,LOC-001,PROV-003,401,2900,1162900
2025-07-13,2025-07-31,MED-006,LOC-001,PROV-003,421,2900,1220900
2025-08-10,2025-08-29,MED-006,LOC-001,PROV-003,376,2900,1090400
2025-09-07,2025-09-28,MED-006,LOC-001,PROV-003,425,2900,1232500
2025-10-05,2025-10-29,MED-006,LOC-001,PROV-003,373,2900,1081700
2025-11-02,2025-11-19,MED-006,LOC-001,PROV-003,419,2900,1215100
2025-11-30,2025-12-17,MED-006,LOC-001,PROV-003,350,2900,1015000
2025-12-28,2026-01-18,MED-006,LOC-001,PROV-003,45,2900,130500
2023-01-01,2023-01-25,MED-006,LOC-002,PROV-003,254,2900,736600
2023-01-29,2023-02-20,MED-006,LOC-002,PROV-003,280,2900,812000
2023-02-26,2023-03-20,MED-006,LOC-002,PROV-003,272,2900,788800
2023-03-26,2023-04-12,MED-006,LOC-002,PROV-003,270,2900,783000
2023-04-23,2023-05-14,MED-006,LOC-002,PROV-003,236,2900,684400
2023-05-21,2023-06-11,MED-006,LOC-002,PROV-003,240,2900,696000
2023-06-18,2023-07-09,MED-006,LOC-002,PROV-003,258,2900,748200
2023-07-16,2023-08-06,MED-006,LOC-002,PROV-003,296,2900,858400
2023-08-13,2023-09-04,MED-006,LOC-002,PROV-003,303,2900,878700
2023-09-10,2023-09-24,MED-006,LOC-002,PROV-003,271,2900,785900
2023-10-08,2023-10-23,MED-006,LOC-002,PROV-003,303,2900,878700
2023-11-05,2023-11-22,MED-006,LOC-002,PROV-003,274,2900,794600
2023-12-03,2023-12-23,MED-006,LOC-002,PROV-003,230,2900,667000
2023-12-31,2024-01-19,MED-006,LOC-002,PROV-003,265,2900,768500
2024-01-28,2024-02-14,MED-006,LOC-002,PROV-003,266,2900,771400
2024-02-25,2024-03-20,MED-006,LOC-002,PROV-003,302,2900,875800
2024-03-24,2024-04-13,MED-006,LOC-002,PROV-003,308,2900,893200
2024-04-21,2024-05-11,MED-006,LOC-002,PROV-003,290,2900,841000
2024-05-19,2024-06-10,MED-006,LOC-002,PROV-003,305,2900,884500
2024-06-16,2024-07-11,MED-006,LOC-002,PROV-003,297,2900,861300
2024-07-14,2024-08-03,MED-006,LOC-002,PROV-003,321,2900,930900
2024-08-11,2024-08-31,MED-006,LOC-002,PROV-003,292,2900,846800
2024-09-08,2024-09-25,MED-006,LOC-002,PROV-003,285,2900,826500
2024-10-06,2024-10-26,MED-006,LOC-002,PROV-003,308,2900,893200
2024-11-03,2024-11-20,MED-006,LOC-002,PROV-003,325,2900,942500
2024-12-01,2024-12-20,MED-006,LOC-002,PROV-003,267,2900,774300
2024-12-29,2025-01-20,MED-006,LOC-002,PROV-003,298,2900,864200
2025-01-26,2025-02-16,MED-006,LOC-002,PROV-003,285,2900,826500
2025-02-23,2025-03-17,MED-006,LOC-002,PROV-003,299,2900,867100
2025-03-23,2025-04-13,MED-006,LOC-002,PROV-003,287,2900,832300
2025-04-20,2025-05-13,MED-006,LOC-002,PROV-003,288,2900,835200
2025-05-18,2025-06-05,MED-006,LOC-002,PROV-003,296,2900,858400
2025-06-15,2025-07-08,MED-006,LOC-002,PROV-003,279,2900,809100
2025-07-13,2025-08-01,MED-006,LOC-002,PROV-003,328,2900,951200
2025-08-10,2025-08-29,MED-006,LOC-002,PROV-003,313,2900,907700
2025-09-07,2025-09-26,MED-006,LOC-002,PROV-003,291,2900,843900
2025-10-05,2025-10-29,MED-006,LOC-002,PROV-003,308,2900,893200
2025-11-02,2025-11-20,MED-006,LOC-002,PROV-003,317,2900,919300
2025-11-30,2025-12-21,MED-006,LOC-002,PROV-003,257,2900,745300
2025-12-28,2026-01-18,MED-006,LOC-002,PROV-003,36,2900,104400
2023-01-01,2023-01-21,MED-006,LOC-003,PROV-003,210,2900,609000
2023-01-29,2023-02-16,MED-006,LOC-003,PROV-003,222,2900,643800
2023-02-26,2023-03-15,MED-006,LOC-003,PROV-003,235,2900,681500
2023-03-26,2023-04-12,MED-006,LOC-003,PROV-003,211,2900,611900
2023-04-23,2023-05-16,MED-006,LOC-003,PROV-003,233,2900,675700
2023-05-21,2023-06-08,MED-006,LOC-003,PROV-003,216,2900,626400
2023-06-18,2023-07-05,MED-006,LOC-003,PROV-003,217,2900,629300
2023-07-16,2023-08-07,MED-006,LOC-003,PROV-003,212,2900,614800
2023-08-13,2023-09-03,MED-006,LOC-003,PROV-003,216,2900,626400
2023-09-10,2023-09-30,MED-006,LOC-003,PROV-003,218,2900,632200
2023-10-08,2023-10-27,MED-006,LOC-003,PROV-003,204,2900,591600
2023-11-05,2023-11-18,MED-006,LOC-003,PROV-003,242,2900,701800
2023-12-03,2023-12-21,MED-006,LOC-003,PROV-003,165,2900,478500
2023-12-31,2024-01-20,MED-006,LOC-003,PROV-003,207,2900,600300
2024-01-28,2024-02-14,MED-006,LOC-003,PROV-003,216,2900,626400
2024-02-25,2024-03-13,MED-006,LOC-003,PROV-003,207,2900,600300
2024-03-24,2024-04-18,MED-006,LOC-003,PROV-003,189,2900,548100
2024-04-21,2024-05-07,MED-006,LOC-003,PROV-003,247,2900,716300
2024-05-19,2024-06-09,MED-006,LOC-003,PROV-003,245,2900,710500
2024-06-16,2024-07-04,MED-006,LOC-003,PROV-003,206,2900,597400
2024-07-14,2024-08-03,MED-006,LOC-003,PROV-003,190,2900,551000
2024-08-11,2024-08-28,MED-006,LOC-003,PROV-003,204,2900,591600
2024-09-08,2024-10-01,MED-006,LOC-003,PROV-003,242,2900,701800
2024-10-06,2024-10-25,MED-006,LOC-003,PROV-003,238,2900,690200
2024-11-03,2024-11-27,MED-006,LOC-003,PROV-003,251,2900,727900
2024-12-01,2024-12-24,MED-006,LOC-003,PROV-003,197,2900,571300
2024-12-29,2025-01-16,MED-006,LOC-003,PROV-003,198,2900,574200
2025-01-26,2025-02-13,MED-006,LOC-003,PROV-003,216,2900,626400
2025-02-23,2025-03-12,MED-006,LOC-003,PROV-003,281,2900,814900
2025-03-23,2025-04-10,MED-006,LOC-003,PROV-003,211,2900,611900
2025-04-20,2025-05-13,MED-006,LOC-003,PROV-003,201,2900,582900
2025-05-18,2025-06-11,MED-006,LOC-003,PROV-003,217,2900,629300
2025-06-15,2025-07-04,MED-006,LOC-003,PROV-003,226,2900,655400
2025-07-13,2025-08-05,MED-006,LOC-003,PROV-003,242,2900,701800
2025-08-10,2025-08-30,MED-006,LOC-003,PROV-003,247,2900,716300
2025-09-07,2025-09-26,MED-006,LOC-003,PROV-003,215,2900,623500
2025-10-05,2025-10-25,MED-006,LOC-003,PROV-003,227,2900,658300
2025-11-02,2025-11-24,MED-006,LOC-003,PROV-003,269,2900,780100
2025-11-30,2025-12-15,MED-006,LOC-003,PROV-003,175,2900,507500
2025-12-28,2026-01-16,MED-006,LOC-003,PROV-003,29,2900,84100
2023-01-01,2023-01-19,MED-006,LOC-004,PROV-003,174,2900,504600
2023-01-29,2023-02-20,MED-006,LOC-004,PROV-003,140,2900,406000
2023-02-26,2023-03-20,MED-006,LOC-004,PROV-003,178,2900,516200
2023-03-26,2023-04-17,MED-006,LOC-004,PROV-003,141,2900,408900
2023-04-23,2023-05-15,MED-006,LOC-004,PROV-003,148,2900,429200
2023-05-21,2023-06-11,MED-006,LOC-004,PROV-003,158,2900,458200
2023-06-18,2023-07-06,MED-006,LOC-004,PROV-003,162,2900,469800
2023-07-16,2023-08-06,MED-006,LOC-004,PROV-003,165,2900,478500
2023-08-13,2023-09-01,MED-006,LOC-004,PROV-003,165,2900,478500
2023-09-10,2023-09-29,MED-006,LOC-004,PROV-003,191,2900,553900
2023-10-08,2023-10-23,MED-006,LOC-004,PROV-003,189,2900,548100
2023-11-05,2023-11-28,MED-006,LOC-004,PROV-003,178,2900,516200
2023-12-03,2023-12-21,MED-006,LOC-004,PROV-003,126,2900,365400
2023-12-31,2024-01-20,MED-006,LOC-004,PROV-003,173,2900,501700
2024-01-28,2024-02-22,MED-006,LOC-004,PROV-003,179,2900,519100
2024-02-25,2024-03-18,MED-006,LOC-004,PROV-003,159,2900,461100
2024-03-24,2024-04-12,MED-006,LOC-004,PROV-003,154,2900,446600
2024-04-21,2024-05-17,MED-006,LOC-004,PROV-003,176,2900,510400
2024-05-19,2024-06-11,MED-006,LOC-004,PROV-003,158,2900,458200
2024-06-16,2024-07-04,MED-006,LOC-004,PROV-003,178,2900,516200
2024-07-14,2024-08-02,MED-006,LOC-004,PROV-003,161,2900,466900
2024-08-11,2024-09-03,MED-006,LOC-004,PROV-003,181,2900,524900
2024-09-08,2024-09-30,MED-006,LOC-004,PROV-003,181,2900,524900
2024-10-06,2024-10-27,MED-006,LOC-004,PROV-003,196,2900,568400
2024-11-03,2024-11-20,MED-006,LOC-004,PROV-003,198,2900,574200
2024-12-01,2024-12-21,MED-006,LOC-004,PROV-003,139,2900,403100
2024-12-29,2025-01-20,MED-006,LOC-004,PROV-003,186,2900,539400
2025-01-26,2025-02-20,MED-006,LOC-004,PROV-003,174,2900,504600
2025-02-23,2025-03-15,MED-006,LOC-004,PROV-003,196,2900,568400
2025-03-23,2025-04-12,MED-006,LOC-004,PROV-003,193,2900,559700
2025-04-20,2025-05-09,MED-006,LOC-004,PROV-003,150,2900,435000
2025-05-18,2025-06-08,MED-006,LOC-004,PROV-003,183,2900,530700
2025-06-15,2025-07-01,MED-006,LOC-004,PROV-003,158,2900,458200
2025-07-13,2025-08-01,MED-006,LOC-004,PROV-003,161,2900,466900
2025-08-10,2025-08-30,MED-006,LOC-004,PROV-003,173,2900,501700
2025-09-07,2025-09-28,MED-006,LOC-004,PROV-003,158,2900,458200
2025-10-05,2025-10-25,MED-006,LOC-004,PROV-003,161,2900,466900
2025-11-02,2025-11-21,MED-006,LOC-004,PROV-003,166,2900,481400
2025-11-30,2025-12-19,MED-006,LOC-004,PROV-003,146,2900,423400
2025-12-28,2026-01-17,MED-006,LOC-004,PROV-003,21,2900,60900
2023-01-01,2023-01-22,MED-006,LOC-005,PROV-003,180,2900,522000
2023-01-29,2023-02-19,MED-006,LOC-005,PROV-003,180,2900,522000
2023-02-26,2023-03-20,MED-006,LOC-005,PROV-003,191,2900,553900
2023-03-26,2023-04-14,MED-006,LOC-005,PROV-003,163,2900,472700
2023-04-23,2023-05-14,MED-006,LOC-005,PROV-003,167,2900,484300
2023-05-21,2023-06-06,MED-006,LOC-005,PROV-003,194,2900,562600
2023-06-18,2023-07-07,MED-006,LOC-005,PROV-003,189,2900,548100
2023-07-16,2023-08-08,MED-006,LOC-005,PROV-003,188,2900,545200
2023-08-13,2023-08-31,MED-006,LOC-005,PROV-003,199,2900,577100
2023-09-10,2023-10-02,MED-006,LOC-005,PROV-003,179,2900,519100
2023-10-08,2023-10-27,MED-006,LOC-005,PROV-003,196,2900,568400
2023-11-05,2023-11-25,MED-006,LOC-005,PROV-003,225,2900,652500
2023-12-03,2023-12-19,MED-006,LOC-005,PROV-003,142,2900,411800
2023-12-31,2024-01-24,MED-006,LOC-005,PROV-003,206,2900,597400
2024-01-28,2024-02-21,MED-006,LOC-005,PROV-003,184,2900,533600
2024-02-25,2024-03-14,MED-006,LOC-005,PROV-003,201,2900,582900
2024-03-24,2024-04-11,MED-006,LOC-005,PROV-003,183,2900,530700
2024-04-21,2024-05-07,MED-006,LOC-005,PROV-003,197,2900,571300
2024-05-19,2024-06-09,MED-006,LOC-005,PROV-003,190,2900,551000
2024-06-16,2024-07-07,MED-006,LOC-005,PROV-003,176,2900,510400
2024-07-14,2024-08-04,MED-006,LOC-005,PROV-003,203,2900,588700
2024-08-11,2024-09-01,MED-006,LOC-005,PROV-003,178,2900,516200
2024-09-08,2024-09-26,MED-006,LOC-005,PROV-003,177,2900,513300
2024-10-06,2024-10-29,MED-006,LOC-005,PROV-003,197,2900,571300
2024-11-03,2024-11-27,MED-006,LOC-005,PROV-003,221,2900,640900
2024-12-01,2024-12-20,MED-006,LOC-005,PROV-003,176,2900,510400
2024-12-29,2025-01-17,MED-006,LOC-005,PROV-003,190,2900,551000
2025-01-26,2025-02-15,MED-006,LOC-005,PROV-003,217,2900,629300
2025-02-23,2025-03-14,MED-006,LOC-005,PROV-003,206,2900,597400
2025-03-23,2025-04-14,MED-006,LOC-005,PROV-003,207,2900,600300
2025-04-20,2025-05-12,MED-006,LOC-005,PROV-003,188,2900,545200
2025-05-18,2025-06-09,MED-006,LOC-005,PROV-003,194,2900,562600
2025-06-15,2025-07-04,MED-006,LOC-005,PROV-003,216,2900,626400
2025-07-13,2025-08-02,MED-006,LOC-005,PROV-003,225,2900,652500
2025-08-10,2025-09-02,MED-006,LOC-005,PROV-003,216,2900,626400
2025-09-07,2025-09-29,MED-006,LOC-005,PROV-003,189,2900,548100
2025-10-05,2025-10-26,MED-006,LOC-005,PROV-003,192,2900,556800
2025-11-02,2025-11-23,MED-006,LOC-005,PROV-003,230,2900,667000
2025-11-30,2025-12-23,MED-006,LOC-005,PROV-003,169,2900,490100
2025-12-28,2026-01-16,MED-006,LOC-005,PROV-003,27,2900,78300
2023-01-01,2023-01-10,MED-007,LOC-001,PROV-004,1480,650,962000
2023-01-29,2023-02-08,MED-007,LOC-001,PROV-004,1378,650,895700
2023-02-26,2023-03-10,MED-007,LOC-001,PROV-004,1516,650,985400
2023-03-26,2023-04-04,MED-007,LOC-001,PROV-004,1384,650,899600
2023-04-23,2023-05-05,MED-007,LOC-001,PROV-004,1260,650,819000
2023-05-21,2023-05-30,MED-007,LOC-001,PROV-004,1223,650,794950
2023-06-18,2023-06-28,MED-007,LOC-001,PROV-004,1474,650,958100
2023-07-16,2023-07-27,MED-007,LOC-001,PROV-004,1410,650,916500
2023-08-13,2023-08-23,MED-007,LOC-001,PROV-004,1429,650,928850
2023-09-10,2023-09-19,MED-007,LOC-001,PROV-004,1469,650,954850
2023-10-08,2023-10-19,MED-007,LOC-001,PROV-004,1622,650,1054300
2023-11-05,2023-11-14,MED-007,LOC-001,PROV-004,1728,650,1123200
2023-12-03,2023-12-14,MED-007,LOC-001,PROV-004,1240,650,806000
2023-12-31,2024-01-09,MED-007,LOC-001,PROV-004,1479,650,961350
2024-01-28,2024-02-08,MED-007,LOC-001,PROV-004,1381,650,897650
2024-02-25,2024-03-05,MED-007,LOC-001,PROV-004,1522,650,989300
2024-03-24,2024-04-03,MED-007,LOC-001,PROV-004,1381,650,897650
2024-04-21,2024-05-01,MED-007,LOC-001,PROV-004,1626,650,1056900
2024-05-19,2024-05-30,MED-007,LOC-001,PROV-004,1633,650,1061450
2024-06-16,2024-06-27,MED-007,LOC-001,PROV-004,1395,650,906750
2024-07-14,2024-07-23,MED-007,LOC-001,PROV-004,1376,650,894400
2024-08-11,2024-08-19,MED-007,LOC-001,PROV-004,1332,650,865800
2024-09-08,2024-09-17,MED-007,LOC-001,PROV-004,1624,650,1055600
2024-10-06,2024-10-15,MED-007,LOC-001,PROV-004,1632,650,1060800
2024-11-03,2024-11-14,MED-007,LOC-001,PROV-004,1713,650,1113450
2024-12-01,2024-12-11,MED-007,LOC-001,PROV-004,1385,650,900250
2024-12-29,2025-01-09,MED-007,LOC-001,PROV-004,1526,650,991900
2025-01-26,2025-02-04,MED-007,LOC-001,PROV-004,1511,650,982150
2025-02-23,2025-03-05,MED-007,LOC-001,PROV-004,1945,650,1264250
2025-03-23,2025-04-01,MED-007,LOC-001,PROV-004,1435,650,932750
2025-04-20,2025-04-28,MED-007,LOC-001,PROV-004,1324,650,860600
2025-05-18,2025-05-29,MED-007,LOC-001,PROV-004,1596,650,1037400
2025-06-15,2025-06-24,MED-007,LOC-001,PROV-004,1396,650,907400
2025-07-13,2025-07-22,MED-007,LOC-001,PROV-004,1597,650,1038050
2025-08-10,2025-08-20,MED-007,LOC-001,PROV-004,1442,650,937300
2025-09-07,2025-09-18,MED-007,LOC-001,PROV-004,1414,650,919100
2025-10-05,2025-10-16,MED-007,LOC-001,PROV-004,1540,650,1001000
2025-11-02,2025-11-13,MED-007,LOC-001,PROV-004,1702,650,1106300
2025-11-30,2025-12-12,MED-007,LOC-001,PROV-004,1237,650,804050
2025-12-28,2026-01-06,MED-007,LOC-001,PROV-004,176,650,114400
2023-01-01,2023-01-09,MED-007,LOC-002,PROV-004,1174,650,763100
2023-01-29,2023-02-09,MED-007,LOC-002,PROV-004,974,650,633100
2023-02-26,2023-03-08,MED-007,LOC-002,PROV-004,1062,650,690300
2023-03-26,2023-04-06,MED-007,LOC-002,PROV-004,941,650,611650
2023-04-23,2023-05-05,MED-007,LOC-002,PROV-004,981,650,637650
2023-05-21,2023-06-01,MED-007,LOC-002,PROV-004,1046,650,679900
2023-06-18,2023-06-28,MED-007,LOC-002,PROV-004,1112,650,722800
2023-07-16,2023-07-25,MED-007,LOC-002,PROV-004,992,650,644800
2023-08-13,2023-08-24,MED-007,LOC-002,PROV-004,1228,650,798200
2023-09-10,2023-09-21,MED-007,LOC-002,PROV-004,1218,650,791700
2023-10-08,2023-10-19,MED-007,LOC-002,PROV-004,1045,650,679250
2023-11-05,2023-11-15,MED-007,LOC-002,PROV-004,1122,650,729300
2023-12-03,2023-12-12,MED-007,LOC-002,PROV-004,871,650,566150
2023-12-31,2024-01-10,MED-007,LOC-002,PROV-004,1163,650,755950
2024-01-28,2024-02-09,MED-007,LOC-002,PROV-004,1028,650,668200
2024-02-25,2024-03-05,MED-007,LOC-002,PROV-004,1224,650,795600
2024-03-24,2024-04-04,MED-007,LOC-002,PROV-004,1174,650,763100
2024-04-21,2024-05-03,MED-007,LOC-002,PROV-004,1301,650,845650
2024-05-19,2024-05-30,MED-007,LOC-002,PROV-004,1208,650,785200
2024-06-16,2024-06-27,MED-007,LOC-002,PROV-004,1218,650,791700
2024-07-14,2024-07-24,MED-007,LOC-002,PROV-004,970,650,630500
2024-08-11,2024-08-22,MED-007,LOC-002,PROV-004,1073,650,697450
2024-09-08,2024-09-22,MED-007,LOC-002,PROV-004,1091,650,709150
2024-10-06,2024-10-15,MED-007,LOC-002,PROV-004,1319,650,857350
2024-11-03,2024-11-12,MED-007,LOC-002,PROV-004,1415,650,919750
2024-12-01,2024-12-11,MED-007,LOC-002,PROV-004,1011,650,657150
2024-12-29,2025-01-07,MED-007,LOC-002,PROV-004,1064,650,691600
2025-01-26,2025-02-04,MED-007,LOC-002,PROV-004,1284,650,834600
2025-02-23,2025-03-04,MED-007,LOC-002,PROV-004,1359,650,883350
2025-03-23,2025-04-02,MED-007,LOC-002,PROV-004,1158,650,752700
2025-04-20,2025-04-28,MED-007,LOC-002,PROV-004,1227,650,797550
2025-05-18,2025-05-27,MED-007,LOC-002,PROV-004,1153,650,749450
2025-06-15,2025-06-24,MED-007,LOC-002,PROV-004,1146,650,744900
2025-07-13,2025-07-23,MED-007,LOC-002,PROV-004,1154,650,750100
2025-08-10,2025-08-21,MED-007,LOC-002,PROV-004,1096,650,712400
2025-09-07,2025-09-18,MED-007,LOC-002,PROV-004,1162,650,755300
2025-10-05,2025-10-15,MED-007,LOC-002,PROV-004,1141,650,741650
2025-11-02,2025-11-13,MED-007,LOC-002,PROV-004,1177,650,765050
2025-11-30,2025-12-10,MED-007,LOC-002,PROV-004,1092,650,709800
2025-12-28,2026-01-07,MED-007,LOC-002,PROV-004,147,650,95550
2023-01-01,2023-01-10,MED-007,LOC-003,PROV-004,849,650,551850
2023-01-29,2023-02-08,MED-007,LOC-003,PROV-004,817,650,531050
2023-02-26,2023-03-08,MED-007,LOC-003,PROV-004,820,650,533000
2023-03-26,2023-04-03,MED-007,LOC-003,PROV-004,825,650,536250
2023-04-23,2023-05-03,MED-007,LOC-003,PROV-004,875,650,568750
2023-05-21,2023-06-03,MED-007,LOC-003,PROV-004,909,650,590850
2023-06-18,2023-06-26,MED-007,LOC-003,PROV-004,829,650,538850
2023-07-16,2023-07-26,MED-007,LOC-003,PROV-004,810,650,526500
2023-08-13,2023-08-21,MED-007,LOC-003,PROV-004,825,650,536250
2023-09-10,2023-09-22,MED-007,LOC-003,PROV-004,923,650,599950
2023-10-08,2023-10-20,MED-007,LOC-003,PROV-004,889,650,577850
2023-11-05,2023-11-16,MED-007,LOC-003,PROV-004,1012,650,657800
2023-12-03,2023-12-15,MED-007,LOC-003,PROV-004,724,650,470600
2023-12-31,2024-01-10,MED-007,LOC-003,PROV-004,874,650,568100
2024-01-28,2024-02-06,MED-007,LOC-003,PROV-004,816,650,530400
2024-02-25,2024-03-04,MED-007,LOC-003,PROV-004,816,650,530400
2024-03-24,2024-04-03,MED-007,LOC-003,PROV-004,739,650,480350
2024-04-21,2024-05-02,MED-007,LOC-003,PROV-004,874,650,568100
2024-05-19,2024-05-30,MED-007,LOC-003,PROV-004,988,650,642200
2024-06-16,2024-06-26,MED-007,LOC-003,PROV-004,904,650,587600
2024-07-14,2024-07-26,MED-007,LOC-003,PROV-004,798,650,518700
2024-08-11,2024-08-19,MED-007,LOC-003,PROV-004,884,650,574600
2024-09-08,2024-09-17,MED-007,LOC-003,PROV-004,932,650,605800
2024-10-06,2024-10-17,MED-007,LOC-003,PROV-004,841,650,546650
2024-11-03,2024-11-11,MED-007,LOC-003,PROV-004,1137,650,739050
2024-12-01,2024-12-09,MED-007,LOC-003,PROV-004,809,650,525850
2024-12-29,2025-01-08,MED-007,LOC-003,PROV-004,960,650,624000
2025-01-26,2025-02-06,MED-007,LOC-003,PROV-004,895,650,581750
2025-02-23,2025-03-06,MED-007,LOC-003,PROV-004,946,650,614900
2025-03-23,2025-04-03,MED-007,LOC-003,PROV-004,1035,650,672750
2025-04-20,2025-05-01,MED-007,LOC-003,PROV-004,874,650,568100
2025-05-18,2025-05-27,MED-007,LOC-003,PROV-004,996,650,647400
2025-06-15,2025-06-25,MED-007,LOC-003,PROV-004,939,650,610350
2025-07-13,2025-07-22,MED-007,LOC-003,PROV-004,801,650,520650
2025-08-10,2025-08-21,MED-007,LOC-003,PROV-004,825,650,536250
2025-09-07,2025-09-18,MED-007,LOC-003,PROV-004,957,650,622050
2025-10-05,2025-10-14,MED-007,LOC-003,PROV-004,942,650,612300
2025-11-02,2025-11-10,MED-007,LOC-003,PROV-004,898,650,583700
2025-11-30,2025-12-10,MED-007,LOC-003,PROV-004,843,650,547950
2025-12-28,2026-01-05,MED-007,LOC-003,PROV-004,135,650,87750
2023-01-01,2023-01-10,MED-007,LOC-004,PROV-004,676,650,439400
2023-01-29,2023-02-08,MED-007,LOC-004,PROV-004,603,650,391950
2023-02-26,2023-03-08,MED-007,LOC-004,PROV-004,567,650,368550
2023-03-26,2023-04-04,MED-007,LOC-004,PROV-004,639,650,415350
2023-04-23,2023-05-03,MED-007,LOC-004,PROV-004,600,650,390000
2023-05-21,2023-05-31,MED-007,LOC-004,PROV-004,692,650,449800
2023-06-18,2023-06-30,MED-007,LOC-004,PROV-004,654,650,425100
2023-07-16,2023-07-27,MED-007,LOC-004,PROV-004,656,650,426400
2023-08-13,2023-08-22,MED-007,LOC-004,PROV-004,603,650,391950
2023-09-10,2023-09-19,MED-007,LOC-004,PROV-004,625,650,406250
2023-10-08,2023-10-18,MED-007,LOC-004,PROV-004,711,650,462150
2023-11-05,2023-11-16,MED-007,LOC-004,PROV-004,703,650,456950
2023-12-03,2023-12-13,MED-007,LOC-004,PROV-004,533,650,346450
2023-12-31,2024-01-10,MED-007,LOC-004,PROV-004,777,650,505050
2024-01-28,2024-02-09,MED-007,LOC-004,PROV-004,707,650,459550
2024-02-25,2024-03-06,MED-007,LOC-004,PROV-004,721,650,468650
2024-03-24,2024-04-01,MED-007,LOC-004,PROV-004,579,650,376350
2024-04-21,2024-05-04,MED-007,LOC-004,PROV-004,710,650,461500
2024-05-19,2024-05-29,MED-007,LOC-004,PROV-004,739,650,480350
2024-06-16,2024-06-25,MED-007,LOC-004,PROV-004,653,650,424450
2024-07-14,2024-07-24,MED-007,LOC-004,PROV-004,611,650,397150
2024-08-11,2024-08-21,MED-007,LOC-004,PROV-004,711,650,462150
2024-09-08,2024-09-19,MED-007,LOC-004,PROV-004,679,650,441350
2024-10-06,2024-10-16,MED-007,LOC-004,PROV-004,741,650,481650
2024-11-03,2024-11-14,MED-007,LOC-004,PROV-004,940,650,611000
2024-12-01,2024-12-10,MED-007,LOC-004,PROV-004,597,650,388050
2024-12-29,2025-01-05,MED-007,LOC-004,PROV-004,678,650,440700
2025-01-26,2025-02-05,MED-007,LOC-004,PROV-004,649,650,421850
2025-02-23,2025-03-04,MED-007,LOC-004,PROV-004,727,650,472550
2025-03-23,2025-03-31,MED-007,LOC-004,PROV-004,637,650,414050
2025-04-20,2025-04-30,MED-007,LOC-004,PROV-004,712,650,462800
2025-05-18,2025-05-28,MED-007,LOC-004,PROV-004,700,650,455000
2025-06-15,2025-06-26,MED-007,LOC-004,PROV-004,658,650,427700
2025-07-13,2025-07-24,MED-007,LOC-004,PROV-004,667,650,433550
2025-08-10,2025-08-20,MED-007,LOC-004,PROV-004,751,650,488150
2025-09-07,2025-09-15,MED-007,LOC-004,PROV-004,641,650,416650
2025-10-05,2025-10-16,MED-007,LOC-004,PROV-004,683,650,443950
2025-11-02,2025-11-13,MED-007,LOC-004,PROV-004,750,650,487500
2025-11-30,2025-12-09,MED-007,LOC-004,PROV-004,585,650,380250
2025-12-28,2026-01-09,MED-007,LOC-004,PROV-004,78,650,50700
2023-01-01,2023-01-10,MED-007,LOC-005,PROV-004,808,650,525200
2023-01-29,2023-02-09,MED-007,LOC-005,PROV-004,699,650,454350
2023-02-26,2023-03-09,MED-007,LOC-005,PROV-004,737,650,479050
2023-03-26,2023-04-04,MED-007,LOC-005,PROV-004,623,650,404950
2023-04-23,2023-05-02,MED-007,LOC-005,PROV-004,716,650,465400
2023-05-21,2023-06-01,MED-007,LOC-005,PROV-004,719,650,467350
2023-06-18,2023-06-29,MED-007,LOC-005,PROV-004,680,650,442000
2023-07-16,2023-07-25,MED-007,LOC-005,PROV-004,666,650,432900
2023-08-13,2023-08-22,MED-007,LOC-005,PROV-004,699,650,454350
2023-09-10,2023-09-18,MED-007,LOC-005,PROV-004,719,650,467350
2023-10-08,2023-10-20,MED-007,LOC-005,PROV-004,707,650,459550
2023-11-05,2023-11-16,MED-007,LOC-005,PROV-004,914,650,594100
2023-12-03,2023-12-13,MED-007,LOC-005,PROV-004,638,650,414700
2023-12-31,2024-01-08,MED-007,LOC-005,PROV-004,852,650,553800
2024-01-28,2024-02-07,MED-007,LOC-005,PROV-004,842,650,547300
2024-02-25,2024-03-06,MED-007,LOC-005,PROV-004,708,650,460200
2024-03-24,2024-04-04,MED-007,LOC-005,PROV-004,735,650,477750
2024-04-21,2024-04-29,MED-007,LOC-005,PROV-004,895,650,581750
2024-05-19,2024-05-30,MED-007,LOC-005,PROV-004,828,650,538200
2024-06-16,2024-06-26,MED-007,LOC-005,PROV-004,741,650,481650
2024-07-14,2024-07-25,MED-007,LOC-005,PROV-004,758,650,492700
2024-08-11,2024-08-22,MED-007,LOC-005,PROV-004,658,650,427700
2024-09-08,2024-09-17,MED-007,LOC-005,PROV-004,807,650,524550
2024-10-06,2024-10-16,MED-007,LOC-005,PROV-004,914,650,594100
2024-11-03,2024-11-12,MED-007,LOC-005,PROV-004,1069,650,694850
2024-12-01,2024-12-11,MED-007,LOC-005,PROV-004,583,650,378950
2024-12-29,2025-01-07,MED-007,LOC-005,PROV-004,812,650,527800
2025-01-26,2025-02-04,MED-007,LOC-005,PROV-004,738,650,479700
2025-02-23,2025-03-04,MED-007,LOC-005,PROV-004,1001,650,650650
2025-03-23,2025-03-31,MED-007,LOC-005,PROV-004,700,650,455000
2025-04-20,2025-05-01,MED-007,LOC-005,PROV-004,861,650,559650
2025-05-18,2025-05-30,MED-007,LOC-005,PROV-004,833,650,541450
2025-06-15,2025-06-24,MED-007,LOC-005,PROV-004,721,650,468650
2025-07-13,2025-07-24,MED-007,LOC-005,PROV-004,726,650,471900
2025-08-10,2025-08-20,MED-007,LOC-005,PROV-004,841,650,546650
2025-09-07,2025-09-14,MED-007,LOC-005,PROV-004,746,650,484900
2025-10-05,2025-10-14,MED-007,LOC-005,PROV-004,862,650,560300
2025-11-02,2025-11-14,MED-007,LOC-005,PROV-004,933,650,606450
2025-11-30,2025-12-13,MED-007,LOC-005,PROV-004,713,650,463450
2025-12-28,2026-01-07,MED-007,LOC-005,PROV-004,104,650,67600
2023-01-01,2023-01-14,MED-008,LOC-001,PROV-004,683,1850,1263550
2023-01-29,2023-02-13,MED-008,LOC-001,PROV-004,561,1850,1037850
2023-02-26,2023-03-10,MED-008,LOC-001,PROV-004,749,1850,1385650
2023-03-26,2023-04-09,MED-008,LOC-001,PROV-004,618,1850,1143300
2023-04-23,2023-05-07,MED-008,LOC-001,PROV-004,605,1850,1119250
2023-05-21,2023-06-03,MED-008,LOC-001,PROV-004,625,1850,1156250
2023-06-18,2023-07-03,MED-008,LOC-001,PROV-004,774,1850,1431900
2023-07-16,2023-07-30,MED-008,LOC-001,PROV-004,618,1850,1143300
2023-08-13,2023-08-30,MED-008,LOC-001,PROV-004,745,1850,1378250
2023-09-10,2023-09-26,MED-008,LOC-001,PROV-004,721,1850,1333850
2023-10-08,2023-10-22,MED-008,LOC-001,PROV-004,770,1850,1424500
2023-11-05,2023-11-17,MED-008,LOC-001,PROV-004,810,1850,1498500
2023-12-03,2023-12-15,MED-008,LOC-001,PROV-004,594,1850,1098900
2023-12-31,2024-01-16,MED-008,LOC-001,PROV-004,769,1850,1422650
2024-01-28,2024-02-12,MED-008,LOC-001,PROV-004,642,1850,1187700
2024-02-25,2024-03-08,MED-008,LOC-001,PROV-004,754,1850,1394900
2024-03-24,2024-04-07,MED-008,LOC-001,PROV-004,647,1850,1196950
2024-04-21,2024-05-04,MED-008,LOC-001,PROV-004,747,1850,1381950
2024-05-19,2024-05-31,MED-008,LOC-001,PROV-004,805,1850,1489250
2024-06-16,2024-06-27,MED-008,LOC-001,PROV-004,759,1850,1404150
2024-07-14,2024-07-28,MED-008,LOC-001,PROV-004,701,1850,1296850
2024-08-11,2024-08-25,MED-008,LOC-001,PROV-004,684,1850,1265400
2024-09-08,2024-09-21,MED-008,LOC-001,PROV-004,738,1850,1365300
2024-10-06,2024-10-18,MED-008,LOC-001,PROV-004,722,1850,1335700
2024-11-03,2024-11-17,MED-008,LOC-001,PROV-004,844,1850,1561400
2024-12-01,2024-12-14,MED-008,LOC-001,PROV-004,604,1850,1117400
2024-12-29,2025-01-13,MED-008,LOC-001,PROV-004,636,1850,1176600
2025-01-26,2025-02-09,MED-008,LOC-001,PROV-004,631,1850,1167350
2025-02-23,2025-03-08,MED-008,LOC-001,PROV-004,897,1850,1659450
2025-03-23,2025-04-08,MED-008,LOC-001,PROV-004,722,1850,1335700
2025-04-20,2025-05-03,MED-008,LOC-001,PROV-004,724,1850,1339400
2025-05-18,2025-05-31,MED-008,LOC-001,PROV-004,741,1850,1370850
2025-06-15,2025-06-29,MED-008,LOC-001,PROV-004,649,1850,1200650
2025-07-13,2025-07-28,MED-008,LOC-001,PROV-004,676,1850,1250600
2025-08-10,2025-08-24,MED-008,LOC-001,PROV-004,665,1850,1230250
2025-09-07,2025-09-21,MED-008,LOC-001,PROV-004,837,1850,1548450
2025-10-05,2025-10-19,MED-008,LOC-001,PROV-004,727,1850,1344950
2025-11-02,2025-11-15,MED-008,LOC-001,PROV-004,790,1850,1461500
2025-11-30,2025-12-14,MED-008,LOC-001,PROV-004,687,1850,1270950
2025-12-28,2026-01-11,MED-008,LOC-001,PROV-004,98,1850,181300
2023-01-01,2023-01-12,MED-008,LOC-002,PROV-004,505,1850,934250
2023-01-29,2023-02-14,MED-008,LOC-002,PROV-004,431,1850,797350
2023-02-26,2023-03-14,MED-008,LOC-002,PROV-004,472,1850,873200
2023-03-26,2023-04-09,MED-008,LOC-002,PROV-004,440,1850,814000
2023-04-23,2023-05-09,MED-008,LOC-002,PROV-004,463,1850,856550
2023-05-21,2023-06-04,MED-008,LOC-002,PROV-004,500,1850,925000
2023-06-18,2023-07-03,MED-008,LOC-002,PROV-004,575,1850,1063750
2023-07-16,2023-08-01,MED-008,LOC-002,PROV-004,521,1850,963850
2023-08-13,2023-08-26,MED-008,LOC-002,PROV-004,531,1850,982350
2023-09-10,2023-09-25,MED-008,LOC-002,PROV-004,481,1850,889850
2023-10-08,2023-10-24,MED-008,LOC-002,PROV-004,577,1850,1067450
2023-11-05,2023-11-21,MED-008,LOC-002,PROV-004,567,1850,1048950
2023-12-03,2023-12-20,MED-008,LOC-002,PROV-004,465,1850,860250
2023-12-31,2024-01-16,MED-008,LOC-002,PROV-004,605,1850,1119250
2024-01-28,2024-02-12,MED-008,LOC-002,PROV-004,478,1850,884300
2024-02-25,2024-03-08,MED-008,LOC-002,PROV-004,482,1850,891700
2024-03-24,2024-04-08,MED-008,LOC-002,PROV-004,472,1850,873200
2024-04-21,2024-05-07,MED-008,LOC-002,PROV-004,564,1850,1043400
2024-05-19,2024-06-03,MED-008,LOC-002,PROV-004,627,1850,1159950
2024-06-16,2024-06-29,MED-008,LOC-002,PROV-004,530,1850,980500
2024-07-14,2024-07-29,MED-008,LOC-002,PROV-004,549,1850,1015650
2024-08-11,2024-08-24,MED-008,LOC-002,PROV-004,540,1850,999000
2024-09-08,2024-09-23,MED-008,LOC-002,PROV-004,499,1850,923150
2024-10-06,2024-10-23,MED-008,LOC-002,PROV-004,538,1850,995300
2024-11-03,2024-11-15,MED-008,LOC-002,PROV-004,678,1850,1254300
2024-12-01,2024-12-14,MED-008,LOC-002,PROV-004,478,1850,884300
2024-12-29,2025-01-12,MED-008,LOC-002,PROV-004,550,1850,1017500
2025-01-26,2025-02-11,MED-008,LOC-002,PROV-004,499,1850,923150
2025-02-23,2025-03-15,MED-008,LOC-002,PROV-004,649,1850,1200650
2025-03-23,2025-04-07,MED-008,LOC-002,PROV-004,528,1850,976800
2025-04-20,2025-05-04,MED-008,LOC-002,PROV-004,575,1850,1063750
2025-05-18,2025-06-01,MED-008,LOC-002,PROV-004,498,1850,921300
2025-06-15,2025-06-26,MED-008,LOC-002,PROV-004,503,1850,930550
2025-07-13,2025-07-27,MED-008,LOC-002,PROV-004,528,1850,976800
2025-08-10,2025-08-24,MED-008,LOC-002,PROV-004,567,1850,1048950
2025-09-07,2025-09-23,MED-008,LOC-002,PROV-004,562,1850,1039700
2025-10-05,2025-10-16,MED-008,LOC-002,PROV-004,580,1850,1073000
2025-11-02,2025-11-16,MED-008,LOC-002,PROV-004,682,1850,1261700
2025-11-30,2025-12-14,MED-008,LOC-002,PROV-004,465,1850,860250
2025-12-28,2026-01-09,MED-008,LOC-002,PROV-004,69,1850,127650
2023-01-01,2023-01-17,MED-008,LOC-003,PROV-004,398,1850,736300
2023-01-29,2023-02-12,MED-008,LOC-003,PROV-004,347,1850,641950
2023-02-26,2023-03-13,MED-008,LOC-003,PROV-004,404,1850,747400
2023-03-26,2023-04-09,MED-008,LOC-003,PROV-004,330,1850,610500
2023-04-23,2023-05-06,MED-008,LOC-003,PROV-004,397,1850,734450
2023-05-21,2023-06-01,MED-008,LOC-003,PROV-004,345,1850,638250
2023-06-18,2023-07-03,MED-008,LOC-003,PROV-004,445,1850,823250
2023-07-16,2023-08-01,MED-008,LOC-003,PROV-004,390,1850,721500
2023-08-13,2023-08-28,MED-008,LOC-003,PROV-004,431,1850,797350
2023-09-10,2023-09-23,MED-008,LOC-003,PROV-004,405,1850,749250
2023-10-08,2023-10-21,MED-008,LOC-003,PROV-004,378,1850,699300
2023-11-05,2023-11-17,MED-008,LOC-003,PROV-004,480,1850,888000
2023-12-03,2023-12-17,MED-008,LOC-003,PROV-004,352,1850,651200
2023-12-31,2024-01-16,MED-008,LOC-003,PROV-004,436,1850,806600
2024-01-28,2024-02-12,MED-008,LOC-003,PROV-004,385,1850,712250
2024-02-25,2024-03-09,MED-008,LOC-003,PROV-004,415,1850,767750
2024-03-24,2024-04-05,MED-008,LOC-003,PROV-004,407,1850,752950
2024-04-21,2024-05-05,MED-008,LOC-003,PROV-004,463,1850,856550
2024-05-19,2024-06-03,MED-008,LOC-003,PROV-004,448,1850,828800
2024-06-16,2024-06-30,MED-008,LOC-003,PROV-004,409,1850,756650
2024-07-14,2024-07-27,MED-008,LOC-003,PROV-004,426,1850,788100
2024-08-11,2024-08-24,MED-008,LOC-003,PROV-004,464,1850,858400
2024-09-08,2024-09-22,MED-008,LOC-003,PROV-004,406,1850,751100
2024-10-06,2024-10-18,MED-008,LOC-003,PROV-004,445,1850,823250
2024-11-03,2024-11-17,MED-008,LOC-003,PROV-004,575,1850,1063750
2024-12-01,2024-12-16,MED-008,LOC-003,PROV-004,349,1850,645650
2024-12-29,2025-01-12,MED-008,LOC-003,PROV-004,445,1850,823250
2025-01-26,2025-02-09,MED-008,LOC-003,PROV-004,409,1850,756650
2025-02-23,2025-03-11,MED-008,LOC-003,PROV-004,450,1850,832500
2025-03-23,2025-04-06,MED-008,LOC-003,PROV-004,469,1850,867650
2025-04-20,2025-05-04,MED-008,LOC-003,PROV-004,368,1850,680800
2025-05-18,2025-06-04,MED-008,LOC-003,PROV-004,394,1850,728900
2025-06-15,2025-06-27,MED-008,LOC-003,PROV-004,445,1850,823250
2025-07-13,2025-07-24,MED-008,LOC-003,PROV-004,439,1850,812150
2025-08-10,2025-08-25,MED-008,LOC-003,PROV-004,465,1850,860250
2025-09-07,2025-09-21,MED-008,LOC-003,PROV-004,424,1850,784400
2025-10-05,2025-10-22,MED-008,LOC-003,PROV-004,419,1850,775150
2025-11-02,2025-11-18,MED-008,LOC-003,PROV-004,506,1850,936100
2025-11-30,2025-12-15,MED-008,LOC-003,PROV-004,332,1850,614200
2025-12-28,2026-01-12,MED-008,LOC-003,PROV-004,52,1850,96200
2023-01-01,2023-01-13,MED-008,LOC-004,PROV-004,293,1850,542050
2023-01-29,2023-02-12,MED-008,LOC-004,PROV-004,285,1850,527250
2023-02-26,2023-03-15,MED-008,LOC-004,PROV-004,317,1850,586450
2023-03-26,2023-04-07,MED-008,LOC-004,PROV-004,292,1850,540200
2023-04-23,2023-05-07,MED-008,LOC-004,PROV-004,306,1850,566100
2023-05-21,2023-06-02,MED-008,LOC-004,PROV-004,277,1850,512450
2023-06-18,2023-07-03,MED-008,LOC-004,PROV-004,271,1850,501350
2023-07-16,2023-08-01,MED-008,LOC-004,PROV-004,285,1850,527250
2023-08-13,2023-08-25,MED-008,LOC-004,PROV-004,286,1850,529100
2023-09-10,2023-09-24,MED-008,LOC-004,PROV-004,299,1850,553150
2023-10-08,2023-10-24,MED-008,LOC-004,PROV-004,301,1850,556850
2023-11-05,2023-11-19,MED-008,LOC-004,PROV-004,297,1850,549450
2023-12-03,2023-12-15,MED-008,LOC-004,PROV-004,270,1850,499500
2023-12-31,2024-01-15,MED-008,LOC-004,PROV-004,319,1850,590150
2024-01-28,2024-02-14,MED-008,LOC-004,PROV-004,276,1850,510600
2024-02-25,2024-03-08,MED-008,LOC-004,PROV-004,306,1850,566100
2024-03-24,2024-04-06,MED-008,LOC-004,PROV-004,314,1850,580900
2024-04-21,2024-05-05,MED-008,LOC-004,PROV-004,343,1850,634550
2024-05-19,2024-06-03,MED-008,LOC-004,PROV-004,355,1850,656750
2024-06-16,2024-06-30,MED-008,LOC-004,PROV-004,311,1850,575350
2024-07-14,2024-07-29,MED-008,LOC-004,PROV-004,316,1850,584600
2024-08-11,2024-08-28,MED-008,LOC-004,PROV-004,287,1850,530950
2024-09-08,2024-09-22,MED-008,LOC-004,PROV-004,311,1850,575350
2024-10-06,2024-10-19,MED-008,LOC-004,PROV-004,323,1850,597550
2024-11-03,2024-11-17,MED-008,LOC-004,PROV-004,389,1850,719650
2024-12-01,2024-12-18,MED-008,LOC-004,PROV-004,277,1850,512450
2024-12-29,2025-01-12,MED-008,LOC-004,PROV-004,299,1850,553150
2025-01-26,2025-02-10,MED-008,LOC-004,PROV-004,324,1850,599400
2025-02-23,2025-03-09,MED-008,LOC-004,PROV-004,361,1850,667850
2025-03-23,2025-04-06,MED-008,LOC-004,PROV-004,301,1850,556850
2025-04-20,2025-05-03,MED-008,LOC-004,PROV-004,277,1850,512450
2025-05-18,2025-06-03,MED-008,LOC-004,PROV-004,324,1850,599400
2025-06-15,2025-06-28,MED-008,LOC-004,PROV-004,329,1850,608650
2025-07-13,2025-07-27,MED-008,LOC-004,PROV-004,304,1850,562400
2025-08-10,2025-08-21,MED-008,LOC-004,PROV-004,304,1850,562400
2025-09-07,2025-09-21,MED-008,LOC-004,PROV-004,347,1850,641950
2025-10-05,2025-10-19,MED-008,LOC-004,PROV-004,392,1850,725200
2025-11-02,2025-11-16,MED-008,LOC-004,PROV-004,353,1850,653050
2025-11-30,2025-12-13,MED-008,LOC-004,PROV-004,296,1850,547600
2025-12-28,2026-01-09,MED-008,LOC-004,PROV-004,40,1850,74000
2023-01-01,2023-01-16,MED-008,LOC-005,PROV-004,381,1850,704850
2023-01-29,2023-02-13,MED-008,LOC-005,PROV-004,355,1850,656750
2023-02-26,2023-03-11,MED-008,LOC-005,PROV-004,388,1850,717800
2023-03-26,2023-04-09,MED-008,LOC-005,PROV-004,355,1850,656750
2023-04-23,2023-05-06,MED-008,LOC-005,PROV-004,351,1850,649350
2023-05-21,2023-06-04,MED-008,LOC-005,PROV-004,343,1850,634550
2023-06-18,2023-07-02,MED-008,LOC-005,PROV-004,324,1850,599400
2023-07-16,2023-07-29,MED-008,LOC-005,PROV-004,304,1850,562400
2023-08-13,2023-08-25,MED-008,LOC-005,PROV-004,347,1850,641950
2023-09-10,2023-09-27,MED-008,LOC-005,PROV-004,353,1850,653050
2023-10-08,2023-10-22,MED-008,LOC-005,PROV-004,353,1850,653050
2023-11-05,2023-11-19,MED-008,LOC-005,PROV-004,383,1850,708550
2023-12-03,2023-12-19,MED-008,LOC-005,PROV-004,306,1850,566100
2023-12-31,2024-01-16,MED-008,LOC-005,PROV-004,383,1850,708550
2024-01-28,2024-02-09,MED-008,LOC-005,PROV-004,326,1850,603100
2024-02-25,2024-03-09,MED-008,LOC-005,PROV-004,353,1850,653050
2024-03-24,2024-04-12,MED-008,LOC-005,PROV-004,350,1850,647500
2024-04-21,2024-05-05,MED-008,LOC-005,PROV-004,418,1850,773300
2024-05-19,2024-06-03,MED-008,LOC-005,PROV-004,425,1850,786250
2024-06-16,2024-06-30,MED-008,LOC-005,PROV-004,391,1850,723350
2024-07-14,2024-07-28,MED-008,LOC-005,PROV-004,383,1850,708550
2024-08-11,2024-08-25,MED-008,LOC-005,PROV-004,348,1850,643800
2024-09-08,2024-09-22,MED-008,LOC-005,PROV-004,360,1850,666000
2024-10-06,2024-10-21,MED-008,LOC-005,PROV-004,361,1850,667850
2024-11-03,2024-11-13,MED-008,LOC-005,PROV-004,463,1850,856550
2024-12-01,2024-12-14,MED-008,LOC-005,PROV-004,349,1850,645650
2024-12-29,2025-01-11,MED-008,LOC-005,PROV-004,368,1850,680800
2025-01-26,2025-02-06,MED-008,LOC-005,PROV-004,371,1850,686350
2025-02-23,2025-03-07,MED-008,LOC-005,PROV-004,409,1850,756650
2025-03-23,2025-04-02,MED-008,LOC-005,PROV-004,349,1850,645650
2025-04-20,2025-05-07,MED-008,LOC-005,PROV-004,339,1850,627150
2025-05-18,2025-05-31,MED-008,LOC-005,PROV-004,332,1850,614200
2025-06-15,2025-06-28,MED-008,LOC-005,PROV-004,408,1850,754800
2025-07-13,2025-07-28,MED-008,LOC-005,PROV-004,381,1850,704850
2025-08-10,2025-08-24,MED-008,LOC-005,PROV-004,399,1850,738150
2025-09-07,2025-09-22,MED-008,LOC-005,PROV-004,407,1850,752950
2025-10-05,2025-10-18,MED-008,LOC-005,PROV-004,364,1850,673400
2025-11-02,2025-11-16,MED-008,LOC-005,PROV-004,392,1850,725200
2025-11-30,2025-12-13,MED-008,LOC-005,PROV-004,342,1850,632700
2025-12-28,2026-01-12,MED-008,LOC-005,PROV-004,46,1850,85100
2023-01-01,2023-01-10,MED-009,LOC-001,PROV-001,2008,1200,2409600
2023-01-29,2023-02-05,MED-009,LOC-001,PROV-001,1652,1200,1982400
2023-02-26,2023-03-08,MED-009,LOC-001,PROV-001,1790,1200,2148000
2023-03-26,2023-04-06,MED-009,LOC-001,PROV-001,1819,1200,2182800
2023-04-23,2023-05-02,MED-009,LOC-001,PROV-001,1610,1200,1932000
2023-05-21,2023-05-30,MED-009,LOC-001,PROV-001,1693,1200,2031600
2023-06-18,2023-06-27,MED-009,LOC-001,PROV-001,1950,1200,2340000
2023-07-16,2023-07-23,MED-009,LOC-001,PROV-001,1675,1200,2010000
2023-08-13,2023-08-22,MED-009,LOC-001,PROV-001,1804,1200,2164800
2023-09-10,2023-09-19,MED-009,LOC-001,PROV-001,1858,1200,2229600
2023-10-08,2023-10-19,MED-009,LOC-001,PROV-001,1817,1200,2180400
2023-11-05,2023-11-14,MED-009,LOC-001,PROV-001,2124,1200,2548800
2023-12-03,2023-12-14,MED-009,LOC-001,PROV-001,1581,1200,1897200
2023-12-31,2024-01-08,MED-009,LOC-001,PROV-001,1875,1200,2250000
2024-01-28,2024-02-10,MED-009,LOC-001,PROV-001,1874,1200,2248800
2024-02-25,2024-03-05,MED-009,LOC-001,PROV-001,1727,1200,2072400
2024-03-24,2024-04-02,MED-009,LOC-001,PROV-001,1508,1200,1809600
2024-04-21,2024-05-03,MED-009,LOC-001,PROV-001,1946,1200,2335200
2024-05-19,2024-05-28,MED-009,LOC-001,PROV-001,2194,1200,2632800
2024-06-16,2024-06-26,MED-009,LOC-001,PROV-001,1637,1200,1964400
2024-07-14,2024-07-27,MED-009,LOC-001,PROV-001,1729,1200,2074800
2024-08-11,2024-08-20,MED-009,LOC-001,PROV-001,1884,1200,2260800
2024-09-08,2024-09-16,MED-009,LOC-001,PROV-001,2102,1200,2522400
2024-10-06,2024-10-16,MED-009,LOC-001,PROV-001,1806,1200,2167200
2024-11-03,2024-11-12,MED-009,LOC-001,PROV-001,2245,1200,2694000
2024-12-01,2024-12-10,MED-009,LOC-001,PROV-001,1726,1200,2071200
2024-12-29,2025-01-09,MED-009,LOC-001,PROV-001,1861,1200,2233200
2025-01-26,2025-02-06,MED-009,LOC-001,PROV-001,1764,1200,2116800
2025-02-23,2025-03-05,MED-009,LOC-001,PROV-001,2059,1200,2470800
2025-03-23,2025-04-02,MED-009,LOC-001,PROV-001,1882,1200,2258400
2025-04-20,2025-04-28,MED-009,LOC-001,PROV-001,1797,1200,2156400
2025-05-18,2025-05-27,MED-009,LOC-001,PROV-001,2047,1200,2456400
2025-06-15,2025-06-26,MED-009,LOC-001,PROV-001,1994,1200,2392800
2025-07-13,2025-07-22,MED-009,LOC-001,PROV-001,2030,1200,2436000
2025-08-10,2025-08-20,MED-009,LOC-001,PROV-001,2146,1200,2575200
2025-09-07,2025-09-16,MED-009,LOC-001,PROV-001,1858,1200,2229600
2025-10-05,2025-10-16,MED-009,LOC-001,PROV-001,2032,1200,2438400
2025-11-02,2025-11-11,MED-009,LOC-001,PROV-001,2378,1200,2853600
2025-11-30,2025-12-11,MED-009,LOC-001,PROV-001,1561,1200,1873200
2025-12-28,2026-01-08,MED-009,LOC-001,PROV-001,251,1200,301200
2023-01-01,2023-01-11,MED-009,LOC-002,PROV-001,1527,1200,1832400
2023-01-29,2023-02-08,MED-009,LOC-002,PROV-001,1215,1200,1458000
2023-02-26,2023-03-06,MED-009,LOC-002,PROV-001,1413,1200,1695600
2023-03-26,2023-04-03,MED-009,LOC-002,PROV-001,1261,1200,1513200
2023-04-23,2023-05-05,MED-009,LOC-002,PROV-001,1229,1200,1474800
2023-05-21,2023-05-30,MED-009,LOC-002,PROV-001,1349,1200,1618800
2023-06-18,2023-06-26,MED-009,LOC-002,PROV-001,1294,1200,1552800
2023-07-16,2023-07-26,MED-009,LOC-002,PROV-001,1418,1200,1701600
2023-08-13,2023-08-22,MED-009,LOC-002,PROV-001,1483,1200,1779600
2023-09-10,2023-09-20,MED-009,LOC-002,PROV-001,1567,1200,1880400
2023-10-08,2023-10-18,MED-009,LOC-002,PROV-001,1411,1200,1693200
2023-11-05,2023-11-13,MED-009,LOC-002,PROV-001,1417,1200,1700400
2023-12-03,2023-12-10,MED-009,LOC-002,PROV-001,1079,1200,1294800
2023-12-31,2024-01-10,MED-009,LOC-002,PROV-001,1320,1200,1584000
2024-01-28,2024-02-08,MED-009,LOC-002,PROV-001,1451,1200,1741200
2024-02-25,2024-03-05,MED-009,LOC-002,PROV-001,1411,1200,1693200
2024-03-24,2024-04-03,MED-009,LOC-002,PROV-001,1290,1200,1548000
2024-04-21,2024-05-02,MED-009,LOC-002,PROV-001,1590,1200,1908000
2024-05-19,2024-05-28,MED-009,LOC-002,PROV-001,1467,1200,1760400
2024-06-16,2024-06-25,MED-009,LOC-002,PROV-001,1243,1200,1491600
2024-07-14,2024-07-23,MED-009,LOC-002,PROV-001,1297,1200,1556400
2024-08-11,2024-08-22,MED-009,LOC-002,PROV-001,1456,1200,1747200
2024-09-08,2024-09-19,MED-009,LOC-002,PROV-001,1544,1200,1852800
2024-10-06,2024-10-16,MED-009,LOC-002,PROV-001,1361,1200,1633200
2024-11-03,2024-11-11,MED-009,LOC-002,PROV-001,1944,1200,2332800
2024-12-01,2024-12-13,MED-009,LOC-002,PROV-001,1272,1200,1526400
2024-12-29,2025-01-08,MED-009,LOC-002,PROV-001,1571,1200,1885200
2025-01-26,2025-02-05,MED-009,LOC-002,PROV-001,1353,1200,1623600
2025-02-23,2025-03-06,MED-009,LOC-002,PROV-001,1512,1200,1814400
2025-03-23,2025-04-03,MED-009,LOC-002,PROV-001,1538,1200,1845600
2025-04-20,2025-04-30,MED-009,LOC-002,PROV-001,1366,1200,1639200
2025-05-18,2025-05-29,MED-009,LOC-002,PROV-001,1440,1200,1728000
2025-06-15,2025-06-27,MED-009,LOC-002,PROV-001,1566,1200,1879200
2025-07-13,2025-07-24,MED-009,LOC-002,PROV-001,1366,1200,1639200
2025-08-10,2025-08-20,MED-009,LOC-002,PROV-001,1510,1200,1812000
2025-09-07,2025-09-16,MED-009,LOC-002,PROV-001,1657,1200,1988400
2025-10-05,2025-10-14,MED-009,LOC-002,PROV-001,1604,1200,1924800
2025-11-02,2025-11-11,MED-009,LOC-002,PROV-001,1598,1200,1917600
2025-11-30,2025-12-09,MED-009,LOC-002,PROV-001,1397,1200,1676400
2025-12-28,2026-01-05,MED-009,LOC-002,PROV-001,217,1200,260400
2023-01-01,2023-01-11,MED-009,LOC-003,PROV-001,1146,1200,1375200
2023-01-29,2023-02-08,MED-009,LOC-003,PROV-001,1076,1200,1291200
2023-02-26,2023-03-07,MED-009,LOC-003,PROV-001,1108,1200,1329600
2023-03-26,2023-04-03,MED-009,LOC-003,PROV-001,953,1200,1143600
2023-04-23,2023-05-04,MED-009,LOC-003,PROV-001,935,1200,1122000
2023-05-21,2023-06-01,MED-009,LOC-003,PROV-001,991,1200,1189200
2023-06-18,2023-06-28,MED-009,LOC-003,PROV-001,1047,1200,1256400
2023-07-16,2023-07-26,MED-009,LOC-003,PROV-001,1053,1200,1263600
2023-08-13,2023-08-23,MED-009,LOC-003,PROV-001,1061,1200,1273200
2023-09-10,2023-09-21,MED-009,LOC-003,PROV-001,1108,1200,1329600
2023-10-08,2023-10-19,MED-009,LOC-003,PROV-001,1207,1200,1448400
2023-11-05,2023-11-15,MED-009,LOC-003,PROV-001,1237,1200,1484400
2023-12-03,2023-12-12,MED-009,LOC-003,PROV-001,850,1200,1020000
2023-12-31,2024-01-09,MED-009,LOC-003,PROV-001,1171,1200,1405200
2024-01-28,2024-02-08,MED-009,LOC-003,PROV-001,1053,1200,1263600
2024-02-25,2024-03-08,MED-009,LOC-003,PROV-001,1039,1200,1246800
2024-03-24,2024-04-03,MED-009,LOC-003,PROV-001,935,1200,1122000
2024-04-21,2024-05-02,MED-009,LOC-003,PROV-001,1228,1200,1473600
2024-05-19,2024-05-30,MED-009,LOC-003,PROV-001,1248,1200,1497600
2024-06-16,2024-06-26,MED-009,LOC-003,PROV-001,1159,1200,1390800
2024-07-14,2024-07-22,MED-009,LOC-003,PROV-001,1183,1200,1419600
2024-08-11,2024-08-20,MED-009,LOC-003,PROV-001,1201,1200,1441200
2024-09-08,2024-09-19,MED-009,LOC-003,PROV-001,1080,1200,1296000
2024-10-06,2024-10-16,MED-009,LOC-003,PROV-001,1172,1200,1406400
2024-11-03,2024-11-14,MED-009,LOC-003,PROV-001,1310,1200,1572000
2024-12-01,2024-12-10,MED-009,LOC-003,PROV-001,1021,1200,1225200
2024-12-29,2025-01-09,MED-009,LOC-003,PROV-001,1039,1200,1246800
2025-01-26,2025-02-04,MED-009,LOC-003,PROV-001,1031,1200,1237200
2025-02-23,2025-03-04,MED-009,LOC-003,PROV-001,1408,1200,1689600
2025-03-23,2025-04-03,MED-009,LOC-003,PROV-001,1101,1200,1321200
2025-04-20,2025-05-01,MED-009,LOC-003,PROV-001,1153,1200,1383600
2025-05-18,2025-05-26,MED-009,LOC-003,PROV-001,1028,1200,1233600
2025-06-15,2025-06-26,MED-009,LOC-003,PROV-001,1245,1200,1494000
2025-07-13,2025-07-23,MED-009,LOC-003,PROV-001,1254,1200,1504800
2025-08-10,2025-08-21,MED-009,LOC-003,PROV-001,1100,1200,1320000
2025-09-07,2025-09-18,MED-009,LOC-003,PROV-001,1261,1200,1513200
2025-10-05,2025-10-15,MED-009,LOC-003,PROV-001,1089,1200,1306800
2025-11-02,2025-11-13,MED-009,LOC-003,PROV-001,1285,1200,1542000
2025-11-30,2025-12-09,MED-009,LOC-003,PROV-001,995,1200,1194000
2025-12-28,2026-01-08,MED-009,LOC-003,PROV-001,155,1200,186000
2023-01-01,2023-01-08,MED-009,LOC-004,PROV-001,715,1200,858000
2023-01-29,2023-02-08,MED-009,LOC-004,PROV-001,724,1200,868800
2023-02-26,2023-03-07,MED-009,LOC-004,PROV-001,827,1200,992400
2023-03-26,2023-04-05,MED-009,LOC-004,PROV-001,803,1200,963600
2023-04-23,2023-05-05,MED-009,LOC-004,PROV-001,786,1200,943200
2023-05-21,2023-06-02,MED-009,LOC-004,PROV-001,726,1200,871200
2023-06-18,2023-06-29,MED-009,LOC-004,PROV-001,782,1200,938400
2023-07-16,2023-07-26,MED-009,LOC-004,PROV-001,861,1200,1033200
2023-08-13,2023-08-21,MED-009,LOC-004,PROV-001,729,1200,874800
2023-09-10,2023-09-20,MED-009,LOC-004,PROV-001,809,1200,970800
2023-10-08,2023-10-18,MED-009,LOC-004,PROV-001,931,1200,1117200
2023-11-05,2023-11-14,MED-009,LOC-004,PROV-001,798,1200,957600
2023-12-03,2023-12-12,MED-009,LOC-004,PROV-001,741,1200,889200
2023-12-31,2024-01-12,MED-009,LOC-004,PROV-001,815,1200,978000
2024-01-28,2024-02-08,MED-009,LOC-004,PROV-001,881,1200,1057200
2024-02-25,2024-03-05,MED-009,LOC-004,PROV-001,888,1200,1065600
2024-03-24,2024-04-04,MED-009,LOC-004,PROV-001,846,1200,1015200
2024-04-21,2024-05-02,MED-009,LOC-004,PROV-001,846,1200,1015200
2024-05-19,2024-05-29,MED-009,LOC-004,PROV-001,881,1200,1057200
2024-06-16,2024-06-25,MED-009,LOC-004,PROV-001,922,1200,1106400
2024-07-14,2024-07-24,MED-009,LOC-004,PROV-001,807,1200,968400
2024-08-11,2024-08-21,MED-009,LOC-004,PROV-001,789,1200,946800
2024-09-08,2024-09-16,MED-009,LOC-004,PROV-001,756,1200,907200
2024-10-06,2024-10-16,MED-009,LOC-004,PROV-001,945,1200,1134000
2024-11-03,2024-11-15,MED-009,LOC-004,PROV-001,1069,1200,1282800
2024-12-01,2024-12-10,MED-009,LOC-004,PROV-001,722,1200,866400
2024-12-29,2025-01-09,MED-009,LOC-004,PROV-001,935,1200,1122000
2025-01-26,2025-02-06,MED-009,LOC-004,PROV-001,833,1200,999600
2025-02-23,2025-03-04,MED-009,LOC-004,PROV-001,994,1200,1192800
2025-03-23,2025-04-03,MED-009,LOC-004,PROV-001,854,1200,1024800
2025-04-20,2025-05-02,MED-009,LOC-004,PROV-001,819,1200,982800
2025-05-18,2025-05-29,MED-009,LOC-004,PROV-001,815,1200,978000
2025-06-15,2025-06-25,MED-009,LOC-004,PROV-001,951,1200,1141200
2025-07-13,2025-07-23,MED-009,LOC-004,PROV-001,947,1200,1136400
2025-08-10,2025-08-21,MED-009,LOC-004,PROV-001,834,1200,1000800
2025-09-07,2025-09-18,MED-009,LOC-004,PROV-001,886,1200,1063200
2025-10-05,2025-10-16,MED-009,LOC-004,PROV-001,798,1200,957600
2025-11-02,2025-11-11,MED-009,LOC-004,PROV-001,1119,1200,1342800
2025-11-30,2025-12-09,MED-009,LOC-004,PROV-001,829,1200,994800
2025-12-28,2026-01-08,MED-009,LOC-004,PROV-001,123,1200,147600
2023-01-01,2023-01-14,MED-009,LOC-005,PROV-001,939,1200,1126800
2023-01-29,2023-02-10,MED-009,LOC-005,PROV-001,816,1200,979200
2023-02-26,2023-03-09,MED-009,LOC-005,PROV-001,886,1200,1063200
2023-03-26,2023-04-04,MED-009,LOC-005,PROV-001,802,1200,962400
2023-04-23,2023-05-04,MED-009,LOC-005,PROV-001,841,1200,1009200
2023-05-21,2023-05-30,MED-009,LOC-005,PROV-001,806,1200,967200
2023-06-18,2023-06-30,MED-009,LOC-005,PROV-001,1035,1200,1242000
2023-07-16,2023-07-25,MED-009,LOC-005,PROV-001,850,1200,1020000
2023-08-13,2023-08-20,MED-009,LOC-005,PROV-001,791,1200,949200
2023-09-10,2023-09-23,MED-009,LOC-005,PROV-001,1043,1200,1251600
2023-10-08,2023-10-19,MED-009,LOC-005,PROV-001,1003,1200,1203600
2023-11-05,2023-11-15,MED-009,LOC-005,PROV-001,1075,1200,1290000
2023-12-03,2023-12-14,MED-009,LOC-005,PROV-001,795,1200,954000
2023-12-31,2024-01-08,MED-009,LOC-005,PROV-001,1070,1200,1284000
2024-01-28,2024-02-07,MED-009,LOC-005,PROV-001,975,1200,1170000
2024-02-25,2024-03-05,MED-009,LOC-005,PROV-001,929,1200,1114800
2024-03-24,2024-04-02,MED-009,LOC-005,PROV-001,953,1200,1143600
2024-04-21,2024-04-30,MED-009,LOC-005,PROV-001,1035,1200,1242000
2024-05-19,2024-05-30,MED-009,LOC-005,PROV-001,1003,1200,1203600
2024-06-16,2024-06-26,MED-009,LOC-005,PROV-001,984,1200,1180800
2024-07-14,2024-07-24,MED-009,LOC-005,PROV-001,877,1200,1052400
2024-08-11,2024-08-20,MED-009,LOC-005,PROV-001,1041,1200,1249200
2024-09-08,2024-09-17,MED-009,LOC-005,PROV-001,938,1200,1125600
2024-10-06,2024-10-15,MED-009,LOC-005,PROV-001,938,1200,1125600
2024-11-03,2024-11-13,MED-009,LOC-005,PROV-001,1128,1200,1353600
2024-12-01,2024-12-12,MED-009,LOC-005,PROV-001,879,1200,1054800
2024-12-29,2025-01-08,MED-009,LOC-005,PROV-001,955,1200,1146000
2025-01-26,2025-02-05,MED-009,LOC-005,PROV-001,990,1200,1188000
2025-02-23,2025-03-06,MED-009,LOC-005,PROV-001,1223,1200,1467600
2025-03-23,2025-04-03,MED-009,LOC-005,PROV-001,903,1200,1083600
2025-04-20,2025-04-30,MED-009,LOC-005,PROV-001,968,1200,1161600
2025-05-18,2025-05-28,MED-009,LOC-005,PROV-001,925,1200,1110000
2025-06-15,2025-06-26,MED-009,LOC-005,PROV-001,934,1200,1120800
2025-07-13,2025-07-25,MED-009,LOC-005,PROV-001,1035,1200,1242000
2025-08-10,2025-08-21,MED-009,LOC-005,PROV-001,1096,1200,1315200
2025-09-07,2025-09-18,MED-009,LOC-005,PROV-001,961,1200,1153200
2025-10-05,2025-10-15,MED-009,LOC-005,PROV-001,1065,1200,1278000
2025-11-02,2025-11-11,MED-009,LOC-005,PROV-001,1119,1200,1342800
2025-11-30,2025-12-09,MED-009,LOC-005,PROV-001,870,1200,1044000
2025-12-28,2026-01-07,MED-009,LOC-005,PROV-001,126,1200,151200
2023-01-01,2023-01-18,MED-010,LOC-001,PROV-005,1070,950,1016500
2023-01-29,2023-02-17,MED-010,LOC-001,PROV-005,971,950,922450
2023-02-26,2023-03-17,MED-010,LOC-001,PROV-005,908,950,862600
2023-03-26,2023-04-15,MED-010,LOC-001,PROV-005,1015,950,964250
2023-04-23,2023-05-09,MED-010,LOC-001,PROV-005,979,950,930050
2023-05-21,2023-06-08,MED-010,LOC-001,PROV-005,1003,950,952850
2023-06-18,2023-07-02,MED-010,LOC-001,PROV-005,896,950,851200
2023-07-16,2023-08-02,MED-010,LOC-001,PROV-005,971,950,922450
2023-08-13,2023-09-02,MED-010,LOC-001,PROV-005,974,950,925300
2023-09-10,2023-09-26,MED-010,LOC-001,PROV-005,908,950,862600
2023-10-08,2023-10-26,MED-010,LOC-001,PROV-005,939,950,892050
2023-11-05,2023-11-21,MED-010,LOC-001,PROV-005,1089,950,1034550
2023-12-03,2023-12-22,MED-010,LOC-001,PROV-005,858,950,815100
2023-12-31,2024-01-22,MED-010,LOC-001,PROV-005,988,950,938600
2024-01-28,2024-02-12,MED-010,LOC-001,PROV-005,1089,950,1034550
2024-02-25,2024-03-13,MED-010,LOC-001,PROV-005,991,950,941450
2024-03-24,2024-04-12,MED-010,LOC-001,PROV-005,1026,950,974700
2024-04-21,2024-05-11,MED-010,LOC-001,PROV-005,1069,950,1015550
2024-05-19,2024-06-07,MED-010,LOC-001,PROV-005,1107,950,1051650
2024-06-16,2024-07-06,MED-010,LOC-001,PROV-005,1098,950,1043100
2024-07-14,2024-07-30,MED-010,LOC-001,PROV-005,1140,950,1083000
2024-08-11,2024-08-29,MED-010,LOC-001,PROV-005,996,950,946200
2024-09-08,2024-09-25,MED-010,LOC-001,PROV-005,1085,950,1030750
2024-10-06,2024-10-22,MED-010,LOC-001,PROV-005,1111,950,1055450
2024-11-03,2024-11-21,MED-010,LOC-001,PROV-005,1373,950,1304350
2024-12-01,2024-12-17,MED-010,LOC-001,PROV-005,787,950,747650
2024-12-29,2025-01-14,MED-010,LOC-001,PROV-005,1066,950,1012700
2025-01-26,2025-02-13,MED-010,LOC-001,PROV-005,1072,950,1018400
2025-02-23,2025-03-17,MED-010,LOC-001,PROV-005,1371,950,1302450
2025-03-23,2025-04-07,MED-010,LOC-001,PROV-005,1053,950,1000350
2025-04-20,2025-05-05,MED-010,LOC-001,PROV-005,1013,950,962350
2025-05-18,2025-06-06,MED-010,LOC-001,PROV-005,1146,950,1088700
2025-06-15,2025-06-30,MED-010,LOC-001,PROV-005,1046,950,993700
2025-07-13,2025-07-29,MED-010,LOC-001,PROV-005,1001,950,950950
2025-08-10,2025-08-29,MED-010,LOC-001,PROV-005,973,950,924350
2025-09-07,2025-09-24,MED-010,LOC-001,PROV-005,1003,950,952850
2025-10-05,2025-10-23,MED-010,LOC-001,PROV-005,1018,950,967100
2025-11-02,2025-11-24,MED-010,LOC-001,PROV-005,1143,950,1085850
2025-11-30,2025-12-19,MED-010,LOC-001,PROV-005,982,950,932900
2025-12-28,2026-01-12,MED-010,LOC-001,PROV-005,140,950,133000
2023-01-01,2023-01-18,MED-010,LOC-002,PROV-005,656,950,623200
2023-01-29,2023-02-20,MED-010,LOC-002,PROV-005,743,950,705850
2023-02-26,2023-03-16,MED-010,LOC-002,PROV-005,673,950,639350
2023-03-26,2023-04-10,MED-010,LOC-002,PROV-005,796,950,756200
2023-04-23,2023-05-12,MED-010,LOC-002,PROV-005,689,950,654550
2023-05-21,2023-06-09,MED-010,LOC-002,PROV-005,734,950,697300
2023-06-18,2023-07-10,MED-010,LOC-002,PROV-005,722,950,685900
2023-07-16,2023-08-04,MED-010,LOC-002,PROV-005,797,950,757150
2023-08-13,2023-09-02,MED-010,LOC-002,PROV-005,762,950,723900
2023-09-10,2023-10-01,MED-010,LOC-002,PROV-005,829,950,787550
2023-10-08,2023-10-23,MED-010,LOC-002,PROV-005,737,950,700150
2023-11-05,2023-11-23,MED-010,LOC-002,PROV-005,894,950,849300
2023-12-03,2023-12-20,MED-010,LOC-002,PROV-005,624,950,592800
2023-12-31,2024-01-18,MED-010,LOC-002,PROV-005,830,950,788500
2024-01-28,2024-02-15,MED-010,LOC-002,PROV-005,795,950,755250
2024-02-25,2024-03-13,MED-010,LOC-002,PROV-005,872,950,828400
2024-03-24,2024-04-13,MED-010,LOC-002,PROV-005,678,950,644100
2024-04-21,2024-05-08,MED-010,LOC-002,PROV-005,769,950,730550
2024-05-19,2024-06-09,MED-010,LOC-002,PROV-005,786,950,746700
2024-06-16,2024-07-02,MED-010,LOC-002,PROV-005,742,950,704900
2024-07-14,2024-07-31,MED-010,LOC-002,PROV-005,786,950,746700
2024-08-11,2024-08-24,MED-010,LOC-002,PROV-005,829,950,787550
2024-09-08,2024-09-23,MED-010,LOC-002,PROV-005,867,950,823650
2024-10-06,2024-10-28,MED-010,LOC-002,PROV-005,817,950,776150
2024-11-03,2024-11-18,MED-010,LOC-002,PROV-005,1001,950,950950
2024-12-01,2024-12-19,MED-010,LOC-002,PROV-005,742,950,704900
2024-12-29,2025-01-17,MED-010,LOC-002,PROV-005,842,950,799900
2025-01-26,2025-02-14,MED-010,LOC-002,PROV-005,706,950,670700
2025-02-23,2025-03-16,MED-010,LOC-002,PROV-005,960,950,912000
2025-03-23,2025-04-15,MED-010,LOC-002,PROV-005,886,950,841700
2025-04-20,2025-05-08,MED-010,LOC-002,PROV-005,702,950,666900
2025-05-18,2025-06-04,MED-010,LOC-002,PROV-005,773,950,734350
2025-06-15,2025-07-05,MED-010,LOC-002,PROV-005,891,950,846450
2025-07-13,2025-07-30,MED-010,LOC-002,PROV-005,855,950,812250
2025-08-10,2025-08-24,MED-010,LOC-002,PROV-005,871,950,827450
2025-09-07,2025-09-26,MED-010,LOC-002,PROV-005,883,950,838850
2025-10-05,2025-10-22,MED-010,LOC-002,PROV-005,789,950,749550
2025-11-02,2025-11-19,MED-010,LOC-002,PROV-005,865,950,821750
2025-11-30,2025-12-17,MED-010,LOC-002,PROV-005,716,950,680200
2025-12-28,2026-01-14,MED-010,LOC-002,PROV-005,91,950,86450
2023-01-01,2023-01-20,MED-010,LOC-003,PROV-005,570,950,541500
2023-01-29,2023-02-14,MED-010,LOC-003,PROV-005,575,950,546250
2023-02-26,2023-03-23,MED-010,LOC-003,PROV-005,591,950,561450
2023-03-26,2023-04-08,MED-010,LOC-003,PROV-005,577,950,548150
2023-04-23,2023-05-14,MED-010,LOC-003,PROV-005,556,950,528200
2023-05-21,2023-06-07,MED-010,LOC-003,PROV-005,558,950,530100
2023-06-18,2023-07-04,MED-010,LOC-003,PROV-005,536,950,509200
2023-07-16,2023-08-02,MED-010,LOC-003,PROV-005,554,950,526300
2023-08-13,2023-09-02,MED-010,LOC-003,PROV-005,611,950,580450
2023-09-10,2023-09-27,MED-010,LOC-003,PROV-005,595,950,565250
2023-10-08,2023-10-26,MED-010,LOC-003,PROV-005,577,950,548150
2023-11-05,2023-11-22,MED-010,LOC-003,PROV-005,696,950,661200
2023-12-03,2023-12-19,MED-010,LOC-003,PROV-005,518,950,492100
2023-12-31,2024-01-20,MED-010,LOC-003,PROV-005,543,950,515850
2024-01-28,2024-02-16,MED-010,LOC-003,PROV-005,554,950,526300
2024-02-25,2024-03-14,MED-010,LOC-003,PROV-005,553,950,525350
2024-03-24,2024-04-13,MED-010,LOC-003,PROV-005,559,950,531050
2024-04-21,2024-05-11,MED-010,LOC-003,PROV-005,611,950,580450
2024-05-19,2024-06-07,MED-010,LOC-003,PROV-005,587,950,557650
2024-06-16,2024-07-03,MED-010,LOC-003,PROV-005,563,950,534850
2024-07-14,2024-08-01,MED-010,LOC-003,PROV-005,623,950,591850
2024-08-11,2024-08-30,MED-010,LOC-003,PROV-005,536,950,509200
2024-09-08,2024-09-29,MED-010,LOC-003,PROV-005,664,950,630800
2024-10-06,2024-10-24,MED-010,LOC-003,PROV-005,593,950,563350
2024-11-03,2024-11-23,MED-010,LOC-003,PROV-005,765,950,726750
2024-12-01,2024-12-20,MED-010,LOC-003,PROV-005,511,950,485450
2024-12-29,2025-01-13,MED-010,LOC-003,PROV-005,618,950,587100
2025-01-26,2025-02-10,MED-010,LOC-003,PROV-005,527,950,500650
2025-02-23,2025-03-16,MED-010,LOC-003,PROV-005,762,950,723900
2025-03-23,2025-04-09,MED-010,LOC-003,PROV-005,681,950,646950
2025-04-20,2025-05-06,MED-010,LOC-003,PROV-005,518,950,492100
2025-05-18,2025-06-08,MED-010,LOC-003,PROV-005,562,950,533900
2025-06-15,2025-06-30,MED-010,LOC-003,PROV-005,663,950,629850
2025-07-13,2025-08-03,MED-010,LOC-003,PROV-005,628,950,596600
2025-08-10,2025-08-29,MED-010,LOC-003,PROV-005,568,950,539600
2025-09-07,2025-09-26,MED-010,LOC-003,PROV-005,610,950,579500
2025-10-05,2025-10-21,MED-010,LOC-003,PROV-005,671,950,637450
2025-11-02,2025-11-22,MED-010,LOC-003,PROV-005,731,950,694450
2025-11-30,2025-12-16,MED-010,LOC-003,PROV-005,550,950,522500
2025-12-28,2026-01-16,MED-010,LOC-003,PROV-005,85,950,80750
2023-01-01,2023-01-19,MED-010,LOC-004,PROV-005,463,950,439850
2023-01-29,2023-02-16,MED-010,LOC-004,PROV-005,409,950,388550
2023-02-26,2023-03-14,MED-010,LOC-004,PROV-005,442,950,419900
2023-03-26,2023-04-10,MED-010,LOC-004,PROV-005,402,950,381900
2023-04-23,2023-05-10,MED-010,LOC-004,PROV-005,385,950,365750
2023-05-21,2023-06-09,MED-010,LOC-004,PROV-005,386,950,366700
2023-06-18,2023-07-05,MED-010,LOC-004,PROV-005,456,950,433200
2023-07-16,2023-07-31,MED-010,LOC-004,PROV-005,465,950,441750
2023-08-13,2023-09-01,MED-010,LOC-004,PROV-005,398,950,378100
2023-09-10,2023-09-28,MED-010,LOC-004,PROV-005,452,950,429400
2023-10-08,2023-10-26,MED-010,LOC-004,PROV-005,504,950,478800
2023-11-05,2023-11-23,MED-010,LOC-004,PROV-005,486,950,461700
2023-12-03,2023-12-18,MED-010,LOC-004,PROV-005,411,950,390450
2023-12-31,2024-01-16,MED-010,LOC-004,PROV-005,488,950,463600
2024-01-28,2024-02-15,MED-010,LOC-004,PROV-005,461,950,437950
2024-02-25,2024-03-16,MED-010,LOC-004,PROV-005,423,950,401850
2024-03-24,2024-04-12,MED-010,LOC-004,PROV-005,403,950,382850
2024-04-21,2024-05-09,MED-010,LOC-004,PROV-005,491,950,466450
2024-05-19,2024-06-11,MED-010,LOC-004,PROV-005,466,950,442700
2024-06-16,2024-07-05,MED-010,LOC-004,PROV-005,423,950,401850
2024-07-14,2024-07-30,MED-010,LOC-004,PROV-005,438,950,416100
2024-08-11,2024-08-29,MED-010,LOC-004,PROV-005,451,950,428450
2024-09-08,2024-09-20,MED-010,LOC-004,PROV-005,467,950,443650
2024-10-06,2024-10-24,MED-010,LOC-004,PROV-005,455,950,432250
2024-11-03,2024-11-21,MED-010,LOC-004,PROV-005,596,950,566200
2024-12-01,2024-12-16,MED-010,LOC-004,PROV-005,437,950,415150
2024-12-29,2025-01-13,MED-010,LOC-004,PROV-005,447,950,424650
2025-01-26,2025-02-15,MED-010,LOC-004,PROV-005,492,950,467400
2025-02-23,2025-03-12,MED-010,LOC-004,PROV-005,466,950,442700
2025-03-23,2025-04-09,MED-010,LOC-004,PROV-005,536,950,509200
2025-04-20,2025-05-09,MED-010,LOC-004,PROV-005,475,950,451250
2025-05-18,2025-06-06,MED-010,LOC-004,PROV-005,406,950,385700
2025-06-15,2025-07-05,MED-010,LOC-004,PROV-005,504,950,478800
2025-07-13,2025-07-30,MED-010,LOC-004,PROV-005,526,950,499700
2025-08-10,2025-08-28,MED-010,LOC-004,PROV-005,520,950,494000
2025-09-07,2025-09-29,MED-010,LOC-004,PROV-005,539,950,512050
2025-10-05,2025-10-24,MED-010,LOC-004,PROV-005,514,950,488300
2025-11-02,2025-11-19,MED-010,LOC-004,PROV-005,463,950,439850
2025-11-30,2025-12-20,MED-010,LOC-004,PROV-005,443,950,420850
2025-12-28,2026-01-16,MED-010,LOC-004,PROV-005,60,950,57000
2023-01-01,2023-01-23,MED-010,LOC-005,PROV-005,530,950,503500
2023-01-29,2023-02-16,MED-010,LOC-005,PROV-005,457,950,434150
2023-02-26,2023-03-17,MED-010,LOC-005,PROV-005,521,950,494950
2023-03-26,2023-04-15,MED-010,LOC-005,PROV-005,461,950,437950
2023-04-23,2023-05-12,MED-010,LOC-005,PROV-005,512,950,486400
2023-05-21,2023-06-07,MED-010,LOC-005,PROV-005,437,950,415150
2023-06-18,2023-07-09,MED-010,LOC-005,PROV-005,570,950,541500
2023-07-16,2023-07-30,MED-010,LOC-005,PROV-005,577,950,548150
2023-08-13,2023-08-31,MED-010,LOC-005,PROV-005,528,950,501600
2023-09-10,2023-09-29,MED-010,LOC-005,PROV-005,538,950,511100
2023-10-08,2023-10-23,MED-010,LOC-005,PROV-005,498,950,473100
2023-11-05,2023-11-24,MED-010,LOC-005,PROV-005,625,950,593750
2023-12-03,2023-12-20,MED-010,LOC-005,PROV-005,450,950,427500
2023-12-31,2024-01-16,MED-010,LOC-005,PROV-005,502,950,476900
2024-01-28,2024-02-14,MED-010,LOC-005,PROV-005,481,950,456950
2024-02-25,2024-03-18,MED-010,LOC-005,PROV-005,500,950,475000
2024-03-24,2024-04-12,MED-010,LOC-005,PROV-005,502,950,476900
2024-04-21,2024-05-04,MED-010,LOC-005,PROV-005,619,950,588050
2024-05-19,2024-06-07,MED-010,LOC-005,PROV-005,580,950,551000
2024-06-16,2024-07-04,MED-010,LOC-005,PROV-005,492,950,467400
2024-07-14,2024-07-31,MED-010,LOC-005,PROV-005,575,950,546250
2024-08-11,2024-08-29,MED-010,LOC-005,PROV-005,514,950,488300
2024-09-08,2024-09-24,MED-010,LOC-005,PROV-005,566,950,537700
2024-10-06,2024-10-25,MED-010,LOC-005,PROV-005,550,950,522500
2024-11-03,2024-11-20,MED-010,LOC-005,PROV-005,707,950,671650
2024-12-01,2024-12-18,MED-010,LOC-005,PROV-005,488,950,463600
2024-12-29,2025-01-14,MED-010,LOC-005,PROV-005,517,950,491150
2025-01-26,2025-02-16,MED-010,LOC-005,PROV-005,557,950,529150
2025-02-23,2025-03-08,MED-010,LOC-005,PROV-005,678,950,644100
2025-03-23,2025-04-09,MED-010,LOC-005,PROV-005,496,950,471200
2025-04-20,2025-05-01,MED-010,LOC-005,PROV-005,473,950,449350
2025-05-18,2025-06-05,MED-010,LOC-005,PROV-005,570,950,541500
2025-06-15,2025-07-01,MED-010,LOC-005,PROV-005,522,950,495900
2025-07-13,2025-08-01,MED-010,LOC-005,PROV-005,492,950,467400
2025-08-10,2025-08-26,MED-010,LOC-005,PROV-005,528,950,501600
2025-09-07,2025-09-29,MED-010,LOC-005,PROV-005,587,950,557650
2025-10-05,2025-10-26,MED-010,LOC-005,PROV-005,555,950,527250
2025-11-02,2025-11-18,MED-010,LOC-005,PROV-005,592,950,562400
2025-11-30,2025-12-21,MED-010,LOC-005,PROV-005,491,950,466450
2025-12-28,2026-01-16,MED-010,LOC-005,PROV-005,71,950,67450
2023-01-01,2023-01-20,MED-011,LOC-001,PROV-005,1006,900,905400
2023-01-29,2023-02-14,MED-011,LOC-001,PROV-005,883,900,794700
2023-02-26,2023-03-15,MED-011,LOC-001,PROV-005,991,900,891900
2023-03-26,2023-04-14,MED-011,LOC-001,PROV-005,927,900,834300
2023-04-23,2023-05-14,MED-011,LOC-001,PROV-005,785,900,706500
2023-05-21,2023-06-06,MED-011,LOC-001,PROV-005,917,900,825300
2023-06-18,2023-07-06,MED-011,LOC-001,PROV-005,937,900,843300
2023-07-16,2023-07-31,MED-011,LOC-001,PROV-005,807,900,726300
2023-08-13,2023-09-02,MED-011,LOC-001,PROV-005,856,900,770400
2023-09-10,2023-09-29,MED-011,LOC-001,PROV-005,984,900,885600
2023-10-08,2023-10-27,MED-011,LOC-001,PROV-005,898,900,808200
2023-11-05,2023-11-24,MED-011,LOC-001,PROV-005,948,900,853200
2023-12-03,2023-12-20,MED-011,LOC-001,PROV-005,697,900,627300
2023-12-31,2024-01-19,MED-011,LOC-001,PROV-005,953,900,857700
2024-01-28,2024-02-16,MED-011,LOC-001,PROV-005,865,900,778500
2024-02-25,2024-03-13,MED-011,LOC-001,PROV-005,902,900,811800
2024-03-24,2024-04-10,MED-011,LOC-001,PROV-005,827,900,744300
2024-04-21,2024-05-11,MED-011,LOC-001,PROV-005,921,900,828900
2024-05-19,2024-06-05,MED-011,LOC-001,PROV-005,1069,900,962100
2024-06-16,2024-07-05,MED-011,LOC-001,PROV-005,886,900,797400
2024-07-14,2024-07-31,MED-011,LOC-001,PROV-005,1000,900,900000
2024-08-11,2024-08-28,MED-011,LOC-001,PROV-005,836,900,752400
2024-09-08,2024-09-27,MED-011,LOC-001,PROV-005,881,900,792900
2024-10-06,2024-10-28,MED-011,LOC-001,PROV-005,897,900,807300
2024-11-03,2024-11-21,MED-011,LOC-001,PROV-005,1179,900,1061100
2024-12-01,2024-12-19,MED-011,LOC-001,PROV-005,779,900,701100
2024-12-29,2025-01-18,MED-011,LOC-001,PROV-005,1039,900,935100
2025-01-26,2025-02-11,MED-011,LOC-001,PROV-005,919,900,827100
2025-02-23,2025-03-13,MED-011,LOC-001,PROV-005,1130,900,1017000
2025-03-23,2025-04-09,MED-011,LOC-001,PROV-005,976,900,878400
2025-04-20,2025-05-05,MED-011,LOC-001,PROV-005,857,900,771300
2025-05-18,2025-06-09,MED-011,LOC-001,PROV-005,929,900,836100
2025-06-15,2025-07-02,MED-011,LOC-001,PROV-005,927,900,834300
2025-07-13,2025-07-30,MED-011,LOC-001,PROV-005,937,900,843300
2025-08-10,2025-08-27,MED-011,LOC-001,PROV-005,880,900,792000
2025-09-07,2025-09-23,MED-011,LOC-001,PROV-005,1061,900,954900
2025-10-05,2025-10-22,MED-011,LOC-001,PROV-005,1142,900,1027800
2025-11-02,2025-11-14,MED-011,LOC-001,PROV-005,967,900,870300
2025-11-30,2025-12-19,MED-011,LOC-001,PROV-005,854,900,768600
2025-12-28,2026-01-11,MED-011,LOC-001,PROV-005,126,900,113400
2023-01-01,2023-01-15,MED-011,LOC-002,PROV-005,655,900,589500
2023-01-29,2023-02-19,MED-011,LOC-002,PROV-005,700,900,630000
2023-02-26,2023-03-17,MED-011,LOC-002,PROV-005,710,900,639000
2023-03-26,2023-04-10,MED-011,LOC-002,PROV-005,685,900,616500
2023-04-23,2023-05-13,MED-011,LOC-002,PROV-005,726,900,653400
2023-05-21,2023-06-09,MED-011,LOC-002,PROV-005,618,900,556200
2023-06-18,2023-07-06,MED-011,LOC-002,PROV-005,635,900,571500
2023-07-16,2023-08-03,MED-011,LOC-002,PROV-005,690,900,621000
2023-08-13,2023-08-29,MED-011,LOC-002,PROV-005,625,900,562500
2023-09-10,2023-09-27,MED-011,LOC-002,PROV-005,672,900,604800
2023-10-08,2023-10-31,MED-011,LOC-002,PROV-005,788,900,709200
2023-11-05,2023-11-23,MED-011,LOC-002,PROV-005,659,900,593100
2023-12-03,2023-12-19,MED-011,LOC-002,PROV-005,571,900,513900
2023-12-31,2024-01-19,MED-011,LOC-002,PROV-005,768,900,691200
2024-01-28,2024-02-16,MED-011,LOC-002,PROV-005,649,900,584100
2024-02-25,2024-03-12,MED-011,LOC-002,PROV-005,691,900,621900
2024-03-24,2024-04-10,MED-011,LOC-002,PROV-005,767,900,690300
2024-04-21,2024-05-06,MED-011,LOC-002,PROV-005,743,900,668700
2024-05-19,2024-06-10,MED-011,LOC-002,PROV-005,706,900,635400
2024-06-16,2024-07-05,MED-011,LOC-002,PROV-005,637,900,573300
2024-07-14,2024-07-30,MED-011,LOC-002,PROV-005,775,900,697500
2024-08-11,2024-08-29,MED-011,LOC-002,PROV-005,679,900,611100
2024-09-08,2024-09-29,MED-011,LOC-002,PROV-005,748,900,673200
2024-10-06,2024-10-25,MED-011,LOC-002,PROV-005,679,900,611100
2024-11-03,2024-11-21,MED-011,LOC-002,PROV-005,869,900,782100
2024-12-01,2024-12-20,MED-011,LOC-002,PROV-005,661,900,594900
2024-12-29,2025-01-14,MED-011,LOC-002,PROV-005,732,900,658800
2025-01-26,2025-02-14,MED-011,LOC-002,PROV-005,756,900,680400
2025-02-23,2025-03-10,MED-011,LOC-002,PROV-005,779,900,701100
2025-03-23,2025-04-11,MED-011,LOC-002,PROV-005,751,900,675900
2025-04-20,2025-05-11,MED-011,LOC-002,PROV-005,744,900,669600
2025-05-18,2025-06-05,MED-011,LOC-002,PROV-005,716,900,644400
2025-06-15,2025-07-04,MED-011,LOC-002,PROV-005,721,900,648900
2025-07-13,2025-07-30,MED-011,LOC-002,PROV-005,802,900,721800
2025-08-10,2025-08-29,MED-011,LOC-002,PROV-005,709,900,638100
2025-09-07,2025-09-23,MED-011,LOC-002,PROV-005,766,900,689400
2025-10-05,2025-10-18,MED-011,LOC-002,PROV-005,841,900,756900
2025-11-02,2025-11-20,MED-011,LOC-002,PROV-005,784,900,705600
2025-11-30,2025-12-19,MED-011,LOC-002,PROV-005,595,900,535500
2025-12-28,2026-01-14,MED-011,LOC-002,PROV-005,73,900,65700
2023-01-01,2023-01-17,MED-011,LOC-003,PROV-005,523,900,470700
2023-01-29,2023-02-16,MED-011,LOC-003,PROV-005,470,900,423000
2023-02-26,2023-03-17,MED-011,LOC-003,PROV-005,567,900,510300
2023-03-26,2023-04-16,MED-011,LOC-003,PROV-005,446,900,401400
2023-04-23,2023-05-13,MED-011,LOC-003,PROV-005,531,900,477900
2023-05-21,2023-06-09,MED-011,LOC-003,PROV-005,463,900,416700
2023-06-18,2023-07-04,MED-011,LOC-003,PROV-005,535,900,481500
2023-07-16,2023-08-02,MED-011,LOC-003,PROV-005,510,900,459000
2023-08-13,2023-08-26,MED-011,LOC-003,PROV-005,537,900,483300
2023-09-10,2023-09-28,MED-011,LOC-003,PROV-005,528,900,475200
2023-10-08,2023-10-26,MED-011,LOC-003,PROV-005,541,900,486900
2023-11-05,2023-11-27,MED-011,LOC-003,PROV-005,627,900,564300
2023-12-03,2023-12-15,MED-011,LOC-003,PROV-005,461,900,414900
2023-12-31,2024-01-17,MED-011,LOC-003,PROV-005,520,900,468000
2024-01-28,2024-02-12,MED-011,LOC-003,PROV-005,575,900,517500
2024-02-25,2024-03-14,MED-011,LOC-003,PROV-005,524,900,471600
2024-03-24,2024-04-09,MED-011,LOC-003,PROV-005,462,900,415800
2024-04-21,2024-05-14,MED-011,LOC-003,PROV-005,585,900,526500
2024-05-19,2024-06-09,MED-011,LOC-003,PROV-005,527,900,474300
2024-06-16,2024-07-04,MED-011,LOC-003,PROV-005,502,900,451800
2024-07-14,2024-08-01,MED-011,LOC-003,PROV-005,580,900,522000
2024-08-11,2024-08-24,MED-011,LOC-003,PROV-005,506,900,455400
2024-09-08,2024-09-26,MED-011,LOC-003,PROV-005,608,900,547200
2024-10-06,2024-10-23,MED-011,LOC-003,PROV-005,627,900,564300
2024-11-03,2024-11-23,MED-011,LOC-003,PROV-005,692,900,622800
2024-12-01,2024-12-17,MED-011,LOC-003,PROV-005,465,900,418500
2024-12-29,2025-01-14,MED-011,LOC-003,PROV-005,588,900,529200
2025-01-26,2025-02-15,MED-011,LOC-003,PROV-005,609,900,548100
2025-02-23,2025-03-12,MED-011,LOC-003,PROV-005,631,900,567900
2025-03-23,2025-04-10,MED-011,LOC-003,PROV-005,508,900,457200
2025-04-20,2025-05-09,MED-011,LOC-003,PROV-005,531,900,477900
2025-05-18,2025-06-09,MED-011,LOC-003,PROV-005,584,900,525600
2025-06-15,2025-07-03,MED-011,LOC-003,PROV-005,519,900,467100
2025-07-13,2025-08-01,MED-011,LOC-003,PROV-005,595,900,535500
2025-08-10,2025-08-30,MED-011,LOC-003,PROV-005,490,900,441000
2025-09-07,2025-09-28,MED-011,LOC-003,PROV-005,630,900,567000
2025-10-05,2025-10-21,MED-011,LOC-003,PROV-005,567,900,510300
2025-11-02,2025-11-20,MED-011,LOC-003,PROV-005,591,900,531900
2025-11-30,2025-12-21,MED-011,LOC-003,PROV-005,446,900,401400
2025-12-28,2026-01-12,MED-011,LOC-003,PROV-005,63,900,56700
2023-01-01,2023-01-20,MED-011,LOC-004,PROV-005,394,900,354600
2023-01-29,2023-02-09,MED-011,LOC-004,PROV-005,349,900,314100
2023-02-26,2023-03-16,MED-011,LOC-004,PROV-005,386,900,347400
2023-03-26,2023-04-12,MED-011,LOC-004,PROV-005,350,900,315000
2023-04-23,2023-05-12,MED-011,LOC-004,PROV-005,371,900,333900
2023-05-21,2023-06-09,MED-011,LOC-004,PROV-005,372,900,334800
2023-06-18,2023-07-06,MED-011,LOC-004,PROV-005,386,900,347400
2023-07-16,2023-08-05,MED-011,LOC-004,PROV-005,400,900,360000
2023-08-13,2023-08-30,MED-011,LOC-004,PROV-005,379,900,341100
2023-09-10,2023-09-26,MED-011,LOC-004,PROV-005,372,900,334800
2023-10-08,2023-10-22,MED-011,LOC-004,PROV-005,389,900,350100
2023-11-05,2023-11-23,MED-011,LOC-004,PROV-005,472,900,424800
2023-12-03,2023-12-26,MED-011,LOC-004,PROV-005,378,900,340200
2023-12-31,2024-01-19,MED-011,LOC-004,PROV-005,474,900,426600
2024-01-28,2024-02-15,MED-011,LOC-004,PROV-005,390,900,351000
2024-02-25,2024-03-10,MED-011,LOC-004,PROV-005,432,900,388800
2024-03-24,2024-04-13,MED-011,LOC-004,PROV-005,388,900,349200
2024-04-21,2024-05-12,MED-011,LOC-004,PROV-005,471,900,423900
2024-05-19,2024-06-05,MED-011,LOC-004,PROV-005,497,900,447300
2024-06-16,2024-07-02,MED-011,LOC-004,PROV-005,453,900,407700
2024-07-14,2024-07-29,MED-011,LOC-004,PROV-005,441,900,396900
2024-08-11,2024-08-26,MED-011,LOC-004,PROV-005,406,900,365400
2024-09-08,2024-09-27,MED-011,LOC-004,PROV-005,429,900,386100
2024-10-06,2024-10-26,MED-011,LOC-004,PROV-005,476,900,428400
2024-11-03,2024-11-22,MED-011,LOC-004,PROV-005,493,900,443700
2024-12-01,2024-12-22,MED-011,LOC-004,PROV-005,396,900,356400
2024-12-29,2025-01-16,MED-011,LOC-004,PROV-005,393,900,353700
2025-01-26,2025-02-12,MED-011,LOC-004,PROV-005,474,900,426600
2025-02-23,2025-03-12,MED-011,LOC-004,PROV-005,507,900,456300
2025-03-23,2025-04-10,MED-011,LOC-004,PROV-005,402,900,361800
2025-04-20,2025-05-13,MED-011,LOC-004,PROV-005,433,900,389700
2025-05-18,2025-06-06,MED-011,LOC-004,PROV-005,355,900,319500
2025-06-15,2025-07-05,MED-011,LOC-004,PROV-005,481,900,432900
2025-07-13,2025-08-03,MED-011,LOC-004,PROV-005,455,900,409500
2025-08-10,2025-08-26,MED-011,LOC-004,PROV-005,448,900,403200
2025-09-07,2025-09-30,MED-011,LOC-004,PROV-005,471,900,423900
2025-10-05,2025-10-21,MED-011,LOC-004,PROV-005,415,900,373500
2025-11-02,2025-11-22,MED-011,LOC-004,PROV-005,461,900,414900
2025-11-30,2025-12-21,MED-011,LOC-004,PROV-005,364,900,327600
2025-12-28,2026-01-15,MED-011,LOC-004,PROV-005,47,900,42300
2023-01-01,2023-01-20,MED-011,LOC-005,PROV-005,475,900,427500
2023-01-29,2023-02-15,MED-011,LOC-005,PROV-005,419,900,377100
2023-02-26,2023-03-15,MED-011,LOC-005,PROV-005,458,900,412200
2023-03-26,2023-04-13,MED-011,LOC-005,PROV-005,433,900,389700
2023-04-23,2023-05-10,MED-011,LOC-005,PROV-005,478,900,430200
2023-05-21,2023-06-08,MED-011,LOC-005,PROV-005,443,900,398700
2023-06-18,2023-07-07,MED-011,LOC-005,PROV-005,505,900,454500
2023-07-16,2023-08-04,MED-011,LOC-005,PROV-005,463,900,416700
2023-08-13,2023-08-31,MED-011,LOC-005,PROV-005,446,900,401400
2023-09-10,2023-09-26,MED-011,LOC-005,PROV-005,480,900,432000
2023-10-08,2023-10-26,MED-011,LOC-005,PROV-005,478,900,430200
2023-11-05,2023-11-21,MED-011,LOC-005,PROV-005,470,900,423000
2023-12-03,2023-12-22,MED-011,LOC-005,PROV-005,395,900,355500
2023-12-31,2024-01-20,MED-011,LOC-005,PROV-005,460,900,414000
2024-01-28,2024-02-16,MED-011,LOC-005,PROV-005,454,900,408600
2024-02-25,2024-03-14,MED-011,LOC-005,PROV-005,489,900,440100
2024-03-24,2024-04-12,MED-011,LOC-005,PROV-005,435,900,391500
2024-04-21,2024-05-08,MED-011,LOC-005,PROV-005,537,900,483300
2024-05-19,2024-06-09,MED-011,LOC-005,PROV-005,479,900,431100
2024-06-16,2024-07-06,MED-011,LOC-005,PROV-005,527,900,474300
2024-07-14,2024-07-30,MED-011,LOC-005,PROV-005,528,900,475200
2024-08-11,2024-08-29,MED-011,LOC-005,PROV-005,527,900,474300
2024-09-08,2024-09-27,MED-011,LOC-005,PROV-005,525,900,472500
2024-10-06,2024-10-25,MED-011,LOC-005,PROV-005,468,900,421200
2024-11-03,2024-11-21,MED-011,LOC-005,PROV-005,609,900,548100
2024-12-01,2024-12-17,MED-011,LOC-005,PROV-005,359,900,323100
2024-12-29,2025-01-18,MED-011,LOC-005,PROV-005,535,900,481500
2025-01-26,2025-02-14,MED-011,LOC-005,PROV-005,487,900,438300
2025-02-23,2025-03-12,MED-011,LOC-005,PROV-005,533,900,479700
2025-03-23,2025-04-09,MED-011,LOC-005,PROV-005,562,900,505800
2025-04-20,2025-05-06,MED-011,LOC-005,PROV-005,426,900,383400
2025-05-18,2025-06-02,MED-011,LOC-005,PROV-005,503,900,452700
2025-06-15,2025-07-03,MED-011,LOC-005,PROV-005,508,900,457200
2025-07-13,2025-08-03,MED-011,LOC-005,PROV-005,446,900,401400
2025-08-10,2025-08-30,MED-011,LOC-005,PROV-005,508,900,457200
2025-09-07,2025-09-25,MED-011,LOC-005,PROV-005,551,900,495900
2025-10-05,2025-10-25,MED-011,LOC-005,PROV-005,492,900,442800
2025-11-02,2025-11-20,MED-011,LOC-005,PROV-005,547,900,492300
2025-11-30,2025-12-15,MED-011,LOC-005,PROV-005,416,900,374400
2025-12-28,2026-01-11,MED-011,LOC-005,PROV-005,64,900,57600
2023-01-01,2023-01-21,MED-012,LOC-001,PROV-003,742,3500,2597000
2023-01-29,2023-02-14,MED-012,LOC-001,PROV-003,865,3500,3027500
2023-02-26,2023-03-18,MED-012,LOC-001,PROV-003,899,3500,3146500
2023-03-26,2023-04-13,MED-012,LOC-001,PROV-003,724,3500,2534000
2023-04-23,2023-05-12,MED-012,LOC-001,PROV-003,746,3500,2611000
2023-05-21,2023-06-08,MED-012,LOC-001,PROV-003,837,3500,2929500
2023-06-18,2023-07-09,MED-012,LOC-001,PROV-003,837,3500,2929500
2023-07-16,2023-08-03,MED-012,LOC-001,PROV-003,801,3500,2803500
2023-08-13,2023-08-30,MED-012,LOC-001,PROV-003,743,3500,2600500
2023-09-10,2023-09-30,MED-012,LOC-001,PROV-003,769,3500,2691500
2023-10-08,2023-10-28,MED-012,LOC-001,PROV-003,926,3500,3241000
2023-11-05,2023-11-24,MED-012,LOC-001,PROV-003,893,3500,3125500
2023-12-03,2023-12-20,MED-012,LOC-001,PROV-003,758,3500,2653000
2023-12-31,2024-01-14,MED-012,LOC-001,PROV-003,830,3500,2905000
2024-01-28,2024-02-16,MED-012,LOC-001,PROV-003,877,3500,3069500
2024-02-25,2024-03-13,MED-012,LOC-001,PROV-003,745,3500,2607500
2024-03-24,2024-04-10,MED-012,LOC-001,PROV-003,716,3500,2506000
2024-04-21,2024-05-10,MED-012,LOC-001,PROV-003,990,3500,3465000
2024-05-19,2024-06-07,MED-012,LOC-001,PROV-003,975,3500,3412500
2024-06-16,2024-07-08,MED-012,LOC-001,PROV-003,785,3500,2747500
2024-07-14,2024-08-01,MED-012,LOC-001,PROV-003,817,3500,2859500
2024-08-11,2024-08-27,MED-012,LOC-001,PROV-003,833,3500,2915500
2024-09-08,2024-09-28,MED-012,LOC-001,PROV-003,872,3500,3052000
2024-10-06,2024-10-27,MED-012,LOC-001,PROV-003,881,3500,3083500
2024-11-03,2024-11-21,MED-012,LOC-001,PROV-003,1141,3500,3993500
2024-12-01,2024-12-15,MED-012,LOC-001,PROV-003,712,3500,2492000
2024-12-29,2025-01-14,MED-012,LOC-001,PROV-003,941,3500,3293500
2025-01-26,2025-02-14,MED-012,LOC-001,PROV-003,727,3500,2544500
2025-02-23,2025-03-17,MED-012,LOC-001,PROV-003,894,3500,3129000
2025-03-23,2025-04-12,MED-012,LOC-001,PROV-003,932,3500,3262000
2025-04-20,2025-05-10,MED-012,LOC-001,PROV-003,789,3500,2761500
2025-05-18,2025-06-06,MED-012,LOC-001,PROV-003,844,3500,2954000
2025-06-15,2025-06-28,MED-012,LOC-001,PROV-003,786,3500,2751000
2025-07-13,2025-07-31,MED-012,LOC-001,PROV-003,926,3500,3241000
2025-08-10,2025-08-27,MED-012,LOC-001,PROV-003,894,3500,3129000
2025-09-07,2025-09-21,MED-012,LOC-001,PROV-003,978,3500,3423000
2025-10-05,2025-10-24,MED-012,LOC-001,PROV-003,854,3500,2989000
2025-11-02,2025-11-21,MED-012,LOC-001,PROV-003,927,3500,3244500
2025-11-30,2025-12-17,MED-012,LOC-001,PROV-003,713,3500,2495500
2025-12-28,2026-01-15,MED-012,LOC-001,PROV-003,110,3500,385000
2023-01-01,2023-01-21,MED-012,LOC-002,PROV-003,604,3500,2114000
2023-01-29,2023-02-12,MED-012,LOC-002,PROV-003,525,3500,1837500
2023-02-26,2023-03-16,MED-012,LOC-002,PROV-003,581,3500,2033500
2023-03-26,2023-04-10,MED-012,LOC-002,PROV-003,537,3500,1879500
2023-04-23,2023-05-12,MED-012,LOC-002,PROV-003,584,3500,2044000
2023-05-21,2023-06-04,MED-012,LOC-002,PROV-003,569,3500,1991500
2023-06-18,2023-07-07,MED-012,LOC-002,PROV-003,553,3500,1935500
2023-07-16,2023-08-02,MED-012,LOC-002,PROV-003,613,3500,2145500
2023-08-13,2023-08-30,MED-012,LOC-002,PROV-003,604,3500,2114000
2023-09-10,2023-09-30,MED-012,LOC-002,PROV-003,587,3500,2054500
2023-10-08,2023-10-29,MED-012,LOC-002,PROV-003,676,3500,2366000
2023-11-05,2023-11-25,MED-012,LOC-002,PROV-003,684,3500,2394000
2023-12-03,2023-12-21,MED-012,LOC-002,PROV-003,497,3500,1739500
2023-12-31,2024-01-22,MED-012,LOC-002,PROV-003,658,3500,2303000
2024-01-28,2024-02-14,MED-012,LOC-002,PROV-003,669,3500,2341500
2024-02-25,2024-03-16,MED-012,LOC-002,PROV-003,627,3500,2194500
2024-03-24,2024-04-11,MED-012,LOC-002,PROV-003,649,3500,2271500
2024-04-21,2024-05-06,MED-012,LOC-002,PROV-003,723,3500,2530500
2024-05-19,2024-06-07,MED-012,LOC-002,PROV-003,601,3500,2103500
2024-06-16,2024-07-03,MED-012,LOC-002,PROV-003,625,3500,2187500
2024-07-14,2024-08-02,MED-012,LOC-002,PROV-003,704,3500,2464000
2024-08-11,2024-09-01,MED-012,LOC-002,PROV-003,712,3500,2492000
2024-09-08,2024-09-28,MED-012,LOC-002,PROV-003,628,3500,2198000
2024-10-06,2024-10-26,MED-012,LOC-002,PROV-003,613,3500,2145500
2024-11-03,2024-11-25,MED-012,LOC-002,PROV-003,784,3500,2744000
2024-12-01,2024-12-18,MED-012,LOC-002,PROV-003,484,3500,1694000
2024-12-29,2025-01-15,MED-012,LOC-002,PROV-003,675,3500,2362500
2025-01-26,2025-02-15,MED-012,LOC-002,PROV-003,637,3500,2229500
2025-02-23,2025-03-15,MED-012,LOC-002,PROV-003,816,3500,2856000
2025-03-23,2025-04-08,MED-012,LOC-002,PROV-003,716,3500,2506000
2025-04-20,2025-05-06,MED-012,LOC-002,PROV-003,621,3500,2173500
2025-05-18,2025-06-05,MED-012,LOC-002,PROV-003,627,3500,2194500
2025-06-15,2025-07-06,MED-012,LOC-002,PROV-003,699,3500,2446500
2025-07-13,2025-07-29,MED-012,LOC-002,PROV-003,699,3500,2446500
2025-08-10,2025-08-27,MED-012,LOC-002,PROV-003,707,3500,2474500
2025-09-07,2025-09-24,MED-012,LOC-002,PROV-003,607,3500,2124500
2025-10-05,2025-10-19,MED-012,LOC-002,PROV-003,730,3500,2555000
2025-11-02,2025-11-23,MED-012,LOC-002,PROV-003,659,3500,2306500
2025-11-30,2025-12-20,MED-012,LOC-002,PROV-003,605,3500,2117500
2025-12-28,2026-01-13,MED-012,LOC-002,PROV-003,83,3500,290500
2023-01-01,2023-01-20,MED-012,LOC-003,PROV-003,474,3500,1659000
2023-01-29,2023-02-17,MED-012,LOC-003,PROV-003,401,3500,1403500
2023-02-26,2023-03-16,MED-012,LOC-003,PROV-003,468,3500,1638000
2023-03-26,2023-04-10,MED-012,LOC-003,PROV-003,477,3500,1669500
2023-04-23,2023-05-14,MED-012,LOC-003,PROV-003,417,3500,1459500
2023-05-21,2023-06-08,MED-012,LOC-003,PROV-003,409,3500,1431500
2023-06-18,2023-07-08,MED-012,LOC-003,PROV-003,517,3500,1809500
2023-07-16,2023-07-31,MED-012,LOC-003,PROV-003,487,3500,1704500
2023-08-13,2023-08-27,MED-012,LOC-003,PROV-003,440,3500,1540000
2023-09-10,2023-09-30,MED-012,LOC-003,PROV-003,447,3500,1564500
2023-10-08,2023-10-23,MED-012,LOC-003,PROV-003,549,3500,1921500
2023-11-05,2023-11-23,MED-012,LOC-003,PROV-003,558,3500,1953000
2023-12-03,2023-12-19,MED-012,LOC-003,PROV-003,431,3500,1508500
2023-12-31,2024-01-19,MED-012,LOC-003,PROV-003,476,3500,1666000
2024-01-28,2024-02-12,MED-012,LOC-003,PROV-003,457,3500,1599500
2024-02-25,2024-03-15,MED-012,LOC-003,PROV-003,449,3500,1571500
2024-03-24,2024-04-16,MED-012,LOC-003,PROV-003,498,3500,1743000
2024-04-21,2024-05-09,MED-012,LOC-003,PROV-003,475,3500,1662500
2024-05-19,2024-06-09,MED-012,LOC-003,PROV-003,471,3500,1648500
2024-06-16,2024-07-07,MED-012,LOC-003,PROV-003,520,3500,1820000
2024-07-14,2024-07-31,MED-012,LOC-003,PROV-003,533,3500,1865500
2024-08-11,2024-08-31,MED-012,LOC-003,PROV-003,501,3500,1753500
2024-09-08,2024-09-26,MED-012,LOC-003,PROV-003,501,3500,1753500
2024-10-06,2024-10-23,MED-012,LOC-003,PROV-003,525,3500,1837500
2024-11-03,2024-11-23,MED-012,LOC-003,PROV-003,601,3500,2103500
2024-12-01,2024-12-20,MED-012,LOC-003,PROV-003,392,3500,1372000
2024-12-29,2025-01-17,MED-012,LOC-003,PROV-003,543,3500,1900500
2025-01-26,2025-02-12,MED-012,LOC-003,PROV-003,455,3500,1592500
2025-02-23,2025-03-14,MED-012,LOC-003,PROV-003,590,3500,2065000
2025-03-23,2025-04-12,MED-012,LOC-003,PROV-003,560,3500,1960000
2025-04-20,2025-05-08,MED-012,LOC-003,PROV-003,542,3500,1897000
2025-05-18,2025-06-06,MED-012,LOC-003,PROV-003,453,3500,1585500
2025-06-15,2025-06-29,MED-012,LOC-003,PROV-003,495,3500,1732500
2025-07-13,2025-08-01,MED-012,LOC-003,PROV-003,458,3500,1603000
2025-08-10,2025-08-23,MED-012,LOC-003,PROV-003,492,3500,1722000
2025-09-07,2025-09-24,MED-012,LOC-003,PROV-003,505,3500,1767500
2025-10-05,2025-10-23,MED-012,LOC-003,PROV-003,512,3500,1792000
2025-11-02,2025-11-19,MED-012,LOC-003,PROV-003,594,3500,2079000
2025-11-30,2025-12-15,MED-012,LOC-003,PROV-003,428,3500,1498000
2025-12-28,2026-01-16,MED-012,LOC-003,PROV-003,70,3500,245000
2023-01-01,2023-01-21,MED-012,LOC-004,PROV-003,337,3500,1179500
2023-01-29,2023-02-15,MED-012,LOC-004,PROV-003,314,3500,1099000
2023-02-26,2023-03-18,MED-012,LOC-004,PROV-003,368,3500,1288000
2023-03-26,2023-04-16,MED-012,LOC-004,PROV-003,298,3500,1043000
2023-04-23,2023-05-10,MED-012,LOC-004,PROV-003,331,3500,1158500
2023-05-21,2023-06-06,MED-012,LOC-004,PROV-003,388,3500,1358000
2023-06-18,2023-07-10,MED-012,LOC-004,PROV-003,357,3500,1249500
2023-07-16,2023-08-06,MED-012,LOC-004,PROV-003,357,3500,1249500
2023-08-13,2023-09-01,MED-012,LOC-004,PROV-003,368,3500,1288000
2023-09-10,2023-09-24,MED-012,LOC-004,PROV-003,371,3500,1298500
2023-10-08,2023-10-31,MED-012,LOC-004,PROV-003,385,3500,1347500
2023-11-05,2023-11-23,MED-012,LOC-004,PROV-003,392,3500,1372000
2023-12-03,2023-12-23,MED-012,LOC-004,PROV-003,341,3500,1193500
2023-12-31,2024-01-18,MED-012,LOC-004,PROV-003,360,3500,1260000
2024-01-28,2024-02-14,MED-012,LOC-004,PROV-003,360,3500,1260000
2024-02-25,2024-03-11,MED-012,LOC-004,PROV-003,401,3500,1403500
2024-03-24,2024-04-08,MED-012,LOC-004,PROV-003,393,3500,1375500
2024-04-21,2024-05-07,MED-012,LOC-004,PROV-003,393,3500,1375500
2024-05-19,2024-06-04,MED-012,LOC-004,PROV-003,401,3500,1403500
2024-06-16,2024-07-01,MED-012,LOC-004,PROV-003,353,3500,1235500
2024-07-14,2024-07-31,MED-012,LOC-004,PROV-003,354,3500,1239000
2024-08-11,2024-08-31,MED-012,LOC-004,PROV-003,341,3500,1193500
2024-09-08,2024-09-25,MED-012,LOC-004,PROV-003,424,3500,1484000
2024-10-06,2024-10-24,MED-012,LOC-004,PROV-003,389,3500,1361500
2024-11-03,2024-11-25,MED-012,LOC-004,PROV-003,492,3500,1722000
2024-12-01,2024-12-14,MED-012,LOC-004,PROV-003,297,3500,1039500
2024-12-29,2025-01-17,MED-012,LOC-004,PROV-003,432,3500,1512000
2025-01-26,2025-02-15,MED-012,LOC-004,PROV-003,424,3500,1484000
2025-02-23,2025-03-13,MED-012,LOC-004,PROV-003,406,3500,1421000
2025-03-23,2025-04-06,MED-012,LOC-004,PROV-003,348,3500,1218000
2025-04-20,2025-05-06,MED-012,LOC-004,PROV-003,359,3500,1256500
2025-05-18,2025-06-05,MED-012,LOC-004,PROV-003,411,3500,1438500
2025-06-15,2025-07-02,MED-012,LOC-004,PROV-003,362,3500,1267000
2025-07-13,2025-08-01,MED-012,LOC-004,PROV-003,384,3500,1344000
2025-08-10,2025-08-27,MED-012,LOC-004,PROV-003,370,3500,1295000
2025-09-07,2025-09-23,MED-012,LOC-004,PROV-003,416,3500,1456000
2025-10-05,2025-10-21,MED-012,LOC-004,PROV-003,406,3500,1421000
2025-11-02,2025-11-17,MED-012,LOC-004,PROV-003,433,3500,1515500
2025-11-30,2025-12-18,MED-012,LOC-004,PROV-003,363,3500,1270500
2025-12-28,2026-01-16,MED-012,LOC-004,PROV-003,47,3500,164500
2023-01-01,2023-01-18,MED-012,LOC-005,PROV-003,477,3500,1669500
2023-01-29,2023-02-17,MED-012,LOC-005,PROV-003,366,3500,1281000
2023-02-26,2023-03-15,MED-012,LOC-005,PROV-003,418,3500,1463000
2023-03-26,2023-04-13,MED-012,LOC-005,PROV-003,446,3500,1561000
2023-04-23,2023-05-11,MED-012,LOC-005,PROV-003,437,3500,1529500
2023-05-21,2023-06-04,MED-012,LOC-005,PROV-003,432,3500,1512000
2023-06-18,2023-07-08,MED-012,LOC-005,PROV-003,405,3500,1417500
2023-07-16,2023-08-06,MED-012,LOC-005,PROV-003,392,3500,1372000
2023-08-13,2023-08-29,MED-012,LOC-005,PROV-003,421,3500,1473500
2023-09-10,2023-09-27,MED-012,LOC-005,PROV-003,433,3500,1515500
2023-10-08,2023-10-25,MED-012,LOC-005,PROV-003,435,3500,1522500
2023-11-05,2023-11-20,MED-012,LOC-005,PROV-003,446,3500,1561000
2023-12-03,2023-12-19,MED-012,LOC-005,PROV-003,337,3500,1179500
2023-12-31,2024-01-17,MED-012,LOC-005,PROV-003,417,3500,1459500
2024-01-28,2024-02-11,MED-012,LOC-005,PROV-003,415,3500,1452500
2024-02-25,2024-03-12,MED-012,LOC-005,PROV-003,400,3500,1400000
2024-03-24,2024-04-13,MED-012,LOC-005,PROV-003,445,3500,1557500
2024-04-21,2024-05-08,MED-012,LOC-005,PROV-003,450,3500,1575000
2024-05-19,2024-06-05,MED-012,LOC-005,PROV-003,425,3500,1487500
2024-06-16,2024-07-03,MED-012,LOC-005,PROV-003,445,3500,1557500
2024-07-14,2024-08-04,MED-012,LOC-005,PROV-003,459,3500,1606500
2024-08-11,2024-08-31,MED-012,LOC-005,PROV-003,409,3500,1431500
2024-09-08,2024-09-22,MED-012,LOC-005,PROV-003,404,3500,1414000
2024-10-06,2024-10-25,MED-012,LOC-005,PROV-003,412,3500,1442000
2024-11-03,2024-11-22,MED-012,LOC-005,PROV-003,487,3500,1704500
2024-12-01,2024-12-16,MED-012,LOC-005,PROV-003,382,3500,1337000
2024-12-29,2025-01-18,MED-012,LOC-005,PROV-003,507,3500,1774500
2025-01-26,2025-02-13,MED-012,LOC-005,PROV-003,386,3500,1351000
2025-02-23,2025-03-11,MED-012,LOC-005,PROV-003,538,3500,1883000
2025-03-23,2025-04-10,MED-012,LOC-005,PROV-003,385,3500,1347500
2025-04-20,2025-05-05,MED-012,LOC-005,PROV-003,441,3500,1543500
2025-05-18,2025-06-06,MED-012,LOC-005,PROV-003,463,3500,1620500
2025-06-15,2025-07-02,MED-012,LOC-005,PROV-003,442,3500,1547000
2025-07-13,2025-07-29,MED-012,LOC-005,PROV-003,406,3500,1421000
2025-08-10,2025-08-26,MED-012,LOC-005,PROV-003,455,3500,1592500
2025-09-07,2025-09-25,MED-012,LOC-005,PROV-003,507,3500,1774500
2025-10-05,2025-10-23,MED-012,LOC-005,PROV-003,425,3500,1487500
2025-11-02,2025-11-18,MED-012,LOC-005,PROV-003,471,3500,1648500
2025-11-30,2025-12-13,MED-012,LOC-005,PROV-003,340,3500,1190000
2025-12-28,2026-01-13,MED-012,LOC-005,PROV-003,60,3500,210000
2023-01-01,2023-01-16,MED-013,LOC-001,PROV-002,763,2100,1602300
2023-01-29,2023-02-14,MED-013,LOC-001,PROV-002,740,2100,1554000
2023-02-26,2023-03-13,MED-013,LOC-001,PROV-002,755,2100,1585500
2023-03-26,2023-04-11,MED-013,LOC-001,PROV-002,757,2100,1589700
2023-04-23,2023-05-11,MED-013,LOC-001,PROV-002,714,2100,1499400
2023-05-21,2023-06-05,MED-013,LOC-001,PROV-002,682,2100,1432200
2023-06-18,2023-07-03,MED-013,LOC-001,PROV-002,762,2100,1600200
2023-07-16,2023-07-31,MED-013,LOC-001,PROV-002,685,2100,1438500
2023-08-13,2023-08-28,MED-013,LOC-001,PROV-002,667,2100,1400700
2023-09-10,2023-09-27,MED-013,LOC-001,PROV-002,813,2100,1707300
2023-10-08,2023-10-25,MED-013,LOC-001,PROV-002,775,2100,1627500
2023-11-05,2023-11-24,MED-013,LOC-001,PROV-002,859,2100,1803900
2023-12-03,2023-12-20,MED-013,LOC-001,PROV-002,593,2100,1245300
2023-12-31,2024-01-16,MED-013,LOC-001,PROV-002,760,2100,1596000
2024-01-28,2024-02-10,MED-013,LOC-001,PROV-002,709,2100,1488900
2024-02-25,2024-03-14,MED-013,LOC-001,PROV-002,657,2100,1379700
2024-03-24,2024-04-08,MED-013,LOC-001,PROV-002,660,2100,1386000
2024-04-21,2024-05-07,MED-013,LOC-001,PROV-002,765,2100,1606500
2024-05-19,2024-06-09,MED-013,LOC-001,PROV-002,725,2100,1522500
2024-06-16,2024-07-01,MED-013,LOC-001,PROV-002,824,2100,1730400
2024-07-14,2024-07-31,MED-013,LOC-001,PROV-002,673,2100,1413300
2024-08-11,2024-08-26,MED-013,LOC-001,PROV-002,682,2100,1432200
2024-09-08,2024-09-26,MED-013,LOC-001,PROV-002,807,2100,1694700
2024-10-06,2024-10-23,MED-013,LOC-001,PROV-002,732,2100,1537200
2024-11-03,2024-11-21,MED-013,LOC-001,PROV-002,1023,2100,2148300
2024-12-01,2024-12-15,MED-013,LOC-001,PROV-002,668,2100,1402800
2024-12-29,2025-01-15,MED-013,LOC-001,PROV-002,680,2100,1428000
2025-01-26,2025-02-11,MED-013,LOC-001,PROV-002,774,2100,1625400
2025-02-23,2025-03-12,MED-013,LOC-001,PROV-002,914,2100,1919400
2025-03-23,2025-04-05,MED-013,LOC-001,PROV-002,821,2100,1724100
2025-04-20,2025-05-06,MED-013,LOC-001,PROV-002,785,2100,1648500
2025-05-18,2025-06-04,MED-013,LOC-001,PROV-002,797,2100,1673700
2025-06-15,2025-07-03,MED-013,LOC-001,PROV-002,815,2100,1711500
2025-07-13,2025-07-31,MED-013,LOC-001,PROV-002,741,2100,1556100
2025-08-10,2025-08-24,MED-013,LOC-001,PROV-002,786,2100,1650600
2025-09-07,2025-09-20,MED-013,LOC-001,PROV-002,895,2100,1879500
2025-10-05,2025-10-24,MED-013,LOC-001,PROV-002,817,2100,1715700
2025-11-02,2025-11-17,MED-013,LOC-001,PROV-002,876,2100,1839600
2025-11-30,2025-12-19,MED-013,LOC-001,PROV-002,680,2100,1428000
2025-12-28,2026-01-16,MED-013,LOC-001,PROV-002,87,2100,182700
2023-01-01,2023-01-19,MED-013,LOC-002,PROV-002,616,2100,1293600
2023-01-29,2023-02-16,MED-013,LOC-002,PROV-002,489,2100,1026900
2023-02-26,2023-03-13,MED-013,LOC-002,PROV-002,517,2100,1085700
2023-03-26,2023-04-11,MED-013,LOC-002,PROV-002,510,2100,1071000
2023-04-23,2023-05-11,MED-013,LOC-002,PROV-002,510,2100,1071000
2023-05-21,2023-06-05,MED-013,LOC-002,PROV-002,555,2100,1165500
2023-06-18,2023-07-03,MED-013,LOC-002,PROV-002,496,2100,1041600
2023-07-16,2023-07-31,MED-013,LOC-002,PROV-002,549,2100,1152900
2023-08-13,2023-08-25,MED-013,LOC-002,PROV-002,567,2100,1190700
2023-09-10,2023-09-27,MED-013,LOC-002,PROV-002,570,2100,1197000
2023-10-08,2023-10-24,MED-013,LOC-002,PROV-002,583,2100,1224300
2023-11-05,2023-11-24,MED-013,LOC-002,PROV-002,603,2100,1266300
2023-12-03,2023-12-20,MED-013,LOC-002,PROV-002,479,2100,1005900
2023-12-31,2024-01-19,MED-013,LOC-002,PROV-002,619,2100,1299900
2024-01-28,2024-02-15,MED-013,LOC-002,PROV-002,570,2100,1197000
2024-02-25,2024-03-13,MED-013,LOC-002,PROV-002,563,2100,1182300
2024-03-24,2024-04-11,MED-013,LOC-002,PROV-002,560,2100,1176000
2024-04-21,2024-05-04,MED-013,LOC-002,PROV-002,563,2100,1182300
2024-05-19,2024-06-06,MED-013,LOC-002,PROV-002,580,2100,1218000
2024-06-16,2024-07-02,MED-013,LOC-002,PROV-002,569,2100,1194900
2024-07-14,2024-07-28,MED-013,LOC-002,PROV-002,624,2100,1310400
2024-08-11,2024-08-25,MED-013,LOC-002,PROV-002,585,2100,1228500
2024-09-08,2024-09-26,MED-013,LOC-002,PROV-002,531,2100,1115100
2024-10-06,2024-10-22,MED-013,LOC-002,PROV-002,651,2100,1367100
2024-11-03,2024-11-18,MED-013,LOC-002,PROV-002,659,2100,1383900
2024-12-01,2024-12-13,MED-013,LOC-002,PROV-002,495,2100,1039500
2024-12-29,2025-01-14,MED-013,LOC-002,PROV-002,623,2100,1308300
2025-01-26,2025-02-12,MED-013,LOC-002,PROV-002,581,2100,1220100
2025-02-23,2025-03-09,MED-013,LOC-002,PROV-002,657,2100,1379700
2025-03-23,2025-04-07,MED-013,LOC-002,PROV-002,562,2100,1180200
2025-04-20,2025-05-04,MED-013,LOC-002,PROV-002,550,2100,1155000
2025-05-18,2025-06-05,MED-013,LOC-002,PROV-002,660,2100,1386000
2025-06-15,2025-07-01,MED-013,LOC-002,PROV-002,627,2100,1316700
2025-07-13,2025-07-28,MED-013,LOC-002,PROV-002,572,2100,1201200
2025-08-10,2025-08-24,MED-013,LOC-002,PROV-002,570,2100,1197000
2025-09-07,2025-09-27,MED-013,LOC-002,PROV-002,537,2100,1127700
2025-10-05,2025-10-20,MED-013,LOC-002,PROV-002,568,2100,1192800
2025-11-02,2025-11-20,MED-013,LOC-002,PROV-002,613,2100,1287300
2025-11-30,2025-12-18,MED-013,LOC-002,PROV-002,488,2100,1024800
2025-12-28,2026-01-12,MED-013,LOC-002,PROV-002,80,2100,168000
2023-01-01,2023-01-18,MED-013,LOC-003,PROV-002,416,2100,873600
2023-01-29,2023-02-14,MED-013,LOC-003,PROV-002,378,2100,793800
2023-02-26,2023-03-12,MED-013,LOC-003,PROV-002,383,2100,804300
2023-03-26,2023-04-09,MED-013,LOC-003,PROV-002,392,2100,823200
2023-04-23,2023-05-09,MED-013,LOC-003,PROV-002,441,2100,926100
2023-05-21,2023-06-08,MED-013,LOC-003,PROV-002,378,2100,793800
2023-06-18,2023-07-03,MED-013,LOC-003,PROV-002,425,2100,892500
2023-07-16,2023-08-01,MED-013,LOC-003,PROV-002,466,2100,978600
2023-08-13,2023-08-31,MED-013,LOC-003,PROV-002,380,2100,798000
2023-09-10,2023-09-28,MED-013,LOC-003,PROV-002,449,2100,942900
2023-10-08,2023-10-22,MED-013,LOC-003,PROV-002,500,2100,1050000
2023-11-05,2023-11-26,MED-013,LOC-003,PROV-002,438,2100,919800
2023-12-03,2023-12-21,MED-013,LOC-003,PROV-002,337,2100,707700
2023-12-31,2024-01-15,MED-013,LOC-003,PROV-002,491,2100,1031100
2024-01-28,2024-02-14,MED-013,LOC-003,PROV-002,458,2100,961800
2024-02-25,2024-03-15,MED-013,LOC-003,PROV-002,439,2100,921900
2024-03-24,2024-04-08,MED-013,LOC-003,PROV-002,389,2100,816900
2024-04-21,2024-05-07,MED-013,LOC-003,PROV-002,418,2100,877800
2024-05-19,2024-06-03,MED-013,LOC-003,PROV-002,504,2100,1058400
2024-06-16,2024-06-29,MED-013,LOC-003,PROV-002,444,2100,932400
2024-07-14,2024-07-29,MED-013,LOC-003,PROV-002,387,2100,812700
2024-08-11,2024-08-27,MED-013,LOC-003,PROV-002,447,2100,938700
2024-09-08,2024-09-22,MED-013,LOC-003,PROV-002,501,2100,1052100
2024-10-06,2024-10-22,MED-013,LOC-003,PROV-002,512,2100,1075200
2024-11-03,2024-11-19,MED-013,LOC-003,PROV-002,520,2100,1092000
2024-12-01,2024-12-16,MED-013,LOC-003,PROV-002,321,2100,674100
2024-12-29,2025-01-15,MED-013,LOC-003,PROV-002,499,2100,1047900
2025-01-26,2025-02-09,MED-013,LOC-003,PROV-002,479,2100,1005900
2025-02-23,2025-03-12,MED-013,LOC-003,PROV-002,521,2100,1094100
2025-03-23,2025-04-01,MED-013,LOC-003,PROV-002,487,2100,1022700
2025-04-20,2025-05-10,MED-013,LOC-003,PROV-002,442,2100,928200
2025-05-18,2025-06-03,MED-013,LOC-003,PROV-002,412,2100,865200
2025-06-15,2025-06-30,MED-013,LOC-003,PROV-002,433,2100,909300
2025-07-13,2025-07-30,MED-013,LOC-003,PROV-002,414,2100,869400
2025-08-10,2025-08-26,MED-013,LOC-003,PROV-002,432,2100,907200
2025-09-07,2025-09-23,MED-013,LOC-003,PROV-002,524,2100,1100400
2025-10-05,2025-10-21,MED-013,LOC-003,PROV-002,447,2100,938700
2025-11-02,2025-11-19,MED-013,LOC-003,PROV-002,484,2100,1016400
2025-11-30,2025-12-14,MED-013,LOC-003,PROV-002,393,2100,825300
2025-12-28,2026-01-14,MED-013,LOC-003,PROV-002,59,2100,123900
2023-01-01,2023-01-16,MED-013,LOC-004,PROV-002,310,2100,651000
2023-01-29,2023-02-15,MED-013,LOC-004,PROV-002,310,2100,651000
2023-02-26,2023-03-12,MED-013,LOC-004,PROV-002,297,2100,623700
2023-03-26,2023-04-09,MED-013,LOC-004,PROV-002,311,2100,653100
2023-04-23,2023-05-09,MED-013,LOC-004,PROV-002,344,2100,722400
2023-05-21,2023-06-04,MED-013,LOC-004,PROV-002,285,2100,598500
2023-06-18,2023-07-03,MED-013,LOC-004,PROV-002,364,2100,764400
2023-07-16,2023-08-02,MED-013,LOC-004,PROV-002,347,2100,728700
2023-08-13,2023-08-30,MED-013,LOC-004,PROV-002,350,2100,735000
2023-09-10,2023-09-25,MED-013,LOC-004,PROV-002,332,2100,697200
2023-10-08,2023-10-24,MED-013,LOC-004,PROV-002,358,2100,751800
2023-11-05,2023-11-22,MED-013,LOC-004,PROV-002,372,2100,781200
2023-12-03,2023-12-17,MED-013,LOC-004,PROV-002,286,2100,600600
2023-12-31,2024-01-13,MED-013,LOC-004,PROV-002,306,2100,642600
2024-01-28,2024-02-11,MED-013,LOC-004,PROV-002,347,2100,728700
2024-02-25,2024-03-14,MED-013,LOC-004,PROV-002,357,2100,749700
2024-03-24,2024-04-12,MED-013,LOC-004,PROV-002,319,2100,669900
2024-04-21,2024-05-08,MED-013,LOC-004,PROV-002,340,2100,714000
2024-05-19,2024-06-02,MED-013,LOC-004,PROV-002,310,2100,651000
2024-06-16,2024-07-03,MED-013,LOC-004,PROV-002,329,2100,690900
2024-07-14,2024-07-31,MED-013,LOC-004,PROV-002,329,2100,690900
2024-08-11,2024-08-28,MED-013,LOC-004,PROV-002,324,2100,680400
2024-09-08,2024-09-27,MED-013,LOC-004,PROV-002,333,2100,699300
2024-10-06,2024-10-24,MED-013,LOC-004,PROV-002,341,2100,716100
2024-11-03,2024-11-21,MED-013,LOC-004,PROV-002,423,2100,888300
2024-12-01,2024-12-16,MED-013,LOC-004,PROV-002,288,2100,604800
2024-12-29,2025-01-13,MED-013,LOC-004,PROV-002,367,2100,770700
2025-01-26,2025-02-11,MED-013,LOC-004,PROV-002,312,2100,655200
2025-02-23,2025-03-13,MED-013,LOC-004,PROV-002,375,2100,787500
2025-03-23,2025-04-08,MED-013,LOC-004,PROV-002,327,2100,686700
2025-04-20,2025-05-07,MED-013,LOC-004,PROV-002,333,2100,699300
2025-05-18,2025-06-05,MED-013,LOC-004,PROV-002,328,2100,688800
2025-06-15,2025-07-02,MED-013,LOC-004,PROV-002,353,2100,741300
2025-07-13,2025-08-02,MED-013,LOC-004,PROV-002,382,2100,802200
2025-08-10,2025-08-26,MED-013,LOC-004,PROV-002,313,2100,657300
2025-09-07,2025-09-24,MED-013,LOC-004,PROV-002,365,2100,766500
2025-10-05,2025-10-19,MED-013,LOC-004,PROV-002,330,2100,693000
2025-11-02,2025-11-18,MED-013,LOC-004,PROV-002,359,2100,753900
2025-11-30,2025-12-18,MED-013,LOC-004,PROV-002,298,2100,625800
2025-12-28,2026-01-16,MED-013,LOC-004,PROV-002,37,2100,77700
2023-01-01,2023-01-18,MED-013,LOC-005,PROV-002,401,2100,842100
2023-01-29,2023-02-17,MED-013,LOC-005,PROV-002,381,2100,800100
2023-02-26,2023-03-18,MED-013,LOC-005,PROV-002,375,2100,787500
2023-03-26,2023-04-11,MED-013,LOC-005,PROV-002,346,2100,726600
2023-04-23,2023-05-12,MED-013,LOC-005,PROV-002,375,2100,787500
2023-05-21,2023-06-09,MED-013,LOC-005,PROV-002,380,2100,798000
2023-06-18,2023-07-04,MED-013,LOC-005,PROV-002,333,2100,699300
2023-07-16,2023-08-03,MED-013,LOC-005,PROV-002,348,2100,730800
2023-08-13,2023-08-26,MED-013,LOC-005,PROV-002,391,2100,821100
2023-09-10,2023-09-22,MED-013,LOC-005,PROV-002,438,2100,919800
2023-10-08,2023-10-22,MED-013,LOC-005,PROV-002,343,2100,720300
2023-11-05,2023-11-22,MED-013,LOC-005,PROV-002,412,2100,865200
2023-12-03,2023-12-20,MED-013,LOC-005,PROV-002,359,2100,753900
2023-12-31,2024-01-13,MED-013,LOC-005,PROV-002,414,2100,869400
2024-01-28,2024-02-13,MED-013,LOC-005,PROV-002,387,2100,812700
2024-02-25,2024-03-12,MED-013,LOC-005,PROV-002,380,2100,798000
2024-03-24,2024-04-07,MED-013,LOC-005,PROV-002,368,2100,772800
2024-04-21,2024-05-06,MED-013,LOC-005,PROV-002,439,2100,921900
2024-05-19,2024-06-06,MED-013,LOC-005,PROV-002,378,2100,793800
2024-06-16,2024-07-02,MED-013,LOC-005,PROV-002,430,2100,903000
2024-07-14,2024-08-01,MED-013,LOC-005,PROV-002,339,2100,711900
2024-08-11,2024-08-29,MED-013,LOC-005,PROV-002,407,2100,854700
2024-09-08,2024-09-25,MED-013,LOC-005,PROV-002,356,2100,747600
2024-10-06,2024-10-22,MED-013,LOC-005,PROV-002,395,2100,829500
2024-11-03,2024-11-20,MED-013,LOC-005,PROV-002,433,2100,909300
2024-12-01,2024-12-15,MED-013,LOC-005,PROV-002,327,2100,686700
2024-12-29,2025-01-16,MED-013,LOC-005,PROV-002,385,2100,808500
2025-01-26,2025-02-15,MED-013,LOC-005,PROV-002,355,2100,745500
2025-02-23,2025-03-09,MED-013,LOC-005,PROV-002,468,2100,982800
2025-03-23,2025-04-06,MED-013,LOC-005,PROV-002,397,2100,833700
2025-04-20,2025-05-06,MED-013,LOC-005,PROV-002,400,2100,840000
2025-05-18,2025-06-01,MED-013,LOC-005,PROV-002,417,2100,875700
2025-06-15,2025-07-02,MED-013,LOC-005,PROV-002,401,2100,842100
2025-07-13,2025-07-27,MED-013,LOC-005,PROV-002,378,2100,793800
2025-08-10,2025-08-30,MED-013,LOC-005,PROV-002,360,2100,756000
2025-09-07,2025-09-27,MED-013,LOC-005,PROV-002,445,2100,934500
2025-10-05,2025-10-22,MED-013,LOC-005,PROV-002,377,2100,791700
2025-11-02,2025-11-17,MED-013,LOC-005,PROV-002,435,2100,913500
2025-11-30,2025-12-18,MED-013,LOC-005,PROV-002,360,2100,756000
2025-12-28,2026-01-12,MED-013,LOC-005,PROV-002,52,2100,109200
2023-01-01,2023-01-12,MED-014,LOC-001,PROV-004,448,4200,1881600
2023-01-29,2023-02-07,MED-014,LOC-001,PROV-004,464,4200,1948800
2023-02-26,2023-03-09,MED-014,LOC-001,PROV-004,431,4200,1810200
2023-03-26,2023-04-09,MED-014,LOC-001,PROV-004,433,4200,1818600
2023-04-23,2023-05-07,MED-014,LOC-001,PROV-004,379,4200,1591800
2023-05-21,2023-06-03,MED-014,LOC-001,PROV-004,393,4200,1650600
2023-06-18,2023-06-30,MED-014,LOC-001,PROV-004,446,4200,1873200
2023-07-16,2023-07-26,MED-014,LOC-001,PROV-004,440,4200,1848000
2023-08-13,2023-08-24,MED-014,LOC-001,PROV-004,476,4200,1999200
2023-09-10,2023-09-21,MED-014,LOC-001,PROV-004,451,4200,1894200
2023-10-08,2023-10-20,MED-014,LOC-001,PROV-004,511,4200,2146200
2023-11-05,2023-11-16,MED-014,LOC-001,PROV-004,522,4200,2192400
2023-12-03,2023-12-16,MED-014,LOC-001,PROV-004,382,4200,1604400
2023-12-31,2024-01-11,MED-014,LOC-001,PROV-004,505,4200,2121000
2024-01-28,2024-02-08,MED-014,LOC-001,PROV-004,432,4200,1814400
2024-02-25,2024-03-09,MED-014,LOC-001,PROV-004,463,4200,1944600
2024-03-24,2024-04-06,MED-014,LOC-001,PROV-004,412,4200,1730400
2024-04-21,2024-05-05,MED-014,LOC-001,PROV-004,541,4200,2272200
2024-05-19,2024-05-30,MED-014,LOC-001,PROV-004,533,4200,2238600
2024-06-16,2024-06-29,MED-014,LOC-001,PROV-004,502,4200,2108400
2024-07-14,2024-07-24,MED-014,LOC-001,PROV-004,499,4200,2095800
2024-08-11,2024-08-23,MED-014,LOC-001,PROV-004,513,4200,2154600
2024-09-08,2024-09-18,MED-014,LOC-001,PROV-004,455,4200,1911000
2024-10-06,2024-10-18,MED-014,LOC-001,PROV-004,546,4200,2293200
2024-11-03,2024-11-17,MED-014,LOC-001,PROV-004,609,4200,2557800
2024-12-01,2024-12-10,MED-014,LOC-001,PROV-004,390,4200,1638000
2024-12-29,2025-01-12,MED-014,LOC-001,PROV-004,498,4200,2091600
2025-01-26,2025-02-09,MED-014,LOC-001,PROV-004,454,4200,1906800
2025-02-23,2025-03-06,MED-014,LOC-001,PROV-004,530,4200,2226000
2025-03-23,2025-04-03,MED-014,LOC-001,PROV-004,463,4200,1944600
2025-04-20,2025-05-02,MED-014,LOC-001,PROV-004,418,4200,1755600
2025-05-18,2025-05-27,MED-014,LOC-001,PROV-004,480,4200,2016000
2025-06-15,2025-06-29,MED-014,LOC-001,PROV-004,516,4200,2167200
2025-07-13,2025-07-28,MED-014,LOC-001,PROV-004,493,4200,2070600
2025-08-10,2025-08-21,MED-014,LOC-001,PROV-004,463,4200,1944600
2025-09-07,2025-09-18,MED-014,LOC-001,PROV-004,502,4200,2108400
2025-10-05,2025-10-18,MED-014,LOC-001,PROV-004,487,4200,2045400
2025-11-02,2025-11-13,MED-014,LOC-001,PROV-004,521,4200,2188200
2025-11-30,2025-12-11,MED-014,LOC-001,PROV-004,451,4200,1894200
2025-12-28,2026-01-10,MED-014,LOC-001,PROV-004,58,4200,243600
2023-01-01,2023-01-13,MED-014,LOC-002,PROV-004,371,4200,1558200
2023-01-29,2023-02-11,MED-014,LOC-002,PROV-004,336,4200,1411200
2023-02-26,2023-03-12,MED-014,LOC-002,PROV-004,344,4200,1444800
2023-03-26,2023-04-06,MED-014,LOC-002,PROV-004,346,4200,1453200
2023-04-23,2023-05-05,MED-014,LOC-002,PROV-004,311,4200,1306200
2023-05-21,2023-05-31,MED-014,LOC-002,PROV-004,361,4200,1516200
2023-06-18,2023-07-01,MED-014,LOC-002,PROV-004,371,4200,1558200
2023-07-16,2023-07-28,MED-014,LOC-002,PROV-004,368,4200,1545600
2023-08-13,2023-08-25,MED-014,LOC-002,PROV-004,356,4200,1495200
2023-09-10,2023-09-24,MED-014,LOC-002,PROV-004,367,4200,1541400
2023-10-08,2023-10-18,MED-014,LOC-002,PROV-004,406,4200,1705200
2023-11-05,2023-11-18,MED-014,LOC-002,PROV-004,382,4200,1604400
2023-12-03,2023-12-13,MED-014,LOC-002,PROV-004,315,4200,1323000
2023-12-31,2024-01-13,MED-014,LOC-002,PROV-004,364,4200,1528800
2024-01-28,2024-02-06,MED-014,LOC-002,PROV-004,338,4200,1419600
2024-02-25,2024-03-07,MED-014,LOC-002,PROV-004,355,4200,1491000
2024-03-24,2024-04-04,MED-014,LOC-002,PROV-004,317,4200,1331400
2024-04-21,2024-05-05,MED-014,LOC-002,PROV-004,397,4200,1667400
2024-05-19,2024-06-01,MED-014,LOC-002,PROV-004,341,4200,1432200
2024-06-16,2024-06-26,MED-014,LOC-002,PROV-004,352,4200,1478400
2024-07-14,2024-07-25,MED-014,LOC-002,PROV-004,386,4200,1621200
2024-08-11,2024-08-25,MED-014,LOC-002,PROV-004,344,4200,1444800
2024-09-08,2024-09-20,MED-014,LOC-002,PROV-004,346,4200,1453200
2024-10-06,2024-10-18,MED-014,LOC-002,PROV-004,352,4200,1478400
2024-11-03,2024-11-14,MED-014,LOC-002,PROV-004,453,4200,1902600
2024-12-01,2024-12-14,MED-014,LOC-002,PROV-004,315,4200,1323000
2024-12-29,2025-01-12,MED-014,LOC-002,PROV-004,403,4200,1692600
2025-01-26,2025-02-10,MED-014,LOC-002,PROV-004,304,4200,1276800
2025-02-23,2025-03-06,MED-014,LOC-002,PROV-004,439,4200,1843800
2025-03-23,2025-04-03,MED-014,LOC-002,PROV-004,374,4200,1570800
2025-04-20,2025-05-02,MED-014,LOC-002,PROV-004,362,4200,1520400
2025-05-18,2025-05-29,MED-014,LOC-002,PROV-004,348,4200,1461600
2025-06-15,2025-06-25,MED-014,LOC-002,PROV-004,368,4200,1545600
2025-07-13,2025-07-26,MED-014,LOC-002,PROV-004,357,4200,1499400
2025-08-10,2025-08-24,MED-014,LOC-002,PROV-004,356,4200,1495200
2025-09-07,2025-09-17,MED-014,LOC-002,PROV-004,357,4200,1499400
2025-10-05,2025-10-16,MED-014,LOC-002,PROV-004,366,4200,1537200
2025-11-02,2025-11-16,MED-014,LOC-002,PROV-004,432,4200,1814400
2025-11-30,2025-12-09,MED-014,LOC-002,PROV-004,337,4200,1415400
2025-12-28,2026-01-09,MED-014,LOC-002,PROV-004,43,4200,180600
2023-01-01,2023-01-13,MED-014,LOC-003,PROV-004,287,4200,1205400
2023-01-29,2023-02-09,MED-014,LOC-003,PROV-004,274,4200,1150800
2023-02-26,2023-03-10,MED-014,LOC-003,PROV-004,239,4200,1003800
2023-03-26,2023-04-08,MED-014,LOC-003,PROV-004,244,4200,1024800
2023-04-23,2023-05-03,MED-014,LOC-003,PROV-004,238,4200,999600
2023-05-21,2023-06-03,MED-014,LOC-003,PROV-004,284,4200,1192800
2023-06-18,2023-06-30,MED-014,LOC-003,PROV-004,245,4200,1029000
2023-07-16,2023-07-30,MED-014,LOC-003,PROV-004,277,4200,1163400
2023-08-13,2023-08-23,MED-014,LOC-003,PROV-004,255,4200,1071000
2023-09-10,2023-09-21,MED-014,LOC-003,PROV-004,261,4200,1096200
2023-10-08,2023-10-19,MED-014,LOC-003,PROV-004,317,4200,1331400
2023-11-05,2023-11-16,MED-014,LOC-003,PROV-004,280,4200,1176000
2023-12-03,2023-12-18,MED-014,LOC-003,PROV-004,246,4200,1033200
2023-12-31,2024-01-11,MED-014,LOC-003,PROV-004,294,4200,1234800
2024-01-28,2024-02-09,MED-014,LOC-003,PROV-004,288,4200,1209600
2024-02-25,2024-03-08,MED-014,LOC-003,PROV-004,252,4200,1058400
2024-03-24,2024-04-04,MED-014,LOC-003,PROV-004,264,4200,1108800
2024-04-21,2024-05-02,MED-014,LOC-003,PROV-004,263,4200,1104600
2024-05-19,2024-06-01,MED-014,LOC-003,PROV-004,273,4200,1146600
2024-06-16,2024-06-27,MED-014,LOC-003,PROV-004,302,4200,1268400
2024-07-14,2024-07-27,MED-014,LOC-003,PROV-004,285,4200,1197000
2024-08-11,2024-08-24,MED-014,LOC-003,PROV-004,280,4200,1176000
2024-09-08,2024-09-20,MED-014,LOC-003,PROV-004,279,4200,1171800
2024-10-06,2024-10-18,MED-014,LOC-003,PROV-004,313,4200,1314600
2024-11-03,2024-11-14,MED-014,LOC-003,PROV-004,363,4200,1524600
2024-12-01,2024-12-13,MED-014,LOC-003,PROV-004,233,4200,978600
2024-12-29,2025-01-08,MED-014,LOC-003,PROV-004,303,4200,1272600
2025-01-26,2025-02-06,MED-014,LOC-003,PROV-004,243,4200,1020600
2025-02-23,2025-03-07,MED-014,LOC-003,PROV-004,302,4200,1268400
2025-03-23,2025-04-06,MED-014,LOC-003,PROV-004,291,4200,1222200
2025-04-20,2025-05-03,MED-014,LOC-003,PROV-004,302,4200,1268400
2025-05-18,2025-05-31,MED-014,LOC-003,PROV-004,254,4200,1066800
2025-06-15,2025-06-28,MED-014,LOC-003,PROV-004,267,4200,1121400
2025-07-13,2025-07-24,MED-014,LOC-003,PROV-004,262,4200,1100400
2025-08-10,2025-08-22,MED-014,LOC-003,PROV-004,300,4200,1260000
2025-09-07,2025-09-18,MED-014,LOC-003,PROV-004,264,4200,1108800
2025-10-05,2025-10-14,MED-014,LOC-003,PROV-004,297,4200,1247400
2025-11-02,2025-11-12,MED-014,LOC-003,PROV-004,356,4200,1495200
2025-11-30,2025-12-13,MED-014,LOC-003,PROV-004,209,4200,877800
2025-12-28,2026-01-11,MED-014,LOC-003,PROV-004,34,4200,142800
2023-01-01,2023-01-13,MED-014,LOC-004,PROV-004,204,4200,856800
2023-01-29,2023-02-08,MED-014,LOC-004,PROV-004,201,4200,844200
2023-02-26,2023-03-11,MED-014,LOC-004,PROV-004,200,4200,840000
2023-03-26,2023-04-06,MED-014,LOC-004,PROV-004,183,4200,768600
2023-04-23,2023-05-03,MED-014,LOC-004,PROV-004,175,4200,735000
2023-05-21,2023-06-03,MED-014,LOC-004,PROV-004,210,4200,882000
2023-06-18,2023-07-01,MED-014,LOC-004,PROV-004,206,4200,865200
2023-07-16,2023-07-31,MED-014,LOC-004,PROV-004,184,4200,772800
2023-08-13,2023-08-24,MED-014,LOC-004,PROV-004,201,4200,844200
2023-09-10,2023-09-24,MED-014,LOC-004,PROV-004,229,4200,961800
2023-10-08,2023-10-20,MED-014,LOC-004,PROV-004,190,4200,798000
2023-11-05,2023-11-18,MED-014,LOC-004,PROV-004,204,4200,856800
2023-12-03,2023-12-17,MED-014,LOC-004,PROV-004,169,4200,709800
2023-12-31,2024-01-13,MED-014,LOC-004,PROV-004,203,4200,852600
2024-01-28,2024-02-10,MED-014,LOC-004,PROV-004,191,4200,802200
2024-02-25,2024-03-10,MED-014,LOC-004,PROV-004,204,4200,856800
2024-03-24,2024-04-07,MED-014,LOC-004,PROV-004,179,4200,751800
2024-04-21,2024-05-02,MED-014,LOC-004,PROV-004,232,4200,974400
2024-05-19,2024-06-02,MED-014,LOC-004,PROV-004,237,4200,995400
2024-06-16,2024-06-28,MED-014,LOC-004,PROV-004,216,4200,907200
2024-07-14,2024-07-25,MED-014,LOC-004,PROV-004,185,4200,777000
2024-08-11,2024-08-23,MED-014,LOC-004,PROV-004,228,4200,957600
2024-09-08,2024-09-23,MED-014,LOC-004,PROV-004,195,4200,819000
2024-10-06,2024-10-17,MED-014,LOC-004,PROV-004,232,4200,974400
2024-11-03,2024-11-16,MED-014,LOC-004,PROV-004,241,4200,1012200
2024-12-01,2024-12-13,MED-014,LOC-004,PROV-004,190,4200,798000
2024-12-29,2025-01-13,MED-014,LOC-004,PROV-004,206,4200,865200
2025-01-26,2025-02-05,MED-014,LOC-004,PROV-004,199,4200,835800
2025-02-23,2025-03-05,MED-014,LOC-004,PROV-004,250,4200,1050000
2025-03-23,2025-04-02,MED-014,LOC-004,PROV-004,200,4200,840000
2025-04-20,2025-05-02,MED-014,LOC-004,PROV-004,190,4200,798000
2025-05-18,2025-05-31,MED-014,LOC-004,PROV-004,223,4200,936600
2025-06-15,2025-06-25,MED-014,LOC-004,PROV-004,233,4200,978600
2025-07-13,2025-07-22,MED-014,LOC-004,PROV-004,189,4200,793800
2025-08-10,2025-08-21,MED-014,LOC-004,PROV-004,239,4200,1003800
2025-09-07,2025-09-21,MED-014,LOC-004,PROV-004,236,4200,991200
2025-10-05,2025-10-14,MED-014,LOC-004,PROV-004,236,4200,991200
2025-11-02,2025-11-13,MED-014,LOC-004,PROV-004,251,4200,1054200
2025-11-30,2025-12-13,MED-014,LOC-004,PROV-004,188,4200,789600
2025-12-28,2026-01-09,MED-014,LOC-004,PROV-004,29,4200,121800
2023-01-01,2023-01-13,MED-014,LOC-005,PROV-004,250,4200,1050000
2023-01-29,2023-02-08,MED-014,LOC-005,PROV-004,250,4200,1050000
2023-02-26,2023-03-10,MED-014,LOC-005,PROV-004,209,4200,877800
2023-03-26,2023-04-07,MED-014,LOC-005,PROV-004,207,4200,869400
2023-04-23,2023-05-06,MED-014,LOC-005,PROV-004,206,4200,865200
2023-05-21,2023-06-03,MED-014,LOC-005,PROV-004,253,4200,1062600
2023-06-18,2023-06-30,MED-014,LOC-005,PROV-004,234,4200,982800
2023-07-16,2023-07-29,MED-014,LOC-005,PROV-004,240,4200,1008000
2023-08-13,2023-08-23,MED-014,LOC-005,PROV-004,253,4200,1062600
2023-09-10,2023-09-21,MED-014,LOC-005,PROV-004,271,4200,1138200
2023-10-08,2023-10-21,MED-014,LOC-005,PROV-004,226,4200,949200
2023-11-05,2023-11-14,MED-014,LOC-005,PROV-004,259,4200,1087800
2023-12-03,2023-12-13,MED-014,LOC-005,PROV-004,213,4200,894600
2023-12-31,2024-01-11,MED-014,LOC-005,PROV-004,208,4200,873600
2024-01-28,2024-02-10,MED-014,LOC-005,PROV-004,244,4200,1024800
2024-02-25,2024-03-09,MED-014,LOC-005,PROV-004,219,4200,919800
2024-03-24,2024-04-03,MED-014,LOC-005,PROV-004,237,4200,995400
2024-04-21,2024-05-03,MED-014,LOC-005,PROV-004,262,4200,1100400
2024-05-19,2024-06-02,MED-014,LOC-005,PROV-004,240,4200,1008000
2024-06-16,2024-06-30,MED-014,LOC-005,PROV-004,219,4200,919800
2024-07-14,2024-07-23,MED-014,LOC-005,PROV-004,224,4200,940800
2024-08-11,2024-08-22,MED-014,LOC-005,PROV-004,229,4200,961800
2024-09-08,2024-09-21,MED-014,LOC-005,PROV-004,250,4200,1050000
2024-10-06,2024-10-20,MED-014,LOC-005,PROV-004,248,4200,1041600
2024-11-03,2024-11-14,MED-014,LOC-005,PROV-004,295,4200,1239000
2024-12-01,2024-12-13,MED-014,LOC-005,PROV-004,213,4200,894600
2024-12-29,2025-01-11,MED-014,LOC-005,PROV-004,262,4200,1100400
2025-01-26,2025-02-09,MED-014,LOC-005,PROV-004,242,4200,1016400
2025-02-23,2025-03-06,MED-014,LOC-005,PROV-004,312,4200,1310400
2025-03-23,2025-04-02,MED-014,LOC-005,PROV-004,252,4200,1058400
2025-04-20,2025-05-01,MED-014,LOC-005,PROV-004,268,4200,1125600
2025-05-18,2025-05-31,MED-014,LOC-005,PROV-004,227,4200,953400
2025-06-15,2025-06-24,MED-014,LOC-005,PROV-004,262,4200,1100400
2025-07-13,2025-07-24,MED-014,LOC-005,PROV-004,273,4200,1146600
2025-08-10,2025-08-23,MED-014,LOC-005,PROV-004,262,4200,1100400
2025-09-07,2025-09-18,MED-014,LOC-005,PROV-004,260,4200,1092000
2025-10-05,2025-10-17,MED-014,LOC-005,PROV-004,271,4200,1138200
2025-11-02,2025-11-14,MED-014,LOC-005,PROV-004,279,4200,1171800
2025-11-30,2025-12-12,MED-014,LOC-005,PROV-004,234,4200,982800
2025-12-28,2026-01-09,MED-014,LOC-005,PROV-004,31,4200,130200
2023-01-01,2023-01-11,MED-015,LOC-001,PROV-001,629,2600,1635400
2023-01-29,2023-02-10,MED-015,LOC-001,PROV-001,512,2600,1331200
2023-02-26,2023-03-11,MED-015,LOC-001,PROV-001,519,2600,1349400
2023-03-26,2023-04-08,MED-015,LOC-001,PROV-001,498,2600,1294800
2023-04-23,2023-05-05,MED-015,LOC-001,PROV-001,475,2600,1235000
2023-05-21,2023-06-02,MED-015,LOC-001,PROV-001,516,2600,1341600
2023-06-18,2023-06-28,MED-015,LOC-001,PROV-001,515,2600,1339000
2023-07-16,2023-07-27,MED-015,LOC-001,PROV-001,562,2600,1461200
2023-08-13,2023-08-27,MED-015,LOC-001,PROV-001,488,2600,1268800
2023-09-10,2023-09-19,MED-015,LOC-001,PROV-001,532,2600,1383200
2023-10-08,2023-10-18,MED-015,LOC-001,PROV-001,532,2600,1383200
2023-11-05,2023-11-16,MED-015,LOC-001,PROV-001,637,2600,1656200
2023-12-03,2023-12-13,MED-015,LOC-001,PROV-001,494,2600,1284400
2023-12-31,2024-01-13,MED-015,LOC-001,PROV-001,495,2600,1287000
2024-01-28,2024-02-07,MED-015,LOC-001,PROV-001,477,2600,1240200
2024-02-25,2024-03-06,MED-015,LOC-001,PROV-001,556,2600,1445600
2024-03-24,2024-04-03,MED-015,LOC-001,PROV-001,517,2600,1344200
2024-04-21,2024-05-02,MED-015,LOC-001,PROV-001,610,2600,1586000
2024-05-19,2024-05-29,MED-015,LOC-001,PROV-001,581,2600,1510600
2024-06-16,2024-06-27,MED-015,LOC-001,PROV-001,610,2600,1586000
2024-07-14,2024-07-25,MED-015,LOC-001,PROV-001,530,2600,1378000
2024-08-11,2024-08-22,MED-015,LOC-001,PROV-001,580,2600,1508000
2024-09-08,2024-09-20,MED-015,LOC-001,PROV-001,514,2600,1336400
2024-10-06,2024-10-16,MED-015,LOC-001,PROV-001,652,2600,1695200
2024-11-03,2024-11-16,MED-015,LOC-001,PROV-001,783,2600,2035800
2024-12-01,2024-12-11,MED-015,LOC-001,PROV-001,499,2600,1297400
2024-12-29,2025-01-10,MED-015,LOC-001,PROV-001,566,2600,1471600
2025-01-26,2025-02-07,MED-015,LOC-001,PROV-001,536,2600,1393600
2025-02-23,2025-03-06,MED-015,LOC-001,PROV-001,707,2600,1838200
2025-03-23,2025-04-02,MED-015,LOC-001,PROV-001,609,2600,1583400
2025-04-20,2025-05-01,MED-015,LOC-001,PROV-001,511,2600,1328600
2025-05-18,2025-05-29,MED-015,LOC-001,PROV-001,556,2600,1445600
2025-06-15,2025-06-28,MED-015,LOC-001,PROV-001,579,2600,1505400
2025-07-13,2025-07-26,MED-015,LOC-001,PROV-001,623,2600,1619800
2025-08-10,2025-08-20,MED-015,LOC-001,PROV-001,615,2600,1599000
2025-09-07,2025-09-19,MED-015,LOC-001,PROV-001,619,2600,1609400
2025-10-05,2025-10-15,MED-015,LOC-001,PROV-001,616,2600,1601600
2025-11-02,2025-11-13,MED-015,LOC-001,PROV-001,586,2600,1523600
2025-11-30,2025-12-13,MED-015,LOC-001,PROV-001,481,2600,1250600
2025-12-28,2026-01-08,MED-015,LOC-001,PROV-001,64,2600,166400
2023-01-01,2023-01-13,MED-015,LOC-002,PROV-001,446,2600,1159600
2023-01-29,2023-02-10,MED-015,LOC-002,PROV-001,388,2600,1008800
2023-02-26,2023-03-09,MED-015,LOC-002,PROV-001,397,2600,1032200
2023-03-26,2023-04-05,MED-015,LOC-002,PROV-001,361,2600,938600
2023-04-23,2023-05-04,MED-015,LOC-002,PROV-001,376,2600,977600
2023-05-21,2023-06-01,MED-015,LOC-002,PROV-001,411,2600,1068600
2023-06-18,2023-06-28,MED-015,LOC-002,PROV-001,402,2600,1045200
2023-07-16,2023-07-29,MED-015,LOC-002,PROV-001,375,2600,975000
2023-08-13,2023-08-27,MED-015,LOC-002,PROV-001,434,2600,1128400
2023-09-10,2023-09-22,MED-015,LOC-002,PROV-001,433,2600,1125800
2023-10-08,2023-10-17,MED-015,LOC-002,PROV-001,421,2600,1094600
2023-11-05,2023-11-18,MED-015,LOC-002,PROV-001,446,2600,1159600
2023-12-03,2023-12-14,MED-015,LOC-002,PROV-001,374,2600,972400
2023-12-31,2024-01-10,MED-015,LOC-002,PROV-001,409,2600,1063400
2024-01-28,2024-02-07,MED-015,LOC-002,PROV-001,434,2600,1128400
2024-02-25,2024-03-08,MED-015,LOC-002,PROV-001,485,2600,1261000
2024-03-24,2024-04-06,MED-015,LOC-002,PROV-001,421,2600,1094600
2024-04-21,2024-05-02,MED-015,LOC-002,PROV-001,433,2600,1125800
2024-05-19,2024-06-01,MED-015,LOC-002,PROV-001,484,2600,1258400
2024-06-16,2024-06-25,MED-015,LOC-002,PROV-001,441,2600,1146600
2024-07-14,2024-07-23,MED-015,LOC-002,PROV-001,430,2600,1118000
2024-08-11,2024-08-22,MED-015,LOC-002,PROV-001,415,2600,1079000
2024-09-08,2024-09-21,MED-015,LOC-002,PROV-001,418,2600,1086800
2024-10-06,2024-10-17,MED-015,LOC-002,PROV-001,403,2600,1047800
2024-11-03,2024-11-13,MED-015,LOC-002,PROV-001,523,2600,1359800
2024-12-01,2024-12-13,MED-015,LOC-002,PROV-001,320,2600,832000
2024-12-29,2025-01-10,MED-015,LOC-002,PROV-001,454,2600,1180400
2025-01-26,2025-02-05,MED-015,LOC-002,PROV-001,417,2600,1084200
2025-02-23,2025-03-05,MED-015,LOC-002,PROV-001,563,2600,1463800
2025-03-23,2025-04-03,MED-015,LOC-002,PROV-001,389,2600,1011400
2025-04-20,2025-05-02,MED-015,LOC-002,PROV-001,431,2600,1120600
2025-05-18,2025-05-28,MED-015,LOC-002,PROV-001,429,2600,1115400
2025-06-15,2025-06-27,MED-015,LOC-002,PROV-001,385,2600,1001000
2025-07-13,2025-07-25,MED-015,LOC-002,PROV-001,410,2600,1066000
2025-08-10,2025-08-23,MED-015,LOC-002,PROV-001,403,2600,1047800
2025-09-07,2025-09-18,MED-015,LOC-002,PROV-001,419,2600,1089400
2025-10-05,2025-10-17,MED-015,LOC-002,PROV-001,447,2600,1162200
2025-11-02,2025-11-13,MED-015,LOC-002,PROV-001,480,2600,1248000
2025-11-30,2025-12-10,MED-015,LOC-002,PROV-001,394,2600,1024400
2025-12-28,2026-01-08,MED-015,LOC-002,PROV-001,49,2600,127400
2023-01-01,2023-01-15,MED-015,LOC-003,PROV-001,305,2600,793000
2023-01-29,2023-02-07,MED-015,LOC-003,PROV-001,269,2600,699400
2023-02-26,2023-03-09,MED-015,LOC-003,PROV-001,308,2600,800800
2023-03-26,2023-04-06,MED-015,LOC-003,PROV-001,294,2600,764400
2023-04-23,2023-05-04,MED-015,LOC-003,PROV-001,302,2600,785200
2023-05-21,2023-06-03,MED-015,LOC-003,PROV-001,284,2600,738400
2023-06-18,2023-06-29,MED-015,LOC-003,PROV-001,285,2600,741000
2023-07-16,2023-07-27,MED-015,LOC-003,PROV-001,335,2600,871000
2023-08-13,2023-08-25,MED-015,LOC-003,PROV-001,293,2600,761800
2023-09-10,2023-09-21,MED-015,LOC-003,PROV-001,311,2600,808600
2023-10-08,2023-10-20,MED-015,LOC-003,PROV-001,304,2600,790400
2023-11-05,2023-11-17,MED-015,LOC-003,PROV-001,392,2600,1019200
2023-12-03,2023-12-14,MED-015,LOC-003,PROV-001,287,2600,746200
2023-12-31,2024-01-13,MED-015,LOC-003,PROV-001,345,2600,897000
2024-01-28,2024-02-11,MED-015,LOC-003,PROV-001,357,2600,928200
2024-02-25,2024-03-06,MED-015,LOC-003,PROV-001,298,2600,774800
2024-03-24,2024-04-04,MED-015,LOC-003,PROV-001,349,2600,907400
2024-04-21,2024-05-02,MED-015,LOC-003,PROV-001,324,2600,842400
2024-05-19,2024-05-28,MED-015,LOC-003,PROV-001,369,2600,959400
2024-06-16,2024-06-28,MED-015,LOC-003,PROV-001,315,2600,819000
2024-07-14,2024-07-24,MED-015,LOC-003,PROV-001,333,2600,865800
2024-08-11,2024-08-22,MED-015,LOC-003,PROV-001,355,2600,923000
2024-09-08,2024-09-17,MED-015,LOC-003,PROV-001,337,2600,876200
2024-10-06,2024-10-15,MED-015,LOC-003,PROV-001,384,2600,998400
2024-11-03,2024-11-12,MED-015,LOC-003,PROV-001,394,2600,1024400
2024-12-01,2024-12-12,MED-015,LOC-003,PROV-001,285,2600,741000
2024-12-29,2025-01-12,MED-015,LOC-003,PROV-001,350,2600,910000
2025-01-26,2025-02-06,MED-015,LOC-003,PROV-001,281,2600,730600
2025-02-23,2025-03-06,MED-015,LOC-003,PROV-001,418,2600,1086800
2025-03-23,2025-04-02,MED-015,LOC-003,PROV-001,355,2600,923000
2025-04-20,2025-05-01,MED-015,LOC-003,PROV-001,326,2600,847600
2025-05-18,2025-05-29,MED-015,LOC-003,PROV-001,309,2600,803400
2025-06-15,2025-06-28,MED-015,LOC-003,PROV-001,328,2600,852800
2025-07-13,2025-07-25,MED-015,LOC-003,PROV-001,336,2600,873600
2025-08-10,2025-08-22,MED-015,LOC-003,PROV-001,340,2600,884000
2025-09-07,2025-09-19,MED-015,LOC-003,PROV-001,327,2600,850200
2025-10-05,2025-10-14,MED-015,LOC-003,PROV-001,340,2600,884000
2025-11-02,2025-11-12,MED-015,LOC-003,PROV-001,400,2600,1040000
2025-11-30,2025-12-12,MED-015,LOC-003,PROV-001,264,2600,686400
2025-12-28,2026-01-08,MED-015,LOC-003,PROV-001,44,2600,114400
2023-01-01,2023-01-11,MED-015,LOC-004,PROV-001,275,2600,715000
2023-01-29,2023-02-09,MED-015,LOC-004,PROV-001,212,2600,551200
2023-02-26,2023-03-08,MED-015,LOC-004,PROV-001,209,2600,543400
2023-03-26,2023-04-07,MED-015,LOC-004,PROV-001,241,2600,626600
2023-04-23,2023-05-05,MED-015,LOC-004,PROV-001,213,2600,553800
2023-05-21,2023-06-01,MED-015,LOC-004,PROV-001,244,2600,634400
2023-06-18,2023-06-28,MED-015,LOC-004,PROV-001,256,2600,665600
2023-07-16,2023-07-28,MED-015,LOC-004,PROV-001,251,2600,652600
2023-08-13,2023-08-24,MED-015,LOC-004,PROV-001,235,2600,611000
2023-09-10,2023-09-21,MED-015,LOC-004,PROV-001,265,2600,689000
2023-10-08,2023-10-19,MED-015,LOC-004,PROV-001,271,2600,704600
2023-11-05,2023-11-15,MED-015,LOC-004,PROV-001,249,2600,647400
2023-12-03,2023-12-15,MED-015,LOC-004,PROV-001,204,2600,530400
2023-12-31,2024-01-12,MED-015,LOC-004,PROV-001,271,2600,704600
2024-01-28,2024-02-07,MED-015,LOC-004,PROV-001,244,2600,634400
2024-02-25,2024-03-08,MED-015,LOC-004,PROV-001,250,2600,650000
2024-03-24,2024-04-05,MED-015,LOC-004,PROV-001,228,2600,592800
2024-04-21,2024-05-02,MED-015,LOC-004,PROV-001,242,2600,629200
2024-05-19,2024-05-30,MED-015,LOC-004,PROV-001,248,2600,644800
2024-06-16,2024-06-26,MED-015,LOC-004,PROV-001,218,2600,566800
2024-07-14,2024-07-25,MED-015,LOC-004,PROV-001,278,2600,722800
2024-08-11,2024-08-20,MED-015,LOC-004,PROV-001,233,2600,605800
2024-09-08,2024-09-19,MED-015,LOC-004,PROV-001,274,2600,712400
2024-10-06,2024-10-17,MED-015,LOC-004,PROV-001,237,2600,616200
2024-11-03,2024-11-13,MED-015,LOC-004,PROV-001,285,2600,741000
2024-12-01,2024-12-12,MED-015,LOC-004,PROV-001,209,2600,543400
2024-12-29,2025-01-08,MED-015,LOC-004,PROV-001,252,2600,655200
2025-01-26,2025-02-06,MED-015,LOC-004,PROV-001,260,2600,676000
2025-02-23,2025-03-06,MED-015,LOC-004,PROV-001,325,2600,845000
2025-03-23,2025-04-05,MED-015,LOC-004,PROV-001,283,2600,735800
2025-04-20,2025-05-02,MED-015,LOC-004,PROV-001,231,2600,600600
2025-05-18,2025-05-29,MED-015,LOC-004,PROV-001,277,2600,720200
2025-06-15,2025-06-24,MED-015,LOC-004,PROV-001,239,2600,621400
2025-07-13,2025-07-27,MED-015,LOC-004,PROV-001,281,2600,730600
2025-08-10,2025-08-23,MED-015,LOC-004,PROV-001,261,2600,678600
2025-09-07,2025-09-18,MED-015,LOC-004,PROV-001,258,2600,670800
2025-10-05,2025-10-16,MED-015,LOC-004,PROV-001,253,2600,657800
2025-11-02,2025-11-12,MED-015,LOC-004,PROV-001,263,2600,683800
2025-11-30,2025-12-10,MED-015,LOC-004,PROV-001,212,2600,551200
2025-12-28,2026-01-07,MED-015,LOC-004,PROV-001,37,2600,96200
2023-01-01,2023-01-11,MED-015,LOC-005,PROV-001,300,2600,780000
2023-01-29,2023-02-06,MED-015,LOC-005,PROV-001,296,2600,769600
2023-02-26,2023-03-10,MED-015,LOC-005,PROV-001,253,2600,657800
2023-03-26,2023-04-07,MED-015,LOC-005,PROV-001,267,2600,694200
2023-04-23,2023-05-06,MED-015,LOC-005,PROV-001,255,2600,663000
2023-05-21,2023-06-01,MED-015,LOC-005,PROV-001,276,2600,717600
2023-06-18,2023-06-27,MED-015,LOC-005,PROV-001,253,2600,657800
2023-07-16,2023-07-28,MED-015,LOC-005,PROV-001,261,2600,678600
2023-08-13,2023-08-26,MED-015,LOC-005,PROV-001,279,2600,725400
2023-09-10,2023-09-19,MED-015,LOC-005,PROV-001,270,2600,702000
2023-10-08,2023-10-17,MED-015,LOC-005,PROV-001,290,2600,754000
2023-11-05,2023-11-14,MED-015,LOC-005,PROV-001,305,2600,793000
2023-12-03,2023-12-14,MED-015,LOC-005,PROV-001,217,2600,564200
2023-12-31,2024-01-09,MED-015,LOC-005,PROV-001,330,2600,858000
2024-01-28,2024-02-10,MED-015,LOC-005,PROV-001,276,2600,717600
2024-02-25,2024-03-06,MED-015,LOC-005,PROV-001,299,2600,777400
2024-03-24,2024-04-03,MED-015,LOC-005,PROV-001,275,2600,715000
2024-04-21,2024-05-04,MED-015,LOC-005,PROV-001,325,2600,845000
2024-05-19,2024-05-29,MED-015,LOC-005,PROV-001,325,2600,845000
2024-06-16,2024-06-28,MED-015,LOC-005,PROV-001,313,2600,813800
2024-07-14,2024-07-24,MED-015,LOC-005,PROV-001,296,2600,769600
2024-08-11,2024-08-22,MED-015,LOC-005,PROV-001,274,2600,712400
2024-09-08,2024-09-16,MED-015,LOC-005,PROV-001,263,2600,683800
2024-10-06,2024-10-16,MED-015,LOC-005,PROV-001,318,2600,826800
2024-11-03,2024-11-15,MED-015,LOC-005,PROV-001,332,2600,863200
2024-12-01,2024-12-13,MED-015,LOC-005,PROV-001,238,2600,618800
2024-12-29,2025-01-09,MED-015,LOC-005,PROV-001,257,2600,668200
2025-01-26,2025-02-07,MED-015,LOC-005,PROV-001,296,2600,769600
2025-02-23,2025-03-08,MED-015,LOC-005,PROV-001,328,2600,852800
2025-03-23,2025-04-02,MED-015,LOC-005,PROV-001,315,2600,819000
2025-04-20,2025-05-03,MED-015,LOC-005,PROV-001,311,2600,808600
2025-05-18,2025-05-28,MED-015,LOC-005,PROV-001,323,2600,839800
2025-06-15,2025-06-24,MED-015,LOC-005,PROV-001,283,2600,735800
2025-07-13,2025-07-23,MED-015,LOC-005,PROV-001,303,2600,787800
2025-08-10,2025-08-20,MED-015,LOC-005,PROV-001,300,2600,780000
2025-09-07,2025-09-18,MED-015,LOC-005,PROV-001,299,2600,777400
2025-10-05,2025-10-17,MED-015,LOC-005,PROV-001,326,2600,847600
2025-11-02,2025-11-13,MED-015,LOC-005,PROV-001,306,2600,795600
2025-11-30,2025-12-09,MED-015,LOC-005,PROV-001,284,2600,738400
2025-12-28,2026-01-08,MED-015,LOC-005,PROV-001,38,2600,98800
